image_identifier,label_index,class_name,resnet50_linear_prediction_index,resnet50_linear_prediction_class,resnet50_linear_confidence,vit_b_16_linear_prediction_index,vit_b_16_linear_prediction_class,vit_b_16_linear_confidence,clip_linear_prediction_index,clip_linear_prediction_class,clip_linear_confidence,clip_zero_shot_prediction_index,clip_zero_shot_prediction_class,clip_zero_shot_confidence
train_00000,1,bird,1,bird,0.9918944042861014,1,bird,0.9999086126990935,1,bird,0.26687408216919256,1,bird,0.9884477055085992
train_00001,5,dog,5,dog,0.9727642678643438,5,dog,0.9994433548389524,5,dog,0.36907845486114416,5,dog,0.8287233854585615
train_00002,1,bird,1,bird,0.9571819980165867,1,bird,0.999498300681979,1,bird,0.20370980841110584,1,bird,0.9640296804114128
train_00003,6,horse,6,horse,0.920317089975389,6,horse,0.8047883491127579,6,horse,0.21162379081326854,6,horse,0.9146974288257854
train_00004,3,cat,3,cat,0.9947554823028851,3,cat,0.9994164142273843,3,cat,0.38236477451614304,3,cat,0.9883398799386834
train_00005,9,truck,9,truck,0.9535639384219314,9,truck,0.9816981955021313,9,truck,0.24424760400806692,9,truck,0.6366979880405255
train_00006,7,monkey,7,monkey,0.9501777732382878,7,monkey,0.9993474564494053,7,monkey,0.27447998351733266,7,monkey,0.9143097482050436
train_00007,4,deer,4,deer,0.7855544015433,4,deer,0.9946138630791613,4,deer,0.4058296045408626,4,deer,0.9953597307659132
train_00008,5,dog,5,dog,0.9423565122475903,5,dog,0.9945740616031811,3,cat,0.22190848484802225,3,cat,0.7869638073136719
train_00009,8,ship,8,ship,0.9865603157420382,8,ship,0.9997534148044147,8,ship,0.4567171650299003,8,ship,0.997644348187817
train_00010,0,airplane,0,airplane,0.9477038199393258,0,airplane,0.9968537893470457,0,airplane,0.32931912239478445,0,airplane,0.7601100991604784
train_00011,6,horse,6,horse,0.9943456316862106,6,horse,0.9987914212456707,6,horse,0.3668550861274232,6,horse,0.9993479446831319
train_00012,0,airplane,0,airplane,0.9955443917113485,0,airplane,0.9951538930505156,0,airplane,0.3005476532863025,0,airplane,0.8842211254590076
train_00013,8,ship,8,ship,0.934548825965994,8,ship,0.9974351742242422,8,ship,0.303500764801078,8,ship,0.995193983913842
train_00015,6,horse,6,horse,0.9266863412564095,6,horse,0.9945548932075542,6,horse,0.30525748160607236,6,horse,0.9953995650161954
train_00016,4,deer,4,deer,0.6376620951544161,4,deer,0.884965165548657,4,deer,0.16273751608566786,7,monkey,0.7219563895600105
train_00017,6,horse,6,horse,0.9410758025895748,6,horse,0.97641202576162,6,horse,0.29168639146953274,6,horse,0.9980542925631941
train_00018,2,car,2,car,0.9894298515110235,2,car,0.9980438762308411,2,car,0.30173790253635524,2,car,0.9723667727179837
train_00019,2,car,2,car,0.9862943887124925,2,car,0.9953132501956712,2,car,0.4031136090681673,2,car,0.9750262004617801
train_00020,1,bird,1,bird,0.9999332395375568,1,bird,0.9998593697107756,1,bird,0.4198280394246197,1,bird,0.999058244774867
train_00021,1,bird,1,bird,0.999262582801773,1,bird,0.9975698534325443,1,bird,0.375288346623485,1,bird,0.9975643870787195
train_00022,6,horse,6,horse,0.9963614475322741,6,horse,0.9990857836281845,6,horse,0.3819268443141668,6,horse,0.9965924562191016
train_00023,2,car,2,car,0.9930907360631869,2,car,0.9973343367013666,2,car,0.3364475098687253,2,car,0.9743735436649396
train_00025,8,ship,8,ship,0.8406276347045835,8,ship,0.9910661374516684,8,ship,0.41944111495353753,8,ship,0.9990420846756368
train_00026,5,dog,5,dog,0.992851625109472,5,dog,0.9934374732173081,5,dog,0.34983293757644013,5,dog,0.9567849319624919
train_00028,5,dog,5,dog,0.9650997150225838,5,dog,0.9906811158690585,5,dog,0.3412054978846434,5,dog,0.9827634071657736
train_00030,0,airplane,0,airplane,0.9705857251528542,0,airplane,0.9995835685793174,0,airplane,0.366054989070612,0,airplane,0.9777266575276791
train_00031,0,airplane,0,airplane,0.9712657023075927,0,airplane,0.9996704675272468,0,airplane,0.3972562170566081,0,airplane,0.9728464914877677
train_00032,0,airplane,0,airplane,0.902820171504412,0,airplane,0.9805734916338195,0,airplane,0.18137520230502033,8,ship,0.6697717284836245
train_00033,1,bird,1,bird,0.9873317093638406,1,bird,0.9964429558921416,1,bird,0.289444861691242,1,bird,0.9960775817619808
train_00034,3,cat,3,cat,0.9955042086387494,3,cat,0.9997614646962409,3,cat,0.3481038316376944,3,cat,0.8977483666002632
train_00035,6,horse,6,horse,0.9911584740500103,6,horse,0.9968426606328644,6,horse,0.27870477273326016,6,horse,0.9650782479742103
train_00036,7,monkey,7,monkey,0.9953729270230781,7,monkey,0.9998060449571523,7,monkey,0.3847743220323143,7,monkey,0.9995455291078602
train_00037,2,car,2,car,0.9836266915016965,2,car,0.9998045299253628,2,car,0.2990505692220026,2,car,0.9524764725800446
train_00038,1,bird,1,bird,0.9986722845406554,1,bird,0.999949819925322,1,bird,0.31185381639568144,1,bird,0.9971366453896485
train_00040,1,bird,1,bird,0.9523036410215286,1,bird,0.9990216490752568,1,bird,0.2191512831363007,1,bird,0.9568810374219581
train_00041,6,horse,6,horse,0.9849681886249033,6,horse,0.9996467554758377,6,horse,0.36933768726965227,6,horse,0.994309315829371
train_00043,3,cat,3,cat,0.9919523280788464,3,cat,0.9874772651237579,3,cat,0.24220349869927604,3,cat,0.49702826871151473
train_00044,7,monkey,7,monkey,0.9187050214968494,7,monkey,0.9993078085278523,7,monkey,0.4208029010644964,7,monkey,0.9995041869633318
train_00045,4,deer,4,deer,0.8988438661197212,4,deer,0.9767028327083808,4,deer,0.4447973906692034,4,deer,0.9970590129358876
train_00046,3,cat,3,cat,0.938572349703095,3,cat,0.9998265532307513,3,cat,0.29495734471192814,3,cat,0.97339519218359
train_00047,0,airplane,0,airplane,0.9668895338088054,0,airplane,0.9139403098389512,0,airplane,0.3355589453799411,0,airplane,0.9060682680348592
train_00048,6,horse,6,horse,0.9622534421024913,6,horse,0.9962168163122748,6,horse,0.3453886995059215,6,horse,0.9982887872677603
train_00049,7,monkey,7,monkey,0.9715774192015625,7,monkey,0.999192722636968,7,monkey,0.402185379497964,7,monkey,0.99967685681627
train_00050,6,horse,6,horse,0.9986125799208707,6,horse,0.9964582197467681,6,horse,0.28386303894698073,6,horse,0.9865206647774251
train_00051,5,dog,5,dog,0.9868722890185939,5,dog,0.968496992670888,5,dog,0.32900167997483204,5,dog,0.9722337022424151
train_00054,6,horse,6,horse,0.9974760817357478,6,horse,0.9878892240166429,6,horse,0.39335169944604076,6,horse,0.9971011130350136
train_00055,1,bird,1,bird,0.9730780873689042,1,bird,0.8532534848530395,1,bird,0.22691154263022026,1,bird,0.9936423176601616
train_00056,3,cat,3,cat,0.9825504403238988,3,cat,0.9999904252135484,3,cat,0.317853606581477,3,cat,0.9419328555009321
train_00057,6,horse,6,horse,0.9919865333485053,6,horse,0.9960391720372079,6,horse,0.36448504578597485,6,horse,0.9960555582222407
train_00060,2,car,2,car,0.9511139357500361,2,car,0.9993114485979541,2,car,0.30865053960721744,2,car,0.8994862661105049
train_00061,9,truck,9,truck,0.9849617930223452,9,truck,0.9699896873520921,9,truck,0.2526474538845695,9,truck,0.9128529260524171
train_00062,9,truck,9,truck,0.9956030257387303,9,truck,0.9991724289657624,9,truck,0.39683174983022135,9,truck,0.9911923434484481
train_00063,5,dog,5,dog,0.9787315140500846,5,dog,0.9960096955029716,5,dog,0.3340387607620676,5,dog,0.9653254088870754
train_00064,1,bird,1,bird,0.99896027296515,1,bird,0.9985859613529634,1,bird,0.3844990715361404,1,bird,0.9973929403396751
train_00065,7,monkey,7,monkey,0.9636186056273288,7,monkey,0.9996563371239215,7,monkey,0.21112651752130643,7,monkey,0.874736682797532
train_00066,8,ship,8,ship,0.9912012301768883,8,ship,0.999478556489206,8,ship,0.4824667171527381,8,ship,0.9967417286722862
train_00067,7,monkey,7,monkey,0.9628217500146729,7,monkey,0.9890401424055231,7,monkey,0.3334135530346001,7,monkey,0.9970588272455587
train_00068,8,ship,8,ship,0.9033968068190161,8,ship,0.9179530969538863,8,ship,0.3255354804892133,8,ship,0.9969980032642916
train_00069,8,ship,8,ship,0.9976104111054714,8,ship,0.9998826460020798,8,ship,0.5063501944801186,8,ship,0.9956929844112777
train_00070,9,truck,9,truck,0.995957187102631,9,truck,0.9972911325478867,9,truck,0.3028072893603347,9,truck,0.9843985273230118
train_00073,0,airplane,0,airplane,0.9925084822214015,0,airplane,0.9964256064331036,0,airplane,0.3242459396475093,0,airplane,0.959443809584283
train_00074,2,car,2,car,0.9687082954109636,2,car,0.9947482862750664,2,car,0.28679882957799663,2,car,0.8167540162794685
train_00075,5,dog,5,dog,0.9855352040938453,5,dog,0.8488187435322891,5,dog,0.3405803866852122,5,dog,0.9915726365802332
train_00076,5,dog,5,dog,0.9403532079094258,5,dog,0.9786519013889232,5,dog,0.3058054809728041,5,dog,0.9232286270455149
train_00077,7,monkey,7,monkey,0.9747673209241577,7,monkey,0.9892221622842109,7,monkey,0.4264991326762171,7,monkey,0.9998443426742599
train_00078,8,ship,8,ship,0.9492146025304208,8,ship,0.9959685317077064,8,ship,0.3618265947341488,8,ship,0.9942839395581732
train_00080,5,dog,5,dog,0.9971594819741598,5,dog,0.9975850425591747,5,dog,0.38919722566938003,5,dog,0.9091472490396856
train_00081,0,airplane,0,airplane,0.9870090948515104,0,airplane,0.9998568156524728,0,airplane,0.33113241658593534,0,airplane,0.8967535253805476
train_00083,3,cat,3,cat,0.9747149405381086,3,cat,0.9867657854462455,3,cat,0.1680015846605173,4,deer,0.728534588288515
train_00084,2,car,2,car,0.9984437296310502,2,car,0.9988811969149484,2,car,0.3068794654930167,2,car,0.9895586580230862
train_00085,9,truck,9,truck,0.9606113207664227,9,truck,0.9628460728751029,9,truck,0.15454354583792948,8,ship,0.45519691566981446
train_00088,8,ship,8,ship,0.9316633213121565,8,ship,0.9911516933970038,8,ship,0.34726195584356184,8,ship,0.9982219717349862
train_00090,7,monkey,7,monkey,0.9905534289282516,7,monkey,0.9996549996590145,7,monkey,0.4073999406903216,7,monkey,0.9997591049970331
train_00092,6,horse,6,horse,0.9640805124150916,6,horse,0.9998720819028747,6,horse,0.3584302143072483,6,horse,0.9989641814390785
train_00093,6,horse,6,horse,0.9538984520918938,6,horse,0.9941692835960209,6,horse,0.3462802007891124,6,horse,0.9967518169732807
train_00094,6,horse,6,horse,0.9955756032679163,6,horse,0.9955757511464339,6,horse,0.41079893951198004,6,horse,0.9953250883933855
train_00095,1,bird,1,bird,0.9997891956874484,1,bird,0.9987911609841915,1,bird,0.3399619656383527,1,bird,0.9931521611562066
train_00096,0,airplane,0,airplane,0.9697719486747804,0,airplane,0.9965498935587753,0,airplane,0.3680342666164351,0,airplane,0.9773019019797341
train_00098,0,airplane,0,airplane,0.9347511458328444,0,airplane,0.9967482584524705,0,airplane,0.3535014146444545,0,airplane,0.93203559290802
train_00099,5,dog,5,dog,0.9570569225708676,5,dog,0.9951553101162912,5,dog,0.34755364169928726,5,dog,0.9769279499687741
train_00100,2,car,2,car,0.9988438604841585,2,car,0.9948766824163748,2,car,0.31015604600244634,2,car,0.9898665297656245
train_00101,7,monkey,7,monkey,0.9060772185476413,7,monkey,0.995598825103323,7,monkey,0.34599991822198944,7,monkey,0.992422536408134
train_00102,1,bird,1,bird,0.9950459106709963,1,bird,0.9972367635679549,1,bird,0.27911162274484796,1,bird,0.944645008897261
train_00103,0,airplane,0,airplane,0.873121164802399,0,airplane,0.9858841865353503,0,airplane,0.3124441891371347,0,airplane,0.9593573474366152
train_00104,0,airplane,0,airplane,0.9963070827404961,0,airplane,0.9998938918295432,0,airplane,0.39840779359968753,0,airplane,0.9630789909973708
train_00105,8,ship,8,ship,0.976367981802561,8,ship,0.9989549081744727,8,ship,0.3992163709065482,8,ship,0.993411173827215
train_00106,0,airplane,0,airplane,0.9574289016423738,0,airplane,0.9991334693747399,0,airplane,0.40214050529432405,0,airplane,0.9806289666304787
train_00107,4,deer,4,deer,0.977818311776945,4,deer,0.9921991023804392,4,deer,0.4506474951909736,4,deer,0.9934320209899318
train_00108,2,car,2,car,0.9892437518240499,2,car,0.9927158630392727,2,car,0.33609730951858724,2,car,0.9557453831602452
train_00109,4,deer,4,deer,0.972205655960933,4,deer,0.9988107334278249,4,deer,0.47200014044461336,4,deer,0.998928466623263
train_00111,2,car,2,car,0.9828947729946212,2,car,0.9999513111458104,2,car,0.3374673355986344,2,car,0.9788339914335733
train_00112,4,deer,4,deer,0.9889439406692063,4,deer,0.9956437878606906,4,deer,0.32933500747048716,4,deer,0.9932922225824439
train_00113,5,dog,5,dog,0.9916243351359353,5,dog,0.9890907685855055,5,dog,0.36796189103979987,5,dog,0.9234940468465659
train_00117,4,deer,4,deer,0.5790967574702878,4,deer,0.6012099051256807,4,deer,0.29706309404984654,4,deer,0.8720972467768032
train_00119,0,airplane,0,airplane,0.9861779108475952,0,airplane,0.9989687804522489,0,airplane,0.3449356925318249,0,airplane,0.9903716742866367
train_00120,5,dog,5,dog,0.9435473767049825,5,dog,0.7045082914917923,5,dog,0.1802936111410098,6,horse,0.5332394710576505
train_00121,2,car,2,car,0.9842766596269908,2,car,0.999412839966671,2,car,0.3015136950253736,2,car,0.9745138935776212
train_00122,5,dog,5,dog,0.9836401969716924,5,dog,0.9983227474187115,5,dog,0.30936634477117403,5,dog,0.9152453050309443
train_00124,0,airplane,0,airplane,0.9388949597596786,0,airplane,0.9952991518038256,0,airplane,0.3542483545184569,0,airplane,0.9572656306924785
train_00125,5,dog,5,dog,0.9978324901780959,5,dog,0.9938001097445303,5,dog,0.2766934248212923,5,dog,0.8756252757259771
train_00126,3,cat,3,cat,0.9905044116306928,3,cat,0.9999336326928627,3,cat,0.3052191738539389,3,cat,0.715889212632881
train_00127,3,cat,3,cat,0.9173484339596394,3,cat,0.9578311221434337,1,bird,0.21004030598990506,1,bird,0.9375151710231395
train_00128,6,horse,6,horse,0.9896979764872674,6,horse,0.9994191903758719,6,horse,0.36417725393677497,6,horse,0.9991552965651597
train_00129,3,cat,3,cat,0.9860372684066911,3,cat,0.9996498746998149,3,cat,0.272421549200699,3,cat,0.43953728213506554
train_00130,6,horse,6,horse,0.9509989794131344,6,horse,0.9913930410488865,6,horse,0.3427990312683637,6,horse,0.9929427116741641
train_00131,4,deer,4,deer,0.9842882993715049,4,deer,0.9979780367969612,4,deer,0.28246400450178705,4,deer,0.9904385982433557
train_00132,8,ship,8,ship,0.9899213920239037,8,ship,0.996716920055894,8,ship,0.45137245088784084,8,ship,0.9941632529106013
train_00133,3,cat,3,cat,0.8578604187610211,3,cat,0.9573594051403912,3,cat,0.20232355504037766,7,monkey,0.5468482031369434
train_00134,1,bird,1,bird,0.9809386987713045,1,bird,0.9965005411190193,1,bird,0.290391413239697,1,bird,0.996954385108296
train_00135,3,cat,3,cat,0.8036423897705172,3,cat,0.8372653036314447,3,cat,0.2657588406114879,3,cat,0.8813985447470079
train_00136,7,monkey,7,monkey,0.9207598499405729,7,monkey,0.9964872834810663,7,monkey,0.29167605194015034,7,monkey,0.9526404330229691
train_00137,4,deer,4,deer,0.8903436337524181,4,deer,0.9978021000118114,4,deer,0.37419114962770056,4,deer,0.9992866127807979
train_00138,6,horse,6,horse,0.9670755901191226,6,horse,0.9955018934541062,6,horse,0.2802873832195886,6,horse,0.9979657986036702
train_00139,0,airplane,0,airplane,0.9661481968506335,0,airplane,0.997750741500549,0,airplane,0.3933545976869388,0,airplane,0.9462949029041473
train_00140,9,truck,9,truck,0.9912941761913646,9,truck,0.9990177155587854,9,truck,0.3217997129514843,9,truck,0.9909768557509617
train_00143,9,truck,9,truck,0.9728239071426511,9,truck,0.9436865792366284,9,truck,0.19231570441664506,9,truck,0.7689022477352327
train_00144,2,car,2,car,0.995850364316382,2,car,0.9999668397146422,2,car,0.3345815681474285,2,car,0.9824681733345428
train_00145,8,ship,8,ship,0.9898733496082135,8,ship,0.9998911585755597,8,ship,0.4971969057448132,8,ship,0.9955668252488501
train_00148,1,bird,1,bird,0.8948997012034421,1,bird,0.9924210739213769,1,bird,0.33569735041270304,1,bird,0.9969103645970971
train_00149,9,truck,9,truck,0.9128043646330507,9,truck,0.94392568363996,9,truck,0.2690473965597963,9,truck,0.8992537725307485
train_00150,8,ship,8,ship,0.9914065063844986,8,ship,0.9999580864841155,8,ship,0.4822239423408104,8,ship,0.9964495759784705
train_00151,2,car,2,car,0.9962745722013481,2,car,0.999902150859243,2,car,0.3547631495968726,2,car,0.9868461195153637
train_00152,0,airplane,0,airplane,0.9876217066435777,0,airplane,0.9998839634770516,0,airplane,0.38117809178467454,0,airplane,0.9714322117734425
train_00153,1,bird,1,bird,0.9982264715776826,1,bird,0.999856388203743,1,bird,0.28450391174015954,1,bird,0.9911890896907167
train_00154,2,car,2,car,0.9940310635448361,2,car,0.9938081753631103,2,car,0.2842553936044834,2,car,0.9526330404598168
train_00155,7,monkey,7,monkey,0.9773297070609516,7,monkey,0.996993566629109,7,monkey,0.3470574528587557,7,monkey,0.958581287629936
train_00158,8,ship,8,ship,0.9907995007864618,8,ship,0.9991343205743607,8,ship,0.4167345613774589,8,ship,0.9871156609540808
train_00159,7,monkey,7,monkey,0.9367628808263148,7,monkey,0.9765905588087589,7,monkey,0.3740290365683284,7,monkey,0.9992850535767384
train_00160,2,car,2,car,0.9995262984652212,2,car,0.9996412355883032,2,car,0.3700445364318426,2,car,0.9649144783471597
train_00161,2,car,2,car,0.9876289962416123,2,car,0.9928929177188092,2,car,0.3128989213461506,2,car,0.9775606264829438
train_00162,7,monkey,7,monkey,0.9772030215705629,7,monkey,0.9946117891679437,7,monkey,0.40906493457887777,7,monkey,0.9994825180453263
train_00163,8,ship,8,ship,0.9605503665601182,8,ship,0.9931209914091285,8,ship,0.435400657163168,8,ship,0.9936794066147351
train_00164,8,ship,8,ship,0.9350374780195321,8,ship,0.8658869846353422,8,ship,0.17823908453969617,8,ship,0.674367426677687
train_00165,9,truck,9,truck,0.9935357770655011,9,truck,0.9987964588732513,9,truck,0.2759375133499252,9,truck,0.9218830622258517
train_00166,2,car,2,car,0.9856405452700548,2,car,0.9929891444753711,2,car,0.39380231093698,2,car,0.9960775976129155
train_00167,7,monkey,7,monkey,0.9660759737255543,7,monkey,0.9929388685961507,7,monkey,0.38512743463013394,7,monkey,0.9995114797239982
train_00168,4,deer,4,deer,0.8975969257162597,4,deer,0.9981157117269165,4,deer,0.38512106706373805,4,deer,0.9991942018293898
train_00169,3,cat,3,cat,0.9911851927441643,3,cat,0.9999661998219588,3,cat,0.2628347214882616,3,cat,0.7675250452374168
train_00170,5,dog,5,dog,0.9733173605259449,5,dog,0.9688947426374591,5,dog,0.3409998464542186,5,dog,0.9782832712877154
train_00171,6,horse,6,horse,0.9915835798328821,6,horse,0.9929960940407513,6,horse,0.3548595280788073,6,horse,0.9989571525934552
train_00172,7,monkey,7,monkey,0.963101819638151,7,monkey,0.9985135682332903,7,monkey,0.45196465960585375,7,monkey,0.9996080548624896
train_00173,1,bird,1,bird,0.9821955473567916,1,bird,0.997820635280992,1,bird,0.3062892783411253,1,bird,0.9966484505731302
train_00175,9,truck,9,truck,0.9951263001705837,9,truck,0.9995279307329001,9,truck,0.37650622612741474,9,truck,0.9873930689501033
train_00177,9,truck,9,truck,0.9692926445685501,9,truck,0.9951288610672704,9,truck,0.3639377734077336,9,truck,0.9914039272532564
train_00178,2,car,2,car,0.9282302463109383,2,car,0.8641305455188252,2,car,0.19272629744920663,9,truck,0.5344395328476458
train_00179,7,monkey,7,monkey,0.9358929862252318,7,monkey,0.9926004283356826,7,monkey,0.3871118300081016,7,monkey,0.9987931064242023
train_00180,9,truck,9,truck,0.9807102306214913,9,truck,0.9992520117964414,9,truck,0.41377232163719957,9,truck,0.9939137346374327
train_00181,4,deer,4,deer,0.9694012985029725,4,deer,0.9015248463672709,4,deer,0.33120881996235646,4,deer,0.9935874110327942
train_00182,1,bird,1,bird,0.9990130530051542,1,bird,0.9995631054497394,1,bird,0.36796298414119266,1,bird,0.9951465841484481
train_00183,0,airplane,0,airplane,0.9794174700130486,0,airplane,0.9958495830868819,0,airplane,0.33923464246274115,0,airplane,0.8121358108887184
train_00184,4,deer,4,deer,0.9588713176269164,4,deer,0.9934960386300562,4,deer,0.4582051488997467,4,deer,0.9978700598570763
train_00185,4,deer,4,deer,0.9543111196489276,4,deer,0.9875876408468137,4,deer,0.39859186730250634,4,deer,0.9865312300587561
train_00186,2,car,2,car,0.9984046150895264,2,car,0.9999527019027498,2,car,0.44561583321764436,2,car,0.9860580624490465
train_00187,4,deer,4,deer,0.9848752893791844,4,deer,0.9893055841372321,4,deer,0.3931792577408842,4,deer,0.9993670102485671
train_00188,4,deer,4,deer,0.9888193861346654,4,deer,0.9987184847274593,4,deer,0.4267119747435459,4,deer,0.9993752700437056
train_00189,6,horse,6,horse,0.9958421674464086,6,horse,0.9996295263831757,6,horse,0.42743327701161715,6,horse,0.9965793841403852
train_00190,7,monkey,7,monkey,0.8876912792300987,7,monkey,0.9979234633915165,5,dog,0.1605804518024571,4,deer,0.7796236606517729
train_00192,3,cat,3,cat,0.9643144815388733,3,cat,0.9966561087902456,3,cat,0.2659897785221954,4,deer,0.5446864053408418
train_00193,1,bird,1,bird,0.9941111286715747,1,bird,0.9997276364674148,1,bird,0.4072687203996932,1,bird,0.997854631699983
train_00194,3,cat,3,cat,0.9279421256192179,3,cat,0.9860178177445148,3,cat,0.29557327106467446,3,cat,0.9726811364242763
train_00195,5,dog,5,dog,0.9956986774030977,5,dog,0.9422396002486905,5,dog,0.2982975912208362,5,dog,0.8906532765475683
train_00197,2,car,2,car,0.9904156185375145,2,car,0.9998523215353101,2,car,0.2863463290470789,2,car,0.969502039473368
train_00199,7,monkey,7,monkey,0.9879895567658024,7,monkey,0.998656274492437,7,monkey,0.38720862716340426,7,monkey,0.9970730459338538
train_00200,0,airplane,0,airplane,0.9450437409372069,0,airplane,0.9978758072438574,0,airplane,0.3530033176082208,0,airplane,0.9445114697000102
train_00201,4,deer,4,deer,0.9605298776437317,4,deer,0.9957581295167601,4,deer,0.43431232288891586,4,deer,0.9992184888196399
train_00202,7,monkey,7,monkey,0.971753122344459,7,monkey,0.9921950606357641,7,monkey,0.4077768354244944,7,monkey,0.999888088304151
train_00203,0,airplane,0,airplane,0.9660856860988023,0,airplane,0.9986290122592347,0,airplane,0.29106155006704454,0,airplane,0.8476164210273974
train_00204,7,monkey,7,monkey,0.9572188576283506,7,monkey,0.9949364391044682,7,monkey,0.3811848168926286,7,monkey,0.9997805235416966
train_00206,0,airplane,0,airplane,0.9487949491193576,0,airplane,0.9778169960741985,0,airplane,0.2769021066085959,0,airplane,0.7985416686538026
train_00207,7,monkey,7,monkey,0.9907357069321747,7,monkey,0.9998768215953766,7,monkey,0.42272652424535617,7,monkey,0.9998310016662474
train_00208,1,bird,1,bird,0.9889778106930283,1,bird,0.9992611872390247,1,bird,0.3330892771886389,1,bird,0.9960941077851374
train_00210,2,car,2,car,0.9775955217431088,2,car,0.9954884600701566,2,car,0.2987297536561961,2,car,0.9832712512152291
train_00211,7,monkey,7,monkey,0.9458428312161679,7,monkey,0.9923301131592875,7,monkey,0.3829858476094625,7,monkey,0.9998326303143947
train_00212,6,horse,6,horse,0.9996635207351477,6,horse,0.9995373778638309,6,horse,0.3863600695813983,6,horse,0.9916666280786414
train_00214,5,dog,5,dog,0.9563655260076893,5,dog,0.9619826351219611,5,dog,0.33988162748566264,5,dog,0.9869888170706101
train_00215,5,dog,5,dog,0.9946179728900323,5,dog,0.822269127449045,5,dog,0.2744648399693775,5,dog,0.9740164681367269
train_00216,2,car,2,car,0.9954593107940337,2,car,0.9994971157097758,2,car,0.39671637388734177,2,car,0.9758171215877373
train_00217,6,horse,6,horse,0.9977568781447715,6,horse,0.9992983722625466,6,horse,0.3607740578706993,6,horse,0.9920598430475905
train_00218,9,truck,9,truck,0.968377375962489,9,truck,0.9984113693809946,9,truck,0.36606634257373083,9,truck,0.9971201372535659
train_00219,7,monkey,7,monkey,0.9707683337226579,7,monkey,0.9863213127512243,7,monkey,0.3557601827512608,7,monkey,0.9994866400947146
train_00220,5,dog,5,dog,0.9769361461569828,5,dog,0.9948590280680552,5,dog,0.29289167534133276,5,dog,0.930486063914033
train_00221,5,dog,5,dog,0.9837853784672,5,dog,0.993864789515573,5,dog,0.3063494873560936,5,dog,0.9621669640296772
train_00223,1,bird,1,bird,0.9988321719645398,1,bird,0.9977763881841953,1,bird,0.2631283246465791,1,bird,0.9891526452748484
train_00224,4,deer,4,deer,0.9856821169107124,4,deer,0.9995382444164836,4,deer,0.35627376707649794,4,deer,0.9991557702544439
train_00225,8,ship,8,ship,0.9313359949270278,8,ship,0.985622215535739,8,ship,0.4292231262278794,8,ship,0.9941618534473562
train_00226,8,ship,8,ship,0.9898572252376545,8,ship,0.9998079423543105,8,ship,0.44690286709632177,8,ship,0.9894757140830489
train_00228,5,dog,5,dog,0.9522267673225642,5,dog,0.9897314049944005,5,dog,0.3486433709837642,5,dog,0.9613271205325615
train_00229,6,horse,6,horse,0.9897250050546027,6,horse,0.992346128034766,6,horse,0.384672063088933,6,horse,0.9984824535068235
train_00232,4,deer,4,deer,0.9364094905934177,4,deer,0.9810112398239981,4,deer,0.3589399714363896,4,deer,0.9883868183542776
train_00233,4,deer,4,deer,0.865063857079622,4,deer,0.9699905823028008,4,deer,0.3727496625985535,4,deer,0.9969988931975474
train_00234,2,car,2,car,0.9959193913399536,2,car,0.9981430125653001,2,car,0.28699062642962686,2,car,0.9132331207204327
train_00236,0,airplane,0,airplane,0.9506944537159835,0,airplane,0.9883773887981249,0,airplane,0.37682851630714354,0,airplane,0.9041646658254011
train_00237,4,deer,4,deer,0.9374579182558366,4,deer,0.9981377391910925,4,deer,0.4051371983359353,4,deer,0.9984049194232496
train_00240,7,monkey,7,monkey,0.970813904029923,7,monkey,0.9976280304550081,7,monkey,0.18019995659428695,7,monkey,0.4405640929502417
train_00242,3,cat,3,cat,0.9761204047377702,3,cat,0.9995999902468686,3,cat,0.321006452658555,3,cat,0.7897312423527805
train_00243,8,ship,8,ship,0.9675257338661579,8,ship,0.9998152542685262,8,ship,0.4544976241625577,8,ship,0.9989821722649562
train_00244,1,bird,1,bird,0.9855656920802337,1,bird,0.9987154114654302,1,bird,0.3162923265677127,1,bird,0.992798763435898
train_00246,0,airplane,0,airplane,0.9888138794502167,0,airplane,0.9991042930275646,0,airplane,0.3032580153397122,0,airplane,0.9467942356098131
train_00247,8,ship,8,ship,0.9819094379771549,8,ship,0.9943441251334559,8,ship,0.4152797909905151,8,ship,0.9964935962804357
train_00248,5,dog,5,dog,0.9784533261620874,5,dog,0.9985672961862835,5,dog,0.320037856632354,5,dog,0.8703387757728454
train_00249,1,bird,1,bird,0.9936634529802283,1,bird,0.9997805077435289,1,bird,0.25235170107124155,1,bird,0.9891552051382501
train_00250,7,monkey,7,monkey,0.9448767761397434,7,monkey,0.9980281413212778,7,monkey,0.3431277123794199,7,monkey,0.9992841877707097
train_00252,9,truck,9,truck,0.9694667715552743,9,truck,0.9981696385741488,9,truck,0.31567508617597734,9,truck,0.9754202062004582
train_00253,9,truck,9,truck,0.9082152845074987,9,truck,0.9975743390836727,9,truck,0.2768927401548785,9,truck,0.8862205257735117
train_00254,4,deer,4,deer,0.9218323231316177,4,deer,0.995639200505695,4,deer,0.23174943956392163,4,deer,0.9938040202972631
train_00255,1,bird,1,bird,0.998651064175374,1,bird,0.9998764988415688,1,bird,0.4361657711760658,1,bird,0.998995226225656
train_00256,1,bird,1,bird,0.9972493935615934,1,bird,0.998963209853206,1,bird,0.34263004130795577,1,bird,0.9937779603069324
train_00257,0,airplane,0,airplane,0.9338598832000626,0,airplane,0.9951205532373428,0,airplane,0.280115629644114,0,airplane,0.9434594906238304
train_00258,4,deer,4,deer,0.993142442374406,4,deer,0.994327566479172,4,deer,0.4050283288518798,4,deer,0.9992622758478734
train_00259,2,car,2,car,0.9981075075916949,2,car,0.9999932901325634,2,car,0.4142527280961375,2,car,0.9955580481898595
train_00260,8,ship,8,ship,0.9935836341136207,8,ship,0.9993639262552113,8,ship,0.4275338415677309,8,ship,0.9963565393652787
train_00261,9,truck,9,truck,0.9768537006535128,9,truck,0.9982862122419389,9,truck,0.3860515229303449,9,truck,0.9937240989903259
train_00262,0,airplane,0,airplane,0.895811297822246,0,airplane,0.9653878064840837,0,airplane,0.3461203158747092,0,airplane,0.9688980294615396
train_00263,7,monkey,7,monkey,0.9880528214817316,7,monkey,0.9996638414531475,7,monkey,0.3498211118794862,7,monkey,0.9992958878474376
train_00264,6,horse,6,horse,0.8670607022826778,6,horse,0.8541872783375083,6,horse,0.264165848512724,6,horse,0.9914690725125068
train_00265,4,deer,4,deer,0.9170586489660382,4,deer,0.8811519461658783,4,deer,0.2724540448522239,4,deer,0.9752637327288882
train_00266,8,ship,8,ship,0.978034894318958,8,ship,0.9998802305773552,8,ship,0.43533101736998153,8,ship,0.9979047277330872
train_00267,8,ship,8,ship,0.9605195765986594,8,ship,0.9901830989225956,8,ship,0.34081612137829553,8,ship,0.9926182386385435
train_00268,7,monkey,7,monkey,0.9850789210610847,7,monkey,0.9883983343509766,7,monkey,0.4009398139826766,7,monkey,0.9994248618804504
train_00269,4,deer,4,deer,0.9519256457558899,4,deer,0.8416500587876211,4,deer,0.369463149385098,4,deer,0.9987817542256188
train_00270,5,dog,5,dog,0.954592439987242,5,dog,0.9994243267625307,5,dog,0.33620121773093237,5,dog,0.9728761613187246
train_00271,6,horse,6,horse,0.5669233726069273,6,horse,0.890513527177641,6,horse,0.29368998812803604,6,horse,0.9962388708264642
train_00272,4,deer,4,deer,0.9476552561377658,4,deer,0.9978537425935452,4,deer,0.32354216668688596,4,deer,0.9929981225378177
train_00273,8,ship,8,ship,0.9940940864452655,8,ship,0.9966804453766609,8,ship,0.48673543162870486,8,ship,0.9955941332819208
train_00274,8,ship,8,ship,0.9930377752662702,8,ship,0.9991920325977752,8,ship,0.40861114271271437,8,ship,0.9958608102937221
train_00275,6,horse,6,horse,0.9989286393319449,6,horse,0.9998510324272135,6,horse,0.3540037972564667,6,horse,0.9978133351286701
train_00277,1,bird,1,bird,0.9588192354307118,1,bird,0.9986262241960671,1,bird,0.25772392905610486,1,bird,0.9875780521952138
train_00279,7,monkey,7,monkey,0.9970215811583617,7,monkey,0.9997666371943917,7,monkey,0.2019309724123609,7,monkey,0.7575238074583018
train_00280,3,cat,3,cat,0.9687084628427678,3,cat,0.9990046668622549,3,cat,0.26857201407058917,3,cat,0.9462218246774955
train_00281,1,bird,1,bird,0.9349622219378577,1,bird,0.9889377947172199,1,bird,0.27041470774662674,1,bird,0.9774246891640044
train_00282,7,monkey,7,monkey,0.9581448602099875,7,monkey,0.999087310861125,5,dog,0.16574297268126562,5,dog,0.6008430339788909
train_00283,7,monkey,7,monkey,0.8557156157231608,7,monkey,0.9998072712934636,7,monkey,0.3268439983557324,7,monkey,0.9996656353936654
train_00284,4,deer,4,deer,0.9651528951841118,4,deer,0.9905631054015372,4,deer,0.31218130012564066,4,deer,0.9969713117416061
train_00285,7,monkey,7,monkey,0.9731381369147432,7,monkey,0.9975665873521333,7,monkey,0.3665030456261988,7,monkey,0.9989876256554924
train_00286,2,car,2,car,0.9777037161913804,2,car,0.9991131433474231,2,car,0.3502613931872366,2,car,0.9650039862565486
train_00287,2,car,2,car,0.9940284904918846,2,car,0.9999688028359044,2,car,0.3849318352094125,2,car,0.9784344550147144
train_00289,1,bird,1,bird,0.9976867593222438,1,bird,0.9972371738097031,1,bird,0.24410625294154178,1,bird,0.9814694203950407
train_00290,3,cat,3,cat,0.9538358972969725,3,cat,0.9990524228472649,3,cat,0.3448148844004755,3,cat,0.8861990734429769
train_00291,6,horse,6,horse,0.9982069772128076,6,horse,0.999678228296755,6,horse,0.2535429796640952,6,horse,0.9732411031953832
train_00292,1,bird,1,bird,0.866504019273678,1,bird,0.8870245673212475,1,bird,0.20854932631270998,1,bird,0.9798719080815561
train_00293,4,deer,4,deer,0.9529670934890982,4,deer,0.8385509621874,4,deer,0.1479831003094025,4,deer,0.6381134758404102
train_00294,6,horse,6,horse,0.8769155029690352,6,horse,0.9352028350993465,6,horse,0.2772966678847895,6,horse,0.9870971307635781
train_00295,7,monkey,7,monkey,0.9490686640415849,7,monkey,0.996717897462965,7,monkey,0.28880693765992244,7,monkey,0.9981357153811004
train_00296,0,airplane,0,airplane,0.9826555551291137,0,airplane,0.9981541345558765,0,airplane,0.35702493747305813,0,airplane,0.8833312991826413
train_00298,5,dog,5,dog,0.9555879173849885,5,dog,0.9483536181446763,5,dog,0.21335182024597477,5,dog,0.7446238373629229
train_00299,8,ship,8,ship,0.812883329519577,8,ship,0.9658631856145498,8,ship,0.33203131260215357,8,ship,0.9992963429189841
train_00300,0,airplane,0,airplane,0.9236809414450818,0,airplane,0.997024128595338,0,airplane,0.3494249051811731,0,airplane,0.9839857536609423
train_00301,2,car,2,car,0.997940513609607,2,car,0.9999620713841563,2,car,0.38230922346243335,2,car,0.9836223824801875
train_00302,3,cat,3,cat,0.9786311450571452,3,cat,0.9870464220003909,3,cat,0.2300658790903892,4,deer,0.864991771327924
train_00305,5,dog,5,dog,0.9925493037999116,5,dog,0.9931489429690823,5,dog,0.31128909009567435,5,dog,0.9229594713019189
train_00306,9,truck,9,truck,0.9777177483014082,9,truck,0.9924821548525662,9,truck,0.3023503290165918,9,truck,0.9543775449108097
train_00307,2,car,2,car,0.701869213940572,2,car,0.8527185465269016,2,car,0.33662046225918874,2,car,0.9735516656658342
train_00308,6,horse,6,horse,0.9997786498047183,6,horse,0.9995648369901688,6,horse,0.3879953986193646,6,horse,0.9978975594584334
train_00309,3,cat,3,cat,0.9892528028489924,3,cat,0.9966155826768398,3,cat,0.28083734736561483,3,cat,0.9526319051507104
train_00310,1,bird,1,bird,0.9998948987479586,1,bird,0.9992967006369915,1,bird,0.3657242436046193,1,bird,0.9977239027027818
train_00312,7,monkey,7,monkey,0.9653345139275032,7,monkey,0.9977327795857975,7,monkey,0.2994378555172587,7,monkey,0.998976320898251
train_00315,5,dog,5,dog,0.9752324437359741,5,dog,0.9967769973159888,5,dog,0.3191682202593595,5,dog,0.974720036158634
train_00316,5,dog,5,dog,0.9864223753258939,5,dog,0.9994543528956736,5,dog,0.34839374610126045,5,dog,0.9693806157984538
train_00317,5,dog,5,dog,0.9941118850650147,5,dog,0.9843387818239727,5,dog,0.3054200522190072,5,dog,0.9612461220274142
train_00319,9,truck,9,truck,0.9752596940070246,9,truck,0.9972012735925816,9,truck,0.38163553818613094,9,truck,0.9963924719553809
train_00324,0,airplane,0,airplane,0.9884033843990168,0,airplane,0.9993317933075933,0,airplane,0.3699736111499227,0,airplane,0.9374280378298449
train_00325,3,cat,3,cat,0.9869817178259213,3,cat,0.9501753129968511,3,cat,0.28318361384644447,7,monkey,0.5535197645139617
train_00326,3,cat,3,cat,0.99846569155931,3,cat,0.9874442823990623,3,cat,0.2992090937848588,3,cat,0.9738303221351694
train_00327,3,cat,3,cat,0.9341234662414756,3,cat,0.9995113135492296,3,cat,0.225156412274167,3,cat,0.42251126764023855
train_00328,0,airplane,0,airplane,0.9837799016774718,0,airplane,0.9990957446517035,0,airplane,0.3293637269147601,0,airplane,0.8040888440508509
train_00329,5,dog,5,dog,0.9603037063804906,5,dog,0.9417708027556076,5,dog,0.2737200849139908,5,dog,0.9561185926645125
train_00330,0,airplane,0,airplane,0.766004154288081,0,airplane,0.9684443423710682,8,ship,0.23265148287699244,8,ship,0.9687070657292561
train_00331,9,truck,9,truck,0.9427374410222272,9,truck,0.9160436540260252,9,truck,0.20528749375765326,9,truck,0.8201583070421282
train_00332,2,car,2,car,0.9952420573578912,2,car,0.9998229286468289,2,car,0.3927298614384658,2,car,0.9833041366371539
train_00335,1,bird,1,bird,0.9963705820603569,1,bird,0.9984403643953937,1,bird,0.3597739021605689,1,bird,0.994612831865275
train_00336,2,car,2,car,0.9966822850554123,2,car,0.9916531235076047,2,car,0.2289427056351954,2,car,0.7202669722431362
train_00338,7,monkey,7,monkey,0.9783888659403532,7,monkey,0.9890317834331277,7,monkey,0.32462566497352774,7,monkey,0.9861383957077094
train_00339,1,bird,1,bird,0.9991636300759826,1,bird,0.999949395883304,1,bird,0.35144803794407203,1,bird,0.9985212267491348
train_00340,0,airplane,0,airplane,0.9893011214902008,0,airplane,0.9999062959411857,0,airplane,0.35826590152728416,0,airplane,0.8160472481675866
train_00341,8,ship,8,ship,0.9731017297550398,8,ship,0.9938399266482382,8,ship,0.42940766332222124,8,ship,0.9929959123467333
train_00342,8,ship,8,ship,0.9952575328186134,8,ship,0.9961880421400109,8,ship,0.4636344741748045,8,ship,0.9989400907656444
train_00343,0,airplane,0,airplane,0.9727591625353664,0,airplane,0.9909073474018932,0,airplane,0.3579130443796069,0,airplane,0.9293221198362388
train_00344,0,airplane,0,airplane,0.9874236017984774,0,airplane,0.99682514876957,0,airplane,0.4167988945636008,0,airplane,0.9918893872402389
train_00345,3,cat,3,cat,0.8950947255250613,3,cat,0.996681283202507,3,cat,0.26525937068349237,3,cat,0.480938244601228
train_00346,8,ship,8,ship,0.9873880509913369,8,ship,0.9998495979365052,8,ship,0.4050049654613719,8,ship,0.9985927567719156
train_00347,3,cat,3,cat,0.49367163482392923,3,cat,0.9981841749302657,3,cat,0.26075499138163616,3,cat,0.9646465460582563
train_00348,0,airplane,0,airplane,0.9535068389783549,0,airplane,0.9969855686314669,0,airplane,0.36093421694225386,0,airplane,0.9622566844827651
train_00349,3,cat,3,cat,0.847222980102607,3,cat,0.9794057102921075,3,cat,0.3250242334112032,3,cat,0.8501764090478569
train_00354,0,airplane,0,airplane,0.9549154917415752,0,airplane,0.996238911524726,0,airplane,0.3968670542249676,0,airplane,0.966549146416387
train_00355,8,ship,8,ship,0.9678058592299744,8,ship,0.9435999871508405,8,ship,0.2866948673859147,8,ship,0.9694915595993278
train_00356,8,ship,8,ship,0.9925370995589524,8,ship,0.9993876688834291,8,ship,0.4121612148955587,8,ship,0.99708154624804
train_00357,6,horse,6,horse,0.9992156274455548,6,horse,0.9957996772967491,6,horse,0.3617652066193087,6,horse,0.9924960668909788
train_00358,6,horse,6,horse,0.9897699903538963,6,horse,0.9977615392682098,6,horse,0.35496277914539637,6,horse,0.9985939725748092
train_00360,6,horse,6,horse,0.9885992333247057,6,horse,0.9966058891763356,6,horse,0.2505907472262673,6,horse,0.846270121065737
train_00361,9,truck,9,truck,0.9554149622059014,9,truck,0.9954914165042154,9,truck,0.38060422559237295,9,truck,0.9883283507341227
train_00363,7,monkey,7,monkey,0.9971048691894014,7,monkey,0.999873771207619,7,monkey,0.393070236312937,7,monkey,0.9996845068318896
train_00364,8,ship,8,ship,0.9827011929998949,8,ship,0.9984006645746005,8,ship,0.42622817424813936,8,ship,0.9986878367165517
train_00367,7,monkey,7,monkey,0.9559379793061387,7,monkey,0.9977356667931397,7,monkey,0.2834236500354758,7,monkey,0.9860033834680522
train_00368,0,airplane,0,airplane,0.9518139162157665,0,airplane,0.970403418598392,0,airplane,0.42463014430375595,0,airplane,0.9890872035435134
train_00369,1,bird,1,bird,0.9959866088875462,1,bird,0.9967846629118811,1,bird,0.3805180628651393,1,bird,0.997524561324772
train_00370,8,ship,8,ship,0.9952152688782476,8,ship,0.9944344095269464,8,ship,0.43575013127128354,8,ship,0.9929302660385706
train_00372,1,bird,1,bird,0.995545633452783,1,bird,0.9999394595808033,1,bird,0.3261239583750888,1,bird,0.9972116870391201
train_00373,1,bird,1,bird,0.9983111190636283,1,bird,0.9999172623691585,1,bird,0.3966106396976282,1,bird,0.9991661876185373
train_00374,2,car,2,car,0.9860215564452588,2,car,0.9998907178947435,2,car,0.36425115349288073,2,car,0.9948260265083085
train_00375,8,ship,8,ship,0.9762847896656638,8,ship,0.994467123957195,8,ship,0.3772463015066392,8,ship,0.995555816472829
train_00377,3,cat,3,cat,0.9921969899613152,3,cat,0.9985016459215549,3,cat,0.29718043289256013,3,cat,0.8528749523724821
train_00378,5,dog,5,dog,0.9477589069167945,5,dog,0.990091270008547,5,dog,0.29211614432502436,5,dog,0.9720609012824943
train_00379,7,monkey,7,monkey,0.9659546420886918,7,monkey,0.9972584149827843,7,monkey,0.35271925331379816,7,monkey,0.9986738732752167
train_00380,1,bird,1,bird,0.9938545403043025,1,bird,0.9997468139861813,1,bird,0.414556876255222,1,bird,0.9986542868828356
train_00382,4,deer,4,deer,0.9485905472437582,4,deer,0.9972657713970972,4,deer,0.2354634333294723,4,deer,0.804477451137542
train_00383,5,dog,5,dog,0.939184305521893,5,dog,0.9984206046146125,5,dog,0.35182767832097345,5,dog,0.9730077033646392
train_00384,1,bird,1,bird,0.9754663020964187,1,bird,0.9463405523367072,1,bird,0.28501758998514554,1,bird,0.9869042860213992
train_00385,6,horse,6,horse,0.9406633862724877,6,horse,0.9809509126289752,6,horse,0.23960706349974326,6,horse,0.9926190943599655
train_00386,6,horse,6,horse,0.9972612216226197,6,horse,0.9908359282197394,6,horse,0.30919195355387885,6,horse,0.9867730126423445
train_00387,6,horse,6,horse,0.9555225431484846,6,horse,0.9953658433975155,6,horse,0.26065890249741347,6,horse,0.9285159321860423
train_00388,4,deer,4,deer,0.966413678799708,4,deer,0.9997842313517129,4,deer,0.3356273481855123,4,deer,0.9940438142324279
train_00389,7,monkey,7,monkey,0.9624532619854774,7,monkey,0.9969871874911298,7,monkey,0.1510138848370999,4,deer,0.28971476897944615
train_00390,6,horse,6,horse,0.9985729177649316,6,horse,0.9997582392581146,6,horse,0.3584578598414914,6,horse,0.9990727460757574
train_00391,0,airplane,0,airplane,0.99568458141425,0,airplane,0.9997378359967722,0,airplane,0.3700594740782438,0,airplane,0.9634209650289803
train_00392,8,ship,8,ship,0.705063852515892,8,ship,0.9841351614474918,8,ship,0.44059348319766795,8,ship,0.9944340048439511
train_00393,5,dog,5,dog,0.9865559780508313,5,dog,0.9989180251953123,5,dog,0.3553566142203405,5,dog,0.9480862312446906
train_00394,4,deer,4,deer,0.9912674830785347,4,deer,0.9998451428971304,4,deer,0.3482269385123638,4,deer,0.9975155015036407
train_00395,8,ship,8,ship,0.9822846122522196,8,ship,0.9622741534812331,8,ship,0.3910862960715145,8,ship,0.9900885170292849
train_00396,9,truck,9,truck,0.9894583682810965,9,truck,0.9983034991246963,9,truck,0.25727764772273254,9,truck,0.9358512574564146
train_00397,0,airplane,0,airplane,0.9340954540159158,0,airplane,0.9961846153754514,0,airplane,0.3263597083214736,0,airplane,0.8007269428346285
train_00398,2,car,2,car,0.988300791643174,2,car,0.9982669521977416,2,car,0.3247339031153748,2,car,0.9677952897910422
train_00399,6,horse,6,horse,0.9998351160381754,6,horse,0.9982547842805674,6,horse,0.3206797093341837,6,horse,0.9818752624663125
train_00400,2,car,2,car,0.9764206238447871,2,car,0.9884730292561622,2,car,0.19213783065378776,2,car,0.8241908406188211
train_00401,7,monkey,7,monkey,0.9680910476158767,7,monkey,0.9977489383191277,7,monkey,0.31858895169198753,7,monkey,0.9993361261428527
train_00403,9,truck,9,truck,0.9881634766009334,9,truck,0.9974631051948658,9,truck,0.38675076603483766,9,truck,0.9923731077321863
train_00405,6,horse,6,horse,0.9973193125765277,6,horse,0.9963637392153328,6,horse,0.2805499118739617,6,horse,0.9938564604288109
train_00406,3,cat,3,cat,0.9614867162757169,3,cat,0.9992257993865599,3,cat,0.3438560927441967,3,cat,0.971623708866495
train_00407,5,dog,5,dog,0.9954505729766631,5,dog,0.9973341224942471,5,dog,0.3440073110045826,5,dog,0.9763600984889602
train_00408,0,airplane,0,airplane,0.9844716223281196,0,airplane,0.9999956250840112,0,airplane,0.43584040366600546,0,airplane,0.9747791722158428
train_00409,5,dog,5,dog,0.8931185090657936,5,dog,0.9771383591397241,5,dog,0.22642690079709588,5,dog,0.9308838819154438
train_00410,4,deer,4,deer,0.9628870435486048,4,deer,0.999215969333872,4,deer,0.36887413132966534,4,deer,0.9965838382867959
train_00411,7,monkey,7,monkey,0.9875953663925486,7,monkey,0.993859787258912,7,monkey,0.3842883657638284,7,monkey,0.9975350210012003
train_00412,0,airplane,0,airplane,0.9551235931662512,0,airplane,0.990972770424457,0,airplane,0.34164148219958784,0,airplane,0.9068134469199404
train_00413,7,monkey,7,monkey,0.9581794240279458,7,monkey,0.9991164131925834,7,monkey,0.31600878617329337,7,monkey,0.9967920765181789
train_00414,9,truck,9,truck,0.9862523306327,9,truck,0.9984412160772436,9,truck,0.33571381086325053,9,truck,0.9906787896999997
train_00415,6,horse,6,horse,0.967091316232613,6,horse,0.9995636000254035,6,horse,0.35410368819981547,6,horse,0.9930060574238374
train_00416,1,bird,1,bird,0.9971123722942148,1,bird,0.9993160753703018,1,bird,0.4094232402844023,1,bird,0.9984952142517859
train_00417,8,ship,8,ship,0.9944512544945333,8,ship,0.9964452888771201,8,ship,0.4390986168030354,8,ship,0.997056996803421
train_00418,2,car,2,car,0.9911493318854155,2,car,0.9457343257970983,2,car,0.32444098432151713,2,car,0.9401832597386521
train_00419,2,car,2,car,0.992249203329703,2,car,0.9994151568465186,2,car,0.35076927401786806,2,car,0.9935592964721415
train_00420,2,car,2,car,0.9886690183187762,2,car,0.9999400351216642,2,car,0.40367045132908813,2,car,0.9879107490392374
train_00421,1,bird,1,bird,0.9978960205474312,1,bird,0.9999415651026003,1,bird,0.35473233321840064,1,bird,0.998217243059043
train_00422,0,airplane,0,airplane,0.997765766268239,0,airplane,0.9993036538003354,0,airplane,0.35104261856760993,0,airplane,0.9891027420754988
train_00424,5,dog,5,dog,0.9719702474530704,5,dog,0.9931496738707667,5,dog,0.3069769214680321,5,dog,0.9280565734202421
train_00425,1,bird,1,bird,0.9467112939512774,1,bird,0.9968228018188972,1,bird,0.37744670738331404,1,bird,0.9961464456264713
train_00426,9,truck,9,truck,0.957624366284243,9,truck,0.9976866808008938,9,truck,0.3796730644243642,9,truck,0.9892630564237807
train_00427,2,car,2,car,0.9964610610773961,2,car,0.999947590197676,2,car,0.3828838373404266,2,car,0.9821005696862862
train_00428,7,monkey,7,monkey,0.8808859856840668,7,monkey,0.9944449322721804,7,monkey,0.2960133399414497,7,monkey,0.5948773928892226
train_00430,0,airplane,0,airplane,0.9958885627085862,0,airplane,0.9977480024357446,0,airplane,0.38185907019967796,0,airplane,0.9511400016055811
train_00431,9,truck,9,truck,0.9868258264821472,9,truck,0.9998132848976001,9,truck,0.2597514486787117,9,truck,0.7632674563755558
train_00432,1,bird,1,bird,0.93117346144792,1,bird,0.9877084075788619,1,bird,0.37390209631102744,1,bird,0.9980949452085803
train_00434,4,deer,4,deer,0.9426315293829308,4,deer,0.9856390409987491,4,deer,0.34853744476778564,4,deer,0.9984745805646096
train_00436,5,dog,5,dog,0.9437070537062977,5,dog,0.9875159450742957,3,cat,0.2148189092068793,5,dog,0.7488756922519225
train_00437,0,airplane,0,airplane,0.9260547039890098,0,airplane,0.8508152021437714,0,airplane,0.31168927868709234,0,airplane,0.5490923568549347
train_00438,6,horse,6,horse,0.9798513092150176,6,horse,0.9981684232538791,6,horse,0.2996072334262642,6,horse,0.9983520999773614
train_00439,2,car,2,car,0.9992678344880793,2,car,0.9992178958855691,2,car,0.36176843344864046,2,car,0.9908516231085842
train_00440,7,monkey,7,monkey,0.9838709472883997,7,monkey,0.9994168598617489,7,monkey,0.24483025561715588,7,monkey,0.9153948863133226
train_00441,2,car,2,car,0.9981879811369532,2,car,0.9999499828752527,2,car,0.38287029139925455,2,car,0.9781292274101783
train_00444,0,airplane,0,airplane,0.9781280236466063,0,airplane,0.9990273677815686,0,airplane,0.3748286395147229,0,airplane,0.9053571247307204
train_00445,5,dog,5,dog,0.9660447838952507,5,dog,0.9940829295461222,5,dog,0.34666947343207,5,dog,0.9637583624877432
train_00448,8,ship,8,ship,0.9937472137577604,8,ship,0.999903013675287,8,ship,0.48744292879147993,8,ship,0.9970039539108381
train_00449,8,ship,8,ship,0.9206988204739381,8,ship,0.9941721200489713,8,ship,0.40243995539746313,8,ship,0.9929538310785119
train_00450,5,dog,5,dog,0.9636294879777806,5,dog,0.9980602121555832,5,dog,0.20287715444532176,5,dog,0.7448487007892206
train_00451,5,dog,5,dog,0.9081255936520711,5,dog,0.9657740773607998,5,dog,0.2245790695101083,5,dog,0.8003961909874825
train_00454,7,monkey,7,monkey,0.9519962871556595,7,monkey,0.9871415798868365,7,monkey,0.18390181771075811,6,horse,0.8983776576293837
train_00455,3,cat,3,cat,0.9942087684032482,3,cat,0.9970889829574275,3,cat,0.2886055255922273,3,cat,0.9783319699067072
train_00456,9,truck,9,truck,0.9859811304679975,9,truck,0.9999228402563953,9,truck,0.3487405773873808,9,truck,0.9963451009844287
train_00457,1,bird,1,bird,0.9996385092029013,1,bird,0.9999513481514147,1,bird,0.4290057252454969,1,bird,0.9983292910470813
train_00458,9,truck,9,truck,0.9777254661696819,9,truck,0.9994605772434801,9,truck,0.32654042254363097,9,truck,0.9823643896785789
train_00460,0,airplane,0,airplane,0.9892677898460317,0,airplane,0.9997240013562504,0,airplane,0.39091077933910484,0,airplane,0.9812922399479679
train_00461,6,horse,6,horse,0.9877631011067339,6,horse,0.9959363018409328,6,horse,0.3616904570411741,6,horse,0.9992293391518864
train_00462,3,cat,3,cat,0.9719121159102593,3,cat,0.9995785736420227,3,cat,0.18602481421766826,4,deer,0.8989609903325473
train_00463,6,horse,6,horse,0.9770087450325036,6,horse,0.999053213753889,6,horse,0.3554965631124303,6,horse,0.9984936584440592
train_00464,1,bird,1,bird,0.9607665073498999,1,bird,0.9986335819677306,1,bird,0.4114062198487098,1,bird,0.9980116540765874
train_00465,6,horse,6,horse,0.9559110949984283,6,horse,0.9975423970016404,6,horse,0.2585868814806158,6,horse,0.9939545321933824
train_00466,0,airplane,0,airplane,0.9172460032701452,0,airplane,0.9970703574227345,0,airplane,0.3663313263010582,0,airplane,0.9454863304507742
train_00467,5,dog,5,dog,0.9776421486661284,5,dog,0.9973070492946584,5,dog,0.27299177699265187,5,dog,0.5902003773353608
train_00469,7,monkey,7,monkey,0.9882969919498514,7,monkey,0.9998002311479139,7,monkey,0.3917205627117306,7,monkey,0.9993929804002364
train_00470,7,monkey,7,monkey,0.990137016226386,7,monkey,0.9997253596232876,7,monkey,0.37539362050838115,7,monkey,0.9995975109572237
train_00471,1,bird,1,bird,0.9695820506162427,1,bird,0.9967349873857018,1,bird,0.19903522542564236,1,bird,0.9568024279148293
train_00472,8,ship,8,ship,0.9911322515456875,8,ship,0.9996260811608476,8,ship,0.3908076723671118,8,ship,0.9939758367211609
train_00474,7,monkey,7,monkey,0.9444443343642558,7,monkey,0.9969239544103532,7,monkey,0.3893286126078715,7,monkey,0.9977107486717304
train_00475,6,horse,6,horse,0.9950751295870812,6,horse,0.871160325402671,6,horse,0.41257459355049336,6,horse,0.9983770282161105
train_00476,3,cat,3,cat,0.9364159457257524,3,cat,0.9957701935855009,3,cat,0.2134459524552403,4,deer,0.388637008890364
train_00477,7,monkey,7,monkey,0.9740269371745194,7,monkey,0.9979531457141501,7,monkey,0.43759881762483865,7,monkey,0.998911518558934
train_00478,0,airplane,0,airplane,0.9910458014369385,0,airplane,0.999947113708377,0,airplane,0.3598472958335227,0,airplane,0.98537422542033
train_00479,9,truck,9,truck,0.9929354828575686,9,truck,0.9995013883056553,9,truck,0.40039781342023556,9,truck,0.9944457539485922
train_00480,1,bird,1,bird,0.9680000023242442,1,bird,0.9997316102032734,1,bird,0.42407521428958694,1,bird,0.9979867183290876
train_00481,8,ship,8,ship,0.9242023850943696,8,ship,0.9989628860597373,8,ship,0.3989705168327005,8,ship,0.9973274489182539
train_00482,5,dog,5,dog,0.9640939073229668,5,dog,0.9770535919238268,5,dog,0.24494733637239405,5,dog,0.5873405468109012
train_00483,8,ship,8,ship,0.9830287751722332,8,ship,0.999144764835331,8,ship,0.3884262264944438,8,ship,0.9933190214874462
train_00484,8,ship,8,ship,0.8980375182532379,8,ship,0.9029165359187369,8,ship,0.30698752983641614,8,ship,0.9874705475994512
train_00485,9,truck,9,truck,0.9652011934070217,9,truck,0.9928655281598926,9,truck,0.38197110168419335,9,truck,0.9871014922063069
train_00486,4,deer,4,deer,0.9856603830494244,4,deer,0.8789986862686946,4,deer,0.3719962938647543,4,deer,0.9992400237949244
train_00487,0,airplane,0,airplane,0.9955957464260783,0,airplane,0.9984064804352211,0,airplane,0.31324048635692736,0,airplane,0.9630336710574492
train_00488,9,truck,9,truck,0.9966009460587449,9,truck,0.998676721464546,9,truck,0.31439197517733913,9,truck,0.9838772937789357
train_00489,1,bird,1,bird,0.9940094724500182,1,bird,0.999977990544003,1,bird,0.36385242026256587,1,bird,0.9970885589533325
train_00490,5,dog,5,dog,0.9652332437248814,5,dog,0.8861555643846754,5,dog,0.28098856313780424,5,dog,0.6652468572920622
train_00491,2,car,2,car,0.9616825525700651,2,car,0.9911550297970219,2,car,0.35083318669167285,2,car,0.9672688385472027
train_00492,4,deer,4,deer,0.9837540031451344,4,deer,0.9905522840803319,4,deer,0.46400592640824023,4,deer,0.9947193132190429
train_00493,3,cat,3,cat,0.6599419190462477,3,cat,0.9090094931496826,7,monkey,0.20142113626138708,7,monkey,0.8884254532096503
train_00494,7,monkey,7,monkey,0.9902819279415043,7,monkey,0.9986712641367035,7,monkey,0.3749186651357762,7,monkey,0.9986413451656355
train_00495,5,dog,5,dog,0.9763292760716388,5,dog,0.9915310086963097,5,dog,0.27803817475625237,5,dog,0.8600630644578694
train_00497,6,horse,6,horse,0.9954029008577926,6,horse,0.9996297007440119,6,horse,0.3714508025616942,6,horse,0.99766153273172
train_00498,2,car,2,car,0.9809452553531522,2,car,0.9997885079482373,2,car,0.39728663962311106,2,car,0.9875628379498803
train_00499,4,deer,4,deer,0.965932662154624,4,deer,0.9828501793731154,4,deer,0.41946502923612256,4,deer,0.9496383174298338
train_00502,2,car,2,car,0.9824851924713542,2,car,0.9974039145944559,9,truck,0.18698704440931727,9,truck,0.5573989768679778
train_00504,9,truck,9,truck,0.9862750107823965,9,truck,0.9954776210397823,9,truck,0.35418273005871265,9,truck,0.9937527736192048
train_00505,3,cat,3,cat,0.9932566180042208,3,cat,0.9987437879256766,3,cat,0.31750519975409985,3,cat,0.8030305911715988
train_00506,3,cat,3,cat,0.9974351867736282,3,cat,0.9994809870813295,3,cat,0.2928236056285482,3,cat,0.9783574420303806
train_00507,7,monkey,7,monkey,0.9592120608891026,7,monkey,0.9993606947442895,7,monkey,0.30662043459233723,7,monkey,0.9948104123632618
train_00508,5,dog,5,dog,0.9662251605012931,5,dog,0.9990529611849382,5,dog,0.2032466447956539,5,dog,0.6251424780376907
train_00509,2,car,2,car,0.996402809765342,2,car,0.9999327160192977,2,car,0.3745278791366704,2,car,0.9935206710977523
train_00511,8,ship,8,ship,0.9961585938067056,8,ship,0.9996125562275748,8,ship,0.47347635384184655,8,ship,0.9972135398724953
train_00512,2,car,2,car,0.9973792467097731,2,car,0.998678723901254,2,car,0.35603296622176694,2,car,0.9823536362334392
train_00513,2,car,2,car,0.9638639973985681,2,car,0.9903467924970121,2,car,0.4029830237615742,2,car,0.9814581752398583
train_00514,9,truck,9,truck,0.8761183482227523,9,truck,0.9937243690273018,9,truck,0.3024770724626114,9,truck,0.9450869874450816
train_00515,9,truck,9,truck,0.9864447197495135,9,truck,0.9938289159233135,9,truck,0.25538421304261005,9,truck,0.9476370016228982
train_00518,9,truck,9,truck,0.9810976691801627,9,truck,0.9983999429724323,9,truck,0.36146946855236434,9,truck,0.988882255043541
train_00519,9,truck,9,truck,0.9946887535566616,9,truck,0.9997627572952266,9,truck,0.3991774145558015,9,truck,0.991325753539107
train_00521,2,car,2,car,0.9978434891246536,2,car,0.9998438015934201,2,car,0.33488344586475455,2,car,0.9900021021938248
train_00522,0,airplane,0,airplane,0.9668118850048372,0,airplane,0.8923162044745507,0,airplane,0.30257688330187926,0,airplane,0.8372927915570666
train_00523,5,dog,5,dog,0.960765884179875,5,dog,0.9635876489908171,5,dog,0.31068976460249875,5,dog,0.9644540637873018
train_00524,1,bird,1,bird,0.9664230404012065,1,bird,0.9844668062518213,1,bird,0.3160932897809416,1,bird,0.9954917980579954
train_00525,9,truck,9,truck,0.955869820119738,9,truck,0.9994618360586929,9,truck,0.29246098153906314,9,truck,0.9221335265738317
train_00526,5,dog,5,dog,0.9994762553507315,5,dog,0.9950978872201145,5,dog,0.271857989654614,5,dog,0.9592295678302456
train_00528,6,horse,6,horse,0.9854751631220604,6,horse,0.9992124762759218,6,horse,0.3521486772662827,6,horse,0.9992670341517822
train_00529,3,cat,3,cat,0.9922361186758482,3,cat,0.9993290041951136,3,cat,0.3162676175967406,3,cat,0.9735040462582598
train_00530,8,ship,8,ship,0.9887195592761209,8,ship,0.9986042011776114,8,ship,0.4435875938086967,8,ship,0.9982974612075036
train_00534,4,deer,4,deer,0.9752662334082418,4,deer,0.9992953365414684,4,deer,0.3636904534033421,4,deer,0.9983422617603723
train_00536,8,ship,8,ship,0.9698729864488803,8,ship,0.9794372565119259,8,ship,0.4094798926024901,8,ship,0.987289495628006
train_00537,8,ship,8,ship,0.9466742987433344,8,ship,0.997681014934808,8,ship,0.42364311356561163,8,ship,0.9976588958780163
train_00538,6,horse,6,horse,0.9988327407570851,6,horse,0.9999386867085147,6,horse,0.3786401238939315,6,horse,0.998332152448531
train_00539,9,truck,9,truck,0.9954844961334022,9,truck,0.999348234922231,9,truck,0.37227930179763186,9,truck,0.9886441744454613
train_00540,7,monkey,7,monkey,0.9741577215941248,7,monkey,0.997110095244387,7,monkey,0.3668959435942615,7,monkey,0.9971887374866768
train_00542,9,truck,9,truck,0.8787195111761751,9,truck,0.9873816142987142,9,truck,0.33495121674684303,9,truck,0.9813793612777155
train_00543,2,car,2,car,0.9662947055415739,2,car,0.996643126667564,2,car,0.41449292755221523,2,car,0.9822681407879488
train_00544,4,deer,4,deer,0.9436221371860785,4,deer,0.9510198811362933,1,bird,0.14281480761558663,1,bird,0.6901649963013219
train_00545,1,bird,1,bird,0.9859629564618595,1,bird,0.9958495919443264,1,bird,0.41746619464041296,1,bird,0.9979346539228221
train_00547,6,horse,6,horse,0.9371075173404301,6,horse,0.9973167837373655,6,horse,0.3398673224537952,6,horse,0.9992338630647556
train_00550,7,monkey,7,monkey,0.8540053348193132,7,monkey,0.9331460569416746,7,monkey,0.35974632573542603,7,monkey,0.9967071727620265
train_00551,6,horse,6,horse,0.9578375844373785,6,horse,0.9961701386882503,6,horse,0.3334854411649579,6,horse,0.9993034001931799
train_00552,7,monkey,7,monkey,0.9568764459393123,7,monkey,0.9957826549321677,7,monkey,0.34816646097154336,7,monkey,0.9992747278889746
train_00553,0,airplane,0,airplane,0.9853898510098125,0,airplane,0.9986991563061751,0,airplane,0.3242216830031244,0,airplane,0.9894892560907413
train_00554,1,bird,1,bird,0.9246604304204644,1,bird,0.9817916961870151,1,bird,0.24551208635903643,1,bird,0.9901319021874768
train_00559,9,truck,9,truck,0.9979150335484481,9,truck,0.999462566047967,9,truck,0.3635288374402596,9,truck,0.9834426256632609
train_00560,8,ship,8,ship,0.9688064735196509,8,ship,0.9999210858610974,8,ship,0.4171582357556934,8,ship,0.9975369352630601
train_00562,0,airplane,0,airplane,0.9972241578460421,0,airplane,0.9996417522536489,0,airplane,0.3995198609141866,0,airplane,0.9733811896382495
train_00563,2,car,2,car,0.9760730977256803,2,car,0.9899935177506731,2,car,0.3214368800626105,2,car,0.9191961043424097
train_00565,9,truck,9,truck,0.9888050312584729,9,truck,0.9963663083526032,9,truck,0.3388583216834585,9,truck,0.974400803970103
train_00566,7,monkey,7,monkey,0.8341620552351612,7,monkey,0.9935683775897374,7,monkey,0.20063655404348532,7,monkey,0.6439773051525337
train_00568,1,bird,1,bird,0.9015072339057152,1,bird,0.9598827319437135,1,bird,0.3463605746411076,1,bird,0.9924596867671281
train_00569,5,dog,5,dog,0.9723683845714454,5,dog,0.9019832751324268,5,dog,0.2633924224743196,5,dog,0.8515099310843279
train_00570,6,horse,6,horse,0.9768364727221095,6,horse,0.9930381586464728,6,horse,0.32384904404971177,6,horse,0.9844400712852871
train_00571,9,truck,9,truck,0.9757779101972266,9,truck,0.999713351998974,9,truck,0.28132367785358725,9,truck,0.8699640026300005
train_00572,5,dog,5,dog,0.9819377656284045,5,dog,0.9886961850087524,5,dog,0.35714236983953634,5,dog,0.9627663395218783
train_00573,9,truck,9,truck,0.9756200710738594,9,truck,0.9878943137508109,9,truck,0.37527419227646225,9,truck,0.9084501798302336
train_00574,0,airplane,0,airplane,0.9768798986867661,0,airplane,0.9996407779686879,0,airplane,0.37664422495832856,0,airplane,0.9290792980159864
train_00575,9,truck,9,truck,0.9861324572497682,9,truck,0.9998629928829607,9,truck,0.23054580461696317,9,truck,0.5741615458569712
train_00577,0,airplane,0,airplane,0.9864845895270491,0,airplane,0.9995686283629308,0,airplane,0.3644295924656899,0,airplane,0.7843678352764816
train_00578,4,deer,4,deer,0.9247965316167428,4,deer,0.9843993040602876,4,deer,0.32396874220152366,4,deer,0.9987176074910595
train_00579,0,airplane,0,airplane,0.9878465642237735,0,airplane,0.9980016963841348,0,airplane,0.3634457634541376,0,airplane,0.9659385181414797
train_00580,5,dog,5,dog,0.99534393469741,5,dog,0.9967875217996343,5,dog,0.3233350018711541,5,dog,0.8898161480366685
train_00581,2,car,2,car,0.9834137626811812,2,car,0.996571007597262,2,car,0.3544701601478568,2,car,0.9809940128673288
train_00582,7,monkey,7,monkey,0.9726517038298799,7,monkey,0.9983689496626736,7,monkey,0.3745450784525181,7,monkey,0.9988107636273921
train_00583,3,cat,3,cat,0.619551359678013,3,cat,0.995711629678081,5,dog,0.2501250447801654,5,dog,0.642035625990242
train_00584,3,cat,3,cat,0.9935508739946582,3,cat,0.999111106205499,3,cat,0.26705133999827724,3,cat,0.7470492010747253
train_00585,0,airplane,0,airplane,0.9594035888021851,0,airplane,0.9869132611519282,0,airplane,0.3155629905658613,0,airplane,0.9194202976656038
train_00586,8,ship,8,ship,0.9912612473758148,8,ship,0.9999540992357255,8,ship,0.4511242822114153,8,ship,0.990548449078854
train_00587,8,ship,8,ship,0.9929974925607719,8,ship,0.999921280306578,8,ship,0.5075390486221125,8,ship,0.9986935951168876
train_00588,3,cat,3,cat,0.999596888966017,3,cat,0.998914964343164,3,cat,0.31859019848167214,3,cat,0.937710718472022
train_00589,6,horse,6,horse,0.9926516337290541,6,horse,0.9998848026518629,6,horse,0.35901396813928277,6,horse,0.9994363008772097
train_00591,2,car,2,car,0.9747975506453046,2,car,0.9976245407661577,2,car,0.36105065614006415,2,car,0.9793437745165099
train_00592,0,airplane,0,airplane,0.9649834356200309,0,airplane,0.9905310642649036,0,airplane,0.36412390215367185,0,airplane,0.9304541448290954
train_00593,7,monkey,7,monkey,0.9608043826635595,7,monkey,0.9985229597978131,7,monkey,0.314627095752998,7,monkey,0.9965293530787198
train_00595,2,car,2,car,0.9918293520743744,2,car,0.9994742508568638,2,car,0.3023873296329573,2,car,0.9362094411329286
train_00596,1,bird,1,bird,0.7135898842580689,1,bird,0.8846006575169347,1,bird,0.2806992255534138,1,bird,0.9923972256565289
train_00597,3,cat,3,cat,0.9963654222440534,3,cat,0.9993063948882633,3,cat,0.25673053643592825,3,cat,0.9432573192762704
train_00598,2,car,2,car,0.9125728999064114,2,car,0.9883692298866535,2,car,0.24729181892067614,2,car,0.8848184430878306
train_00599,3,cat,3,cat,0.9165945070664286,3,cat,0.9970641548155866,3,cat,0.26679700817024604,3,cat,0.49309668538389356
train_00600,8,ship,8,ship,0.9890109447048647,8,ship,0.9995610708160909,8,ship,0.43718008907534,8,ship,0.9949125843222507
train_00601,5,dog,5,dog,0.9600747955210943,5,dog,0.9912916173499449,5,dog,0.31076948164836055,5,dog,0.9733899636168424
train_00603,6,horse,6,horse,0.990748730012018,6,horse,0.9609111223410115,6,horse,0.30024718436252573,6,horse,0.9961806368505858
train_00604,5,dog,5,dog,0.9824965018330545,5,dog,0.9066569435210579,5,dog,0.2376723756414504,5,dog,0.932763614237762
train_00605,6,horse,6,horse,0.9593635152486042,6,horse,0.9998391303658812,6,horse,0.34217840117989673,6,horse,0.9993676180302141
train_00606,0,airplane,0,airplane,0.9378750734100455,0,airplane,0.9974570482386104,0,airplane,0.33612929638474515,0,airplane,0.9345587628171622
train_00607,8,ship,8,ship,0.9961002234860825,8,ship,0.9997200411934304,8,ship,0.43868954679724453,8,ship,0.9936037760897165
train_00608,4,deer,4,deer,0.9564978425761145,4,deer,0.9654642094820509,4,deer,0.32969400971824303,4,deer,0.9992987579003512
train_00609,9,truck,9,truck,0.9901882460270461,9,truck,0.9995620677224915,9,truck,0.4105344866065616,9,truck,0.9947454719851364
train_00611,8,ship,8,ship,0.9977213192217965,8,ship,0.9999939181873891,8,ship,0.4602438016800628,8,ship,0.9975456409330394
train_00613,9,truck,9,truck,0.9772311102189937,9,truck,0.9983053645090945,9,truck,0.373793196652847,9,truck,0.9952915615759753
train_00614,1,bird,1,bird,0.9982440532521066,1,bird,0.9998432629916723,1,bird,0.37679135101828537,1,bird,0.9984517634809278
train_00615,0,airplane,0,airplane,0.98045159272938,0,airplane,0.9991848796083039,0,airplane,0.3791326782404167,0,airplane,0.9642717872172
train_00616,1,bird,1,bird,0.972338879655144,1,bird,0.9972258203721,1,bird,0.28740037481928826,1,bird,0.9940002796138306
train_00617,5,dog,5,dog,0.9715306217781786,5,dog,0.9813282654565304,5,dog,0.31349729029357115,5,dog,0.9864134804474771
train_00618,5,dog,5,dog,0.9368747275166454,5,dog,0.9894855952636205,5,dog,0.2599396341501015,5,dog,0.9498881579429925
train_00619,4,deer,4,deer,0.9302680796098554,4,deer,0.9982547733528547,4,deer,0.32001941741088596,4,deer,0.9978522446883155
train_00620,4,deer,4,deer,0.8590172338340386,4,deer,0.8390722337002642,4,deer,0.20706006565997867,4,deer,0.9308436830331569
train_00621,3,cat,3,cat,0.9811032556019496,3,cat,0.997343788063103,3,cat,0.2836269667135297,3,cat,0.9670275087030686
train_00623,4,deer,4,deer,0.9763967216838173,4,deer,0.9917554551089752,4,deer,0.3244640283500382,4,deer,0.9797413056561112
train_00624,5,dog,5,dog,0.9073848508462578,5,dog,0.9812546897250819,5,dog,0.3148650213679479,5,dog,0.8769659958856223
train_00625,6,horse,6,horse,0.9433587097350322,6,horse,0.8160769285930219,6,horse,0.3138506416672015,6,horse,0.9977103653678
train_00626,4,deer,4,deer,0.9436013426723514,4,deer,0.9928720680358356,4,deer,0.2986718127089683,4,deer,0.9908088804611631
train_00627,2,car,2,car,0.9984780410500699,2,car,0.9999590750776256,2,car,0.36741063491746795,2,car,0.9746094315940652
train_00628,1,bird,1,bird,0.9932870752898615,1,bird,0.999699238200461,1,bird,0.3540588283329722,1,bird,0.9969142328447888
train_00629,2,car,2,car,0.9836769927952997,2,car,0.9997913640085907,2,car,0.351635052997511,2,car,0.9964293949868913
train_00630,9,truck,9,truck,0.9795925008352503,9,truck,0.9991222942702456,9,truck,0.3171232437448662,9,truck,0.9561672565887367
train_00632,6,horse,6,horse,0.9817006671010684,6,horse,0.9966660164899719,6,horse,0.2641949424583126,6,horse,0.9912902556560551
train_00633,7,monkey,7,monkey,0.9866460448236182,7,monkey,0.9975887317774854,7,monkey,0.37224999863964753,7,monkey,0.9900091625255275
train_00635,5,dog,5,dog,0.9400512512789697,5,dog,0.9802879907405428,5,dog,0.3450941411570037,5,dog,0.9402563701238171
train_00636,1,bird,1,bird,0.9989151537381354,1,bird,0.9999728936562466,1,bird,0.3467926671570423,1,bird,0.9974930585867119
train_00637,2,car,2,car,0.9351822233163742,2,car,0.9978242112731853,2,car,0.3654674315008676,2,car,0.9610850983191342
train_00638,3,cat,3,cat,0.9383154707272059,3,cat,0.9669285332242605,3,cat,0.19560518830677764,5,dog,0.49969985321083304
train_00639,6,horse,6,horse,0.9842489755675734,6,horse,0.9992778435272315,6,horse,0.36690013931103566,6,horse,0.9954762225440525
train_00640,1,bird,1,bird,0.9427001564036002,1,bird,0.9976316447189119,1,bird,0.381648470684605,1,bird,0.9965706843150615
train_00644,9,truck,9,truck,0.9877581408996093,9,truck,0.999950677971554,9,truck,0.3340303289174498,9,truck,0.979451118406102
train_00645,4,deer,4,deer,0.9523125771913811,4,deer,0.9981030510194806,4,deer,0.3609983200555882,4,deer,0.9894379486657502
train_00647,9,truck,9,truck,0.9795068425008854,9,truck,0.9990765219479808,9,truck,0.3419059356892564,9,truck,0.9957431888117988
train_00650,1,bird,1,bird,0.9835029206234521,1,bird,0.964478264373501,1,bird,0.35376920032799175,1,bird,0.9990158595766032
train_00651,0,airplane,0,airplane,0.9915822883675999,0,airplane,0.9997388029118648,0,airplane,0.3388049287703102,0,airplane,0.9817649131715646
train_00652,8,ship,8,ship,0.9692489106460936,8,ship,0.9970688059977874,8,ship,0.4101721426791816,8,ship,0.9989660962793288
train_00653,6,horse,6,horse,0.9859939311791596,6,horse,0.9976466587102867,6,horse,0.3014553227972284,6,horse,0.9584922001536756
train_00654,9,truck,9,truck,0.8070984604422902,9,truck,0.9514764989280662,2,car,0.19217079559449818,2,car,0.7045519903682033
train_00655,5,dog,5,dog,0.94098368883688,5,dog,0.8473885919878557,5,dog,0.35865862528254977,5,dog,0.8622398725575456
train_00656,1,bird,1,bird,0.9990371351908164,1,bird,0.9999115917387098,1,bird,0.42791023288834645,1,bird,0.998270418563111
train_00657,3,cat,3,cat,0.9827363460925139,3,cat,0.9995482941458199,3,cat,0.32423283743198794,3,cat,0.9225286531438264
train_00658,4,deer,4,deer,0.9620322428051495,4,deer,0.9850570650226382,4,deer,0.3234387406156419,4,deer,0.9938913759011169
train_00660,9,truck,9,truck,0.9858490668267564,9,truck,0.9966238197266539,9,truck,0.3021483521560767,9,truck,0.9822600794755707
train_00662,9,truck,9,truck,0.9860262422121071,9,truck,0.9876500130588928,9,truck,0.2467098991975577,9,truck,0.6834196995731623
train_00663,3,cat,3,cat,0.9143647502360827,3,cat,0.9978551932540184,3,cat,0.25859341146108084,3,cat,0.9426941740136097
train_00665,3,cat,3,cat,0.9947110984854479,3,cat,0.9998822513371709,3,cat,0.3105255503200452,3,cat,0.9729080177929572
train_00666,8,ship,8,ship,0.9665165601039001,8,ship,0.9866256711051018,8,ship,0.36670402439749455,8,ship,0.9869023565838735
train_00667,2,car,2,car,0.9965591402619841,2,car,0.9996091163069626,2,car,0.3221932648620582,2,car,0.9414026232912769
train_00668,9,truck,9,truck,0.9714556494268629,9,truck,0.999573272722411,9,truck,0.32714583391650476,9,truck,0.973276754058695
train_00669,5,dog,5,dog,0.9359995084543076,5,dog,0.8865001787597371,5,dog,0.24655153154980622,5,dog,0.6052073018652401
train_00670,3,cat,3,cat,0.9525734074645849,3,cat,0.9963930310152482,3,cat,0.2993508919898663,3,cat,0.9754541986271654
train_00671,8,ship,8,ship,0.9815388756934612,8,ship,0.9985260657464302,8,ship,0.3902536489329495,8,ship,0.9965586075507146
train_00672,7,monkey,7,monkey,0.9675273884492814,7,monkey,0.9899586501352323,7,monkey,0.42106060701414844,7,monkey,0.9993394599279518
train_00673,2,car,2,car,0.9844915110874914,2,car,0.9998010513701912,2,car,0.38540995600666506,2,car,0.9899037630133148
train_00674,8,ship,8,ship,0.9832099574991315,8,ship,0.9996119154596548,8,ship,0.4791850862383568,8,ship,0.9963394511686647
train_00675,2,car,2,car,0.9991701859293219,2,car,0.9868128040799521,2,car,0.2463674065745085,2,car,0.957251055110033
train_00676,0,airplane,0,airplane,0.9855710624044285,0,airplane,0.9981679951181316,0,airplane,0.3349789707607549,0,airplane,0.9823177331715098
train_00677,6,horse,6,horse,0.9945339015106035,6,horse,0.9994826606393199,6,horse,0.3426205868714826,6,horse,0.9950335962421387
train_00678,6,horse,6,horse,0.9921342484139337,6,horse,0.9999389621405427,6,horse,0.34509352140755756,6,horse,0.9946488658011787
train_00680,4,deer,4,deer,0.9481484612121609,4,deer,0.9564917321078085,4,deer,0.36432121213755103,4,deer,0.994059695212634
train_00681,1,bird,1,bird,0.9442555822114075,1,bird,0.9056144018404124,1,bird,0.2408986105741868,1,bird,0.9933297045512658
train_00683,7,monkey,7,monkey,0.9798635685857168,7,monkey,0.9998860028372585,7,monkey,0.36289524200350537,7,monkey,0.9997501997983537
train_00684,3,cat,3,cat,0.8727777216698361,3,cat,0.9726697058348245,3,cat,0.2926591732367433,3,cat,0.7000170749790989
train_00685,7,monkey,7,monkey,0.9919266599864582,7,monkey,0.9980654388530147,7,monkey,0.4379386859946827,7,monkey,0.9997896389241263
train_00686,0,airplane,0,airplane,0.9389279221850942,0,airplane,0.9956873705609546,0,airplane,0.38894765473032367,0,airplane,0.9661659170869348
train_00687,2,car,2,car,0.9997462992668301,2,car,0.9999350117234219,2,car,0.3625204408239825,2,car,0.9832328380682445
train_00688,9,truck,9,truck,0.9924459392874623,9,truck,0.9013551258721556,9,truck,0.2602317684773023,9,truck,0.9714499117834156
train_00689,0,airplane,0,airplane,0.9370911591876575,0,airplane,0.997280768188896,0,airplane,0.35342124214674114,0,airplane,0.9556154695464466
train_00690,5,dog,5,dog,0.6596470427935275,5,dog,0.7883413207834427,5,dog,0.25482603541199034,5,dog,0.9129932808035403
train_00691,5,dog,5,dog,0.979463928845843,5,dog,0.99584827544295,5,dog,0.28093525462780483,5,dog,0.9431171842998521
train_00692,6,horse,6,horse,0.9938125377888387,6,horse,0.9998241195177102,6,horse,0.32802159895050614,6,horse,0.9992140890881757
train_00693,8,ship,8,ship,0.9707646705704475,8,ship,0.9976323504873821,8,ship,0.4204274091768921,8,ship,0.9946592799677422
train_00695,0,airplane,0,airplane,0.9308811831110236,0,airplane,0.9982235211377949,0,airplane,0.3244314992366086,0,airplane,0.9283185689671446
train_00696,1,bird,1,bird,0.9939538184088547,1,bird,0.999715033317866,1,bird,0.3869226896020977,1,bird,0.9978226242820853
train_00697,1,bird,1,bird,0.9999001287979388,1,bird,0.9999864859499251,1,bird,0.4065698427134316,1,bird,0.9976266692111657
train_00698,7,monkey,7,monkey,0.9702197256610646,7,monkey,0.9986956653270594,7,monkey,0.35881569270809094,7,monkey,0.9991894187145067
train_00699,4,deer,4,deer,0.9355383415287595,4,deer,0.7902132230917155,4,deer,0.283461541040569,4,deer,0.9973473703112087
train_00700,9,truck,9,truck,0.9942769264957131,9,truck,0.9999608092955329,9,truck,0.4138673401600228,9,truck,0.9875535897310324
train_00701,6,horse,6,horse,0.986924334326927,6,horse,0.9974306404658289,6,horse,0.3840208222718055,6,horse,0.9972540794849442
train_00702,7,monkey,7,monkey,0.9761345020795062,7,monkey,0.9962763216735512,7,monkey,0.38742258617062525,7,monkey,0.9992866874120001
train_00703,4,deer,4,deer,0.9613251302050533,4,deer,0.9992945833255747,4,deer,0.2414509373086271,4,deer,0.9872127809471594
train_00704,9,truck,9,truck,0.9888744820281373,9,truck,0.9990007641595334,9,truck,0.38592389982221653,9,truck,0.9945187013797586
train_00705,9,truck,9,truck,0.935152237423128,9,truck,0.9878213884078643,9,truck,0.23070401341467148,9,truck,0.7051268995491646
train_00706,2,car,2,car,0.9814934448289466,2,car,0.9964195172951584,2,car,0.29701447137232073,2,car,0.9766233179838523
train_00707,7,monkey,7,monkey,0.992589186914501,7,monkey,0.9999430186103598,7,monkey,0.37375557268845533,7,monkey,0.9997140627336263
train_00709,5,dog,5,dog,0.9635063938215825,5,dog,0.9426123622356004,5,dog,0.3187724484916959,5,dog,0.9677814679147473
train_00710,4,deer,4,deer,0.9819211855412436,4,deer,0.9980183818821883,4,deer,0.36573002311592534,4,deer,0.9960618043234907
train_00711,0,airplane,0,airplane,0.9908075394648975,0,airplane,0.9970630906772336,0,airplane,0.2617887565334052,0,airplane,0.7698039084535898
train_00713,7,monkey,7,monkey,0.9298427336190485,7,monkey,0.9917923580301563,7,monkey,0.33064448026676085,7,monkey,0.9886228013044329
train_00715,5,dog,5,dog,0.9937594064673869,5,dog,0.978432304688042,5,dog,0.29149185413133005,5,dog,0.8800538776797865
train_00717,4,deer,4,deer,0.9448562788754036,4,deer,0.9918978719527833,4,deer,0.38073418132214865,4,deer,0.9982170019473472
train_00718,8,ship,8,ship,0.9793217438545072,8,ship,0.9985058883492673,8,ship,0.4686886925869011,8,ship,0.9908136731760318
train_00720,5,dog,5,dog,0.7951677408740844,5,dog,0.8936160219736224,5,dog,0.28926505827900256,5,dog,0.7834692603943025
train_00721,6,horse,6,horse,0.9327925695456404,6,horse,0.9998958396324632,6,horse,0.39709106896006224,6,horse,0.9982372803337053
train_00722,4,deer,4,deer,0.9858776099350938,4,deer,0.9991732328942425,4,deer,0.41280523605857855,4,deer,0.9965898617141403
train_00723,8,ship,8,ship,0.9758743275706245,8,ship,0.9992563767230235,8,ship,0.3142257288710294,8,ship,0.9963913286841463
train_00724,1,bird,1,bird,0.9988197252814741,1,bird,0.9999842587704599,1,bird,0.38224634843185645,1,bird,0.9965182306200372
train_00725,2,car,2,car,0.9864900539378506,2,car,0.9995908333364488,2,car,0.40699895877630654,2,car,0.9941040772251168
train_00727,9,truck,9,truck,0.9917763353055578,9,truck,0.9924132668003012,9,truck,0.3653169321929392,9,truck,0.990066279913586
train_00730,0,airplane,0,airplane,0.9603860667418149,0,airplane,0.9933785137874328,0,airplane,0.32493717446579673,0,airplane,0.9515591705770267
train_00731,8,ship,8,ship,0.9739847746359755,8,ship,0.9947298906818487,8,ship,0.2767684810203148,8,ship,0.9559254183037504
train_00732,2,car,2,car,0.99670534166409,2,car,0.9975829458363096,2,car,0.3609356555242203,2,car,0.9906704551524731
train_00733,0,airplane,0,airplane,0.8965812232824153,0,airplane,0.9915538329898245,0,airplane,0.3253109470769724,0,airplane,0.9692442711963085
train_00736,0,airplane,0,airplane,0.990002640922629,0,airplane,0.9994870130758113,0,airplane,0.3651729256790081,0,airplane,0.9811885263113342
train_00737,4,deer,4,deer,0.9892342984210609,4,deer,0.9912069102297174,4,deer,0.35456024588491464,4,deer,0.9988337352482474
train_00738,6,horse,6,horse,0.9718371102016722,6,horse,0.9991846459107887,6,horse,0.33482163790025715,6,horse,0.9584615257588188
train_00739,3,cat,3,cat,0.8165902023126621,3,cat,0.9922870460690426,3,cat,0.29917884046923066,3,cat,0.9737283975055516
train_00740,0,airplane,0,airplane,0.9786993026241164,0,airplane,0.9997773865794335,0,airplane,0.39867077864011286,0,airplane,0.9562270465897561
train_00741,3,cat,3,cat,0.9940975610516863,3,cat,0.9883688520223756,3,cat,0.2553566785752187,3,cat,0.8829251630252043
train_00742,4,deer,4,deer,0.9857359173259594,4,deer,0.9992633653280942,4,deer,0.34490240692418295,4,deer,0.9966010565153101
train_00743,6,horse,6,horse,0.9978840780831806,6,horse,0.9996136666209192,6,horse,0.35577275809397024,6,horse,0.998383958141261
train_00744,0,airplane,0,airplane,0.9936557115775629,0,airplane,0.9993928732286776,0,airplane,0.3644866677021839,0,airplane,0.9706443224671861
train_00745,7,monkey,7,monkey,0.9860909168962103,7,monkey,0.9793328747201676,7,monkey,0.2859990159896048,7,monkey,0.9919700106244981
train_00746,5,dog,5,dog,0.9622306861477045,5,dog,0.9943133160643185,5,dog,0.2819142985894617,5,dog,0.8713847861380228
train_00747,5,dog,5,dog,0.9829956705912745,5,dog,0.8837061760058944,5,dog,0.285119643531187,5,dog,0.5941277361265622
train_00749,5,dog,5,dog,0.9834109126174627,5,dog,0.9887922433028149,5,dog,0.3371950258265483,5,dog,0.9592706673126545
train_00750,2,car,2,car,0.9971274454444904,2,car,0.9999607087330744,2,car,0.4093166308428424,2,car,0.9890856478777494
train_00751,8,ship,8,ship,0.9951586033154076,8,ship,0.9996045084748743,8,ship,0.47712693823959496,8,ship,0.9984900240386966
train_00752,6,horse,6,horse,0.8994388974782235,6,horse,0.9927331522395055,6,horse,0.34344326308705,6,horse,0.9995720175633045
train_00753,1,bird,1,bird,0.9955508081905619,1,bird,0.9998622780968622,1,bird,0.3932236117619389,1,bird,0.9973978654208737
train_00754,8,ship,8,ship,0.9952717399091164,8,ship,0.9998803214948903,8,ship,0.48344079227772047,8,ship,0.9977266923294041
train_00756,7,monkey,7,monkey,0.9559658709151463,7,monkey,0.978284949935903,7,monkey,0.4211417802912437,7,monkey,0.9995042328129035
train_00757,3,cat,3,cat,0.9846169660853361,3,cat,0.9442138242971839,3,cat,0.26668148533361546,3,cat,0.9470143065366723
train_00759,3,cat,3,cat,0.8614117842178122,3,cat,0.9986154194369696,6,horse,0.1172137734282274,1,bird,0.2288091328256992
train_00760,9,truck,9,truck,0.9437463620771778,9,truck,0.9923362770435914,9,truck,0.3047115341761177,9,truck,0.9686911542464746
train_00761,6,horse,6,horse,0.971674133052123,6,horse,0.9962587010383287,6,horse,0.29173471494534453,6,horse,0.8117393968087172
train_00762,1,bird,1,bird,0.9982604499966617,1,bird,0.9996823682801816,1,bird,0.3513044101689431,1,bird,0.9947123666528671
train_00763,7,monkey,7,monkey,0.9345058252577619,7,monkey,0.9971796898396161,7,monkey,0.3274338771997373,7,monkey,0.9860513931939804
train_00765,4,deer,6,horse,0.38470964483917575,4,deer,0.9226195332699197,4,deer,0.20516261320691284,4,deer,0.9485030800673893
train_00766,1,bird,1,bird,0.9603685197078387,1,bird,0.9973767800807747,1,bird,0.22810326956632615,1,bird,0.9792569692388233
train_00767,2,car,2,car,0.9825127767968772,2,car,0.9995109740397845,2,car,0.3335315024702492,2,car,0.9938546314025554
train_00769,7,monkey,7,monkey,0.9496536128285384,7,monkey,0.9985221490889922,7,monkey,0.4273958400219765,7,monkey,0.9997338790622307
train_00770,2,car,2,car,0.9953902980312151,2,car,0.9998128555556426,2,car,0.32050672797788066,2,car,0.9756272269450432
train_00772,2,car,2,car,0.9790169936576256,2,car,0.9935570276336807,2,car,0.395671191667061,2,car,0.9767780220027386
train_00773,7,monkey,7,monkey,0.9773532993576542,7,monkey,0.9995805615707704,7,monkey,0.3569064924371395,7,monkey,0.9996996149148433
train_00774,7,monkey,7,monkey,0.9742832221604288,7,monkey,0.9996370090152423,7,monkey,0.41611022348371546,7,monkey,0.9993907328722617
train_00775,5,dog,5,dog,0.989214100426115,5,dog,0.9992165129215864,5,dog,0.3039863811922357,5,dog,0.8923039110215047
train_00776,1,bird,1,bird,0.9945446579511484,1,bird,0.9304061645695539,1,bird,0.32026765079239383,1,bird,0.9949786661695749
train_00777,3,cat,3,cat,0.99214070379011,3,cat,0.9988970803536585,3,cat,0.2911778396433701,3,cat,0.966208340800639
train_00779,0,airplane,0,airplane,0.905400303774966,0,airplane,0.9897819450976454,0,airplane,0.3648299630679179,0,airplane,0.9306417422128843
train_00780,1,bird,1,bird,0.8326644688255943,1,bird,0.9849944403487614,1,bird,0.21799093063130787,1,bird,0.9658007740645691
train_00781,0,airplane,0,airplane,0.9989336018381119,0,airplane,0.9984698979885913,0,airplane,0.3212083791132513,0,airplane,0.9185231815904861
train_00782,7,monkey,7,monkey,0.9188691083159942,7,monkey,0.9975177804580205,7,monkey,0.31433700926261327,7,monkey,0.9898131619114394
train_00783,3,cat,3,cat,0.9533115189827208,3,cat,0.9998823507672174,3,cat,0.16431826720283718,6,horse,0.5786856833276797
train_00784,9,truck,9,truck,0.9644590177233578,9,truck,0.9991339030178874,9,truck,0.28792746382193773,9,truck,0.9687912587072637
train_00786,2,car,2,car,0.9967300082853572,2,car,0.9998175395991103,2,car,0.40409585166764284,2,car,0.9940979928972279
train_00789,9,truck,9,truck,0.9952775684092007,9,truck,0.9997376918370823,9,truck,0.334255414470861,9,truck,0.9902147787993215
train_00790,8,ship,8,ship,0.9347458958732585,8,ship,0.9989531362221694,8,ship,0.43085407246493823,8,ship,0.9970540607738447
train_00791,9,truck,9,truck,0.9905079961695655,9,truck,0.9541662058763598,9,truck,0.28131561693257545,9,truck,0.8723201080155575
train_00792,4,deer,4,deer,0.8766396319245067,4,deer,0.9918503591487429,4,deer,0.40791998068857244,4,deer,0.9885251494145462
train_00793,6,horse,6,horse,0.9803496826558331,6,horse,0.9960769677071606,6,horse,0.35965624642081706,6,horse,0.9938545948277097
train_00794,3,cat,3,cat,0.9955935667563368,3,cat,0.9988882991701,3,cat,0.32352246170832466,3,cat,0.9656776556603766
train_00795,9,truck,9,truck,0.965731604781663,9,truck,0.9732883128401139,9,truck,0.2752373325660233,9,truck,0.8572908053760002
train_00796,5,dog,5,dog,0.9961139288996772,5,dog,0.9927898649868061,5,dog,0.3323097242366044,5,dog,0.9616865773211478
train_00797,4,deer,4,deer,0.9650871364233432,4,deer,0.9906723757636846,4,deer,0.3499454440749111,4,deer,0.9988626159378595
train_00799,2,car,2,car,0.9987061275917719,2,car,0.9995838735986711,2,car,0.3990268437128519,2,car,0.9769525394173374
train_00801,7,monkey,7,monkey,0.9897366359145165,7,monkey,0.9966556512267835,7,monkey,0.17027956780710798,7,monkey,0.8497846181975404
train_00802,3,cat,3,cat,0.965486009230066,3,cat,0.9991027388794751,3,cat,0.28919352657464714,3,cat,0.9528608324058258
train_00804,3,cat,3,cat,0.9774603070325977,3,cat,0.9864707065643912,3,cat,0.2289013687369596,3,cat,0.32988345305709466
train_00805,7,monkey,7,monkey,0.9878570674028103,7,monkey,0.9996792188477692,7,monkey,0.3913279660205717,7,monkey,0.9996171831287878
train_00808,3,cat,3,cat,0.9670548598108315,3,cat,0.9999419509779677,3,cat,0.24501266293925383,3,cat,0.6879302564423068
train_00809,9,truck,9,truck,0.8908896804948199,9,truck,0.9375497436555673,9,truck,0.15451851583778228,8,ship,0.5406402580306725
train_00810,3,cat,3,cat,0.894784577558795,3,cat,0.9736992168035713,3,cat,0.19503962763876803,7,monkey,0.4469383547459473
train_00811,9,truck,9,truck,0.9939295894594473,9,truck,0.9984955193591799,9,truck,0.33307361216753206,9,truck,0.9880383994560581
train_00812,8,ship,8,ship,0.9328602715826538,8,ship,0.977445961623139,8,ship,0.24858667815974475,8,ship,0.9220463242228039
train_00814,0,airplane,0,airplane,0.9879624273570126,0,airplane,0.9931481555374679,0,airplane,0.4001229611173922,0,airplane,0.9006236558558167
train_00815,7,monkey,7,monkey,0.9548213678679276,7,monkey,0.996995501091674,7,monkey,0.410292663801375,7,monkey,0.9986344665994459
train_00817,1,bird,1,bird,0.8091250679506861,1,bird,0.671939039095629,1,bird,0.25864898667420866,1,bird,0.9833786423906371
train_00818,2,car,2,car,0.9887994258287743,2,car,0.9824693402081516,2,car,0.2444568638381884,2,car,0.85900596733296
train_00821,9,truck,9,truck,0.9957264900603332,9,truck,0.9994165879227198,9,truck,0.3442477216296947,9,truck,0.9845121767475778
train_00822,8,ship,8,ship,0.974255330014921,8,ship,0.999074458156749,8,ship,0.32271904421483677,8,ship,0.977856475879987
train_00823,5,dog,5,dog,0.9950015818342846,5,dog,0.9978550085177723,5,dog,0.3126786803788662,5,dog,0.9247610427574678
train_00824,9,truck,9,truck,0.9938960721162863,9,truck,0.9998054483648949,9,truck,0.4077475415317506,9,truck,0.9962756937857509
train_00825,0,airplane,0,airplane,0.9987432338046679,0,airplane,0.9995638947000373,0,airplane,0.3726250267980308,0,airplane,0.9809018546719092
train_00826,1,bird,1,bird,0.9415932529621833,1,bird,0.9903556289038946,1,bird,0.3422495811570005,1,bird,0.9951902671790253
train_00827,2,car,2,car,0.9822421795521008,2,car,0.9989975645286325,2,car,0.32086959488659544,2,car,0.9582834294095132
train_00828,5,dog,5,dog,0.9325705316573445,5,dog,0.9988214386781246,5,dog,0.3189713152103153,5,dog,0.9816745354523047
train_00829,6,horse,6,horse,0.9916502787003137,6,horse,0.9988943116053001,6,horse,0.33197068039860367,6,horse,0.9994462661751812
train_00830,3,cat,3,cat,0.9862509842928441,3,cat,0.871105744186355,3,cat,0.25659456263615515,3,cat,0.959370867709922
train_00832,3,cat,3,cat,0.9754722652629242,3,cat,0.9925246375182136,3,cat,0.31226237400649376,3,cat,0.9347869976791212
train_00833,3,cat,3,cat,0.9900737875764366,3,cat,0.9999818272189348,3,cat,0.19316123258856321,4,deer,0.3231363656749788
train_00834,5,dog,3,cat,0.601437519543532,5,dog,0.9738023722727772,5,dog,0.17214043067898432,5,dog,0.8373067362216406
train_00835,1,bird,1,bird,0.8496127193693678,1,bird,0.9834698768294209,1,bird,0.18940307867241873,1,bird,0.8919648538615971
train_00836,2,car,2,car,0.9871575691411203,2,car,0.9993041773796536,2,car,0.40175322518229645,2,car,0.9113392868539079
train_00838,1,bird,1,bird,0.9655615778866854,1,bird,0.9998763389281181,1,bird,0.34134506624876687,1,bird,0.9939857025837409
train_00839,7,monkey,7,monkey,0.9446524014537443,7,monkey,0.9983689963133174,7,monkey,0.3938916710692625,7,monkey,0.9994500498066002
train_00840,8,ship,8,ship,0.9880964199518021,8,ship,0.9974951563657977,8,ship,0.3712553194696493,8,ship,0.9979683968963984
train_00841,7,monkey,7,monkey,0.9937251533432128,7,monkey,0.9995385357378656,7,monkey,0.3208443825259785,7,monkey,0.9984958967340908
train_00842,4,deer,4,deer,0.928604400093177,4,deer,0.9946140055286954,4,deer,0.32638396592261826,4,deer,0.9958232240836165
train_00843,8,ship,8,ship,0.9620090241405128,8,ship,0.9920097364612847,8,ship,0.3450367345411712,8,ship,0.9983736216247743
train_00844,6,horse,6,horse,0.9532684283198891,6,horse,0.9995597411957117,6,horse,0.30445568016538926,6,horse,0.964582895121592
train_00845,6,horse,6,horse,0.9976968427451332,6,horse,0.9547436968389199,6,horse,0.28555357308861623,6,horse,0.9871299654549732
train_00847,2,car,2,car,0.990406450236369,2,car,0.998092360526723,2,car,0.24408340769453615,2,car,0.9052102684659946
train_00849,5,dog,5,dog,0.985496034733427,5,dog,0.9947461576116903,5,dog,0.35430831952592334,5,dog,0.9727144458708135
train_00850,3,cat,3,cat,0.962769789800215,3,cat,0.9969912751456675,3,cat,0.24102517232758083,4,deer,0.4787518144975914
train_00851,8,ship,8,ship,0.9970796868143351,8,ship,0.9999126350942157,8,ship,0.4065737802470665,8,ship,0.9943139777403062
train_00852,3,cat,3,cat,0.9900256941907782,3,cat,0.9999392890306905,3,cat,0.293844576689501,3,cat,0.8303807461520603
train_00854,9,truck,9,truck,0.9749109767697556,9,truck,0.994448703809,9,truck,0.30360829345945706,9,truck,0.9909339073276553
train_00855,7,monkey,7,monkey,0.9383216133600258,7,monkey,0.9992370992324258,7,monkey,0.4015424614529307,7,monkey,0.9997694659583977
train_00856,1,bird,1,bird,0.9849181912036588,1,bird,0.9940181760545584,1,bird,0.20547280230393156,1,bird,0.8967242263762962
train_00857,8,ship,8,ship,0.9809777043540021,8,ship,0.9942992773527776,8,ship,0.3728953894545583,8,ship,0.9924901253895186
train_00858,0,airplane,0,airplane,0.9737530927163381,0,airplane,0.9995233734086506,0,airplane,0.39041403813613257,0,airplane,0.9817663347150303
train_00860,6,horse,6,horse,0.9324712224200052,6,horse,0.9998029549485733,6,horse,0.33885754790327793,6,horse,0.9991857232407012
train_00861,8,ship,8,ship,0.9738327947956097,8,ship,0.9948061763838607,8,ship,0.40272548023994753,8,ship,0.9969039487462868
train_00863,7,monkey,7,monkey,0.9236221544685825,7,monkey,0.9882656176153817,7,monkey,0.35291817364406775,7,monkey,0.9910232668959784
train_00864,9,truck,9,truck,0.9739088131047177,9,truck,0.9843210349038017,9,truck,0.27765081037160916,9,truck,0.6984832802607701
train_00865,1,bird,1,bird,0.9553101911283318,1,bird,0.9968711887994144,1,bird,0.3198376608255146,1,bird,0.9984586513483084
train_00867,5,dog,5,dog,0.89991058183547,5,dog,0.6999465586582436,7,monkey,0.16228504901879384,7,monkey,0.826635039255326
train_00868,5,dog,5,dog,0.9820334558270373,5,dog,0.9988159132694913,5,dog,0.33517081561133666,5,dog,0.9294216410762693
train_00869,7,monkey,7,monkey,0.9931919949581133,7,monkey,0.9980084006568937,7,monkey,0.4094343606512598,7,monkey,0.9995304252866748
train_00870,6,horse,6,horse,0.8652546573172446,6,horse,0.9446583233178744,6,horse,0.31371043558298883,6,horse,0.9957701910417219
train_00871,1,bird,1,bird,0.9959189687667882,1,bird,0.9966905873510161,1,bird,0.34986597914388046,1,bird,0.9987136927645524
train_00872,1,bird,1,bird,0.9534506710356074,1,bird,0.9991690593974067,1,bird,0.2892362507390998,1,bird,0.978632402113865
train_00873,6,horse,6,horse,0.9900866545941597,6,horse,0.9602796024230789,6,horse,0.28939319838772337,6,horse,0.9823231593161096
train_00874,7,monkey,7,monkey,0.9404222440182375,7,monkey,0.9980120972875076,7,monkey,0.41337030102414096,7,monkey,0.9979667189998791
train_00877,1,bird,1,bird,0.9964338004859733,1,bird,0.9965647145289818,1,bird,0.31274512790716685,1,bird,0.9928873881227608
train_00878,5,dog,5,dog,0.9839728863186352,5,dog,0.99263249990794,5,dog,0.337150999069726,5,dog,0.9148713750724474
train_00879,2,car,2,car,0.9892275042212448,2,car,0.9988409237575105,2,car,0.4150775103036582,2,car,0.9880671247922294
train_00880,7,monkey,7,monkey,0.978271782700859,7,monkey,0.9950376864011382,7,monkey,0.33806571102770133,7,monkey,0.9923115487847668
train_00881,5,dog,5,dog,0.9448982931398061,5,dog,0.9942549614098715,5,dog,0.32335976815524853,5,dog,0.9625708810833346
train_00882,8,ship,8,ship,0.97675333734667,8,ship,0.9997258775995935,8,ship,0.41346248560880483,8,ship,0.9947253218606258
train_00883,8,ship,8,ship,0.9064219018151898,8,ship,0.9970823438479299,8,ship,0.4390508559086982,8,ship,0.9869759556867775
train_00885,0,airplane,0,airplane,0.9366473234972745,0,airplane,0.988117360819915,0,airplane,0.3158824999173871,0,airplane,0.8753551610986756
train_00886,1,bird,1,bird,0.9637743907371246,1,bird,0.9982717196145215,1,bird,0.22173061521253143,1,bird,0.9756804508354645
train_00887,3,cat,3,cat,0.9620407619816197,3,cat,0.9996962580601617,3,cat,0.197791175666236,4,deer,0.6414888617667166
train_00889,7,monkey,7,monkey,0.9210971719899673,7,monkey,0.9978026878876456,7,monkey,0.3417271783908277,7,monkey,0.987861377179372
train_00891,2,car,2,car,0.9768013037233001,2,car,0.9962105003667686,2,car,0.3583390216256178,2,car,0.9907463096678158
train_00893,3,cat,3,cat,0.6813948537392185,3,cat,0.9816060481048001,4,deer,0.2176153894864787,4,deer,0.9874236410233441
train_00898,1,bird,1,bird,0.9978627572457136,1,bird,0.9982543464194035,1,bird,0.4016895764107927,1,bird,0.9973010614303714
train_00899,1,bird,1,bird,0.999936704723463,1,bird,0.999470631726265,1,bird,0.39369075886418603,1,bird,0.9990528755190639
train_00900,5,dog,5,dog,0.9254443341016853,5,dog,0.991927353430916,5,dog,0.298468735502817,5,dog,0.9483527208567153
train_00901,1,bird,1,bird,0.9853236737167818,1,bird,0.9931103689296689,1,bird,0.4513057265530181,1,bird,0.9985747761922025
train_00902,3,cat,3,cat,0.9388511675209325,3,cat,0.9987275750127178,3,cat,0.3017594146397468,3,cat,0.9531378899476074
train_00904,3,cat,3,cat,0.9887922915395344,3,cat,0.9999370621829624,3,cat,0.37212127507554216,3,cat,0.9099816969261709
train_00905,5,dog,5,dog,0.9882439578667547,5,dog,0.9758309043511191,5,dog,0.31010633008662714,5,dog,0.9596110433985857
train_00906,2,car,2,car,0.9954175449970499,2,car,0.9896841671802208,2,car,0.3091717325332073,2,car,0.9774759557087473
train_00907,5,dog,5,dog,0.8059871016740503,5,dog,0.9913618455420129,5,dog,0.2593074453121272,5,dog,0.9310262148497442
train_00909,8,ship,8,ship,0.8734639683477161,8,ship,0.9604236419849762,8,ship,0.34933387953769396,8,ship,0.9992070518788269
train_00910,2,car,2,car,0.9962657800776155,2,car,0.9995211069405769,2,car,0.3067488862667539,2,car,0.9784655292312232
train_00912,1,bird,1,bird,0.7795579773813716,1,bird,0.8289217867003323,1,bird,0.2562590837563661,1,bird,0.9908820289781973
train_00913,1,bird,1,bird,0.8461668483461129,1,bird,0.9254645151924653,1,bird,0.27514360031877855,1,bird,0.9860408564154814
train_00915,9,truck,9,truck,0.9865485805620204,9,truck,0.9902496549703355,9,truck,0.27260696998683936,9,truck,0.842064170196141
train_00916,1,bird,1,bird,0.9993133131179479,1,bird,0.9986705728130142,1,bird,0.38071386479841474,1,bird,0.9975142207767477
train_00917,8,ship,8,ship,0.9937192470898779,8,ship,0.9997864100572327,8,ship,0.4551560935819083,8,ship,0.996350981368732
train_00918,6,horse,6,horse,0.9969766985110247,6,horse,0.9973815465359971,6,horse,0.37917334002351155,6,horse,0.9994689321883277
train_00920,2,car,2,car,0.9954731685746333,2,car,0.9993098338860462,2,car,0.3171174976720073,2,car,0.9668812041569429
train_00921,3,cat,3,cat,0.9623626438144879,3,cat,0.9997078817133315,3,cat,0.23231794958261426,4,deer,0.46572466195504575
train_00922,3,cat,3,cat,0.8086934848808206,3,cat,0.9973503735647478,3,cat,0.28244409486515776,3,cat,0.9732720064178193
train_00923,9,truck,9,truck,0.8931516690889076,9,truck,0.9978935994497224,9,truck,0.256415392545327,9,truck,0.9121875980096185
train_00924,8,ship,8,ship,0.9652254920742466,8,ship,0.998754815861516,8,ship,0.3913192776946779,8,ship,0.9915313464580748
train_00925,1,bird,1,bird,0.9902019852142675,1,bird,0.9950487942644507,1,bird,0.40110225034374924,1,bird,0.998714671120456
train_00927,6,horse,6,horse,0.9999107919170624,6,horse,0.999924369014705,6,horse,0.3117634358992137,6,horse,0.9840568123294501
train_00928,5,dog,5,dog,0.9956163675558483,5,dog,0.996475407230714,5,dog,0.3439003212741086,5,dog,0.9829115488588405
train_00929,1,bird,1,bird,0.9954633217369327,1,bird,0.9988507907088262,1,bird,0.2402162515014437,1,bird,0.9784950594402697
train_00930,5,dog,5,dog,0.8466997229406091,5,dog,0.8415792694190112,5,dog,0.30398974940657525,5,dog,0.9419806486487802
train_00931,9,truck,9,truck,0.9892643690216716,9,truck,0.9972837850359547,9,truck,0.3748953367967215,9,truck,0.9953325357343015
train_00932,2,car,2,car,0.8822363124193879,2,car,0.9541529740603791,2,car,0.26075572490530363,2,car,0.9066961065910072
train_00933,0,airplane,0,airplane,0.9934623798505671,0,airplane,0.999962249027373,0,airplane,0.4103637163089329,0,airplane,0.9758133028000047
train_00934,0,airplane,0,airplane,0.9970536428979185,0,airplane,0.9998646567881756,0,airplane,0.39942688436376733,0,airplane,0.981393441729396
train_00935,6,horse,6,horse,0.9983994232223522,6,horse,0.9981470864577131,6,horse,0.3537205059756106,6,horse,0.9956744156783462
train_00937,7,monkey,7,monkey,0.9757653129389988,7,monkey,0.9978935166385794,7,monkey,0.3912959008069639,7,monkey,0.9978635965689419
train_00938,0,airplane,0,airplane,0.9849023242930425,0,airplane,0.9998827961500906,0,airplane,0.3868680264743431,0,airplane,0.883599950103901
train_00939,9,truck,9,truck,0.9366549122721249,9,truck,0.9945914904962271,9,truck,0.27370812144476087,9,truck,0.6105169380770822
train_00940,9,truck,9,truck,0.9975130497854071,9,truck,0.9983529677596739,9,truck,0.31879204500467756,9,truck,0.9860040651654871
train_00941,4,deer,4,deer,0.9713603364428359,4,deer,0.9807987849237039,4,deer,0.29278909814284904,4,deer,0.9963398637232825
train_00942,6,horse,6,horse,0.6112118469867267,6,horse,0.7728260084182638,6,horse,0.20649466374122266,6,horse,0.9872203369214971
train_00943,6,horse,6,horse,0.9793810804194719,6,horse,0.993386961715381,6,horse,0.28276597281777854,6,horse,0.9840553810975312
train_00944,9,truck,9,truck,0.9663825172911922,9,truck,0.9746348098337073,9,truck,0.26487992361329254,9,truck,0.7116928920035157
train_00945,1,bird,1,bird,0.9989035547768312,1,bird,0.999962772582363,1,bird,0.39299210050283717,1,bird,0.9983428901000801
train_00948,8,ship,8,ship,0.9613373196822605,8,ship,0.9983049597443737,8,ship,0.44932270253021617,8,ship,0.9925333832095307
train_00949,8,ship,8,ship,0.9811432786817588,8,ship,0.9996342063712008,8,ship,0.4592899200023793,8,ship,0.9964929398909325
train_00950,6,horse,6,horse,0.9547640035308297,6,horse,0.9766108883909085,6,horse,0.2865935891396969,6,horse,0.9026432146996838
train_00951,2,car,2,car,0.9984236366294227,2,car,0.9999580914093237,2,car,0.3810319449996746,2,car,0.9703549573596065
train_00952,3,cat,3,cat,0.973789765965015,3,cat,0.9994405165352814,3,cat,0.28223589993403325,3,cat,0.9534905841036191
train_00953,1,bird,1,bird,0.9993424098748612,1,bird,0.9999460945521477,1,bird,0.3331922272730965,1,bird,0.9945186004116132
train_00955,4,deer,4,deer,0.931363172090389,4,deer,0.9974058395462064,4,deer,0.4081786933747594,4,deer,0.9971409223282396
train_00956,3,cat,3,cat,0.8539691124434409,3,cat,0.9983863012031119,3,cat,0.28986413345049167,3,cat,0.9709276881026959
train_00957,8,ship,8,ship,0.9928456895091791,8,ship,0.9983836260521106,8,ship,0.5009625702002501,8,ship,0.9930698240362223
train_00958,9,truck,9,truck,0.9873337998450857,9,truck,0.9995874463559662,9,truck,0.2567854612637801,9,truck,0.9677621468220352
train_00961,3,cat,3,cat,0.9593231124397296,3,cat,0.995060472471247,3,cat,0.2992291149150834,4,deer,0.5767948389591538
train_00963,0,airplane,0,airplane,0.9183925876829682,0,airplane,0.9974339856795349,0,airplane,0.43101823567026143,0,airplane,0.9901538497105784
train_00964,5,dog,5,dog,0.9994296067517136,5,dog,0.8793748748490031,5,dog,0.33894209014755766,5,dog,0.9755860276857559
train_00965,4,deer,4,deer,0.972768514843522,4,deer,0.9967327533333021,4,deer,0.3739167792037434,4,deer,0.9993221408070807
train_00966,5,dog,5,dog,0.987191184349199,5,dog,0.9939063242811933,5,dog,0.3026702553739408,5,dog,0.9628570965347039
train_00967,3,cat,3,cat,0.7605650304301294,3,cat,0.8633605220186544,4,deer,0.2743350956968784,4,deer,0.9936292127823412
train_00968,4,deer,4,deer,0.9297117077733743,4,deer,0.9999242280026609,4,deer,0.37886366735205035,4,deer,0.9974220239290796
train_00969,9,truck,9,truck,0.9941120629782505,9,truck,0.9996312878711878,9,truck,0.36330030276365116,9,truck,0.9795506639797859
train_00970,3,cat,3,cat,0.6271889330102904,3,cat,0.9969891518263708,4,deer,0.21130523288169645,4,deer,0.8481409925436301
train_00971,6,horse,6,horse,0.9690318645228869,6,horse,0.9985077689363282,6,horse,0.29845838851717665,6,horse,0.9913116844207384
train_00972,6,horse,4,deer,0.6976277832224274,6,horse,0.5519723030111968,4,deer,0.22267761408059972,6,horse,0.8170743889550501
train_00973,6,horse,6,horse,0.9913644430967683,6,horse,0.9990223141437635,6,horse,0.3510835567068439,6,horse,0.9888236539241815
train_00974,8,ship,8,ship,0.9891719050485573,8,ship,0.9996341363072909,8,ship,0.4992522393245717,8,ship,0.9966490134126231
train_00976,3,cat,3,cat,0.9046962075303826,3,cat,0.8089543813060323,3,cat,0.28052389393992777,3,cat,0.9680603284701456
train_00977,5,dog,5,dog,0.9907337732764883,5,dog,0.9746996943173212,5,dog,0.30148295197208475,5,dog,0.9104020531936332
train_00978,7,monkey,7,monkey,0.9861594312991373,7,monkey,0.9994151640575099,7,monkey,0.2720156926151955,7,monkey,0.8085438970945603
train_00980,0,airplane,0,airplane,0.8955062787111309,0,airplane,0.9984335043661211,0,airplane,0.33537178568609427,0,airplane,0.9391397813434176
train_00981,7,monkey,7,monkey,0.9724111515294465,7,monkey,0.9985435760499933,7,monkey,0.33857747893476237,7,monkey,0.996173559417644
train_00982,5,dog,5,dog,0.9788920055229191,5,dog,0.9945297673662113,5,dog,0.3212183738905382,5,dog,0.8823391935361974
train_00984,4,deer,4,deer,0.9327620137657627,4,deer,0.9524359845175469,4,deer,0.3377827151776704,4,deer,0.9984716598185664
train_00985,4,deer,4,deer,0.9776495843652117,4,deer,0.9978227674545359,4,deer,0.4099457877261897,4,deer,0.9981937523557718
train_00986,5,dog,5,dog,0.9805863597399582,5,dog,0.9838150311914864,5,dog,0.23017705241984016,5,dog,0.9505276070422825
train_00987,5,dog,5,dog,0.9892717114590842,5,dog,0.9963310706414135,5,dog,0.3685253483313737,5,dog,0.9354634098979481
train_00988,9,truck,9,truck,0.9212735288618576,9,truck,0.9986515097966449,9,truck,0.40592988238609484,9,truck,0.9964467579550838
train_00989,7,monkey,7,monkey,0.9661574318626015,7,monkey,0.9996376151445772,7,monkey,0.32119924184903886,7,monkey,0.9840646092792735
train_00990,7,monkey,7,monkey,0.9568661324190291,7,monkey,0.9997558394290554,7,monkey,0.3528555359634268,7,monkey,0.9995421643996011
train_00992,9,truck,9,truck,0.7977214658537872,9,truck,0.9835998232143185,9,truck,0.3430088104337828,9,truck,0.9908098893939792
train_00993,2,car,2,car,0.9883723751682808,2,car,0.9976686880390112,2,car,0.30479301755155297,2,car,0.8668522179168258
train_00994,2,car,2,car,0.9989112838581609,2,car,0.999301429678747,2,car,0.3445689446378125,2,car,0.9955744527357677
train_00995,1,bird,1,bird,0.9996292110806619,1,bird,0.9915064094186492,1,bird,0.4109094648992933,1,bird,0.9968818219686563
train_00997,0,airplane,0,airplane,0.9456568216038107,0,airplane,0.9993805973060388,0,airplane,0.34851328929709674,0,airplane,0.9762988396004199
train_00998,0,airplane,0,airplane,0.9942082065789586,0,airplane,0.9990855739255655,0,airplane,0.4098533061038165,0,airplane,0.980778010685771
train_00999,0,airplane,0,airplane,0.8332981694809514,0,airplane,0.9953738494484128,0,airplane,0.2839719358529882,0,airplane,0.8038478625035927
train_01000,2,car,2,car,0.9957650995555452,2,car,0.9996549172254369,2,car,0.3764840670345526,2,car,0.9901548905639285
train_01001,3,cat,3,cat,0.9840397380112046,3,cat,0.9998227434471144,3,cat,0.36119715810385766,3,cat,0.967702363470993
train_01002,1,bird,1,bird,0.9979942959964034,1,bird,0.9997191165595455,1,bird,0.3342525591753159,1,bird,0.9956958211507816
train_01004,1,bird,1,bird,0.9860956753387784,1,bird,0.9999538073204861,1,bird,0.406059650788161,1,bird,0.9989870818338805
train_01006,0,airplane,0,airplane,0.9829114446837129,0,airplane,0.9996038285106602,0,airplane,0.38181760088452693,0,airplane,0.8757098038654232
train_01007,9,truck,9,truck,0.9830162730344321,9,truck,0.9979230417260407,9,truck,0.35800754081568764,9,truck,0.9922750211286284
train_01008,3,cat,3,cat,0.8339695777833873,3,cat,0.9936138075693431,4,deer,0.1868598860833779,4,deer,0.8407996342259119
train_01010,7,monkey,7,monkey,0.9636107945371061,7,monkey,0.9992730533068865,7,monkey,0.3929987439546425,7,monkey,0.9964397363328062
train_01011,7,monkey,7,monkey,0.9960632868364692,7,monkey,0.9992785718097652,7,monkey,0.395002703727547,7,monkey,0.9998620223681389
train_01012,0,airplane,0,airplane,0.9785400993695786,0,airplane,0.9994132014391018,0,airplane,0.3842774732432371,0,airplane,0.9583133727093672
train_01013,9,truck,9,truck,0.9873978928650193,9,truck,0.9872162335258886,9,truck,0.21335962051700744,9,truck,0.8037933218541643
train_01014,8,ship,8,ship,0.85731535322991,8,ship,0.9929050179869018,8,ship,0.40867314647030833,8,ship,0.9894722194022326
train_01015,5,dog,5,dog,0.9712180527448216,5,dog,0.9949514085357837,5,dog,0.31654809338764084,5,dog,0.9880861267065696
train_01016,9,truck,9,truck,0.9682147569129584,9,truck,0.9993352440548335,9,truck,0.4207349324604937,9,truck,0.9888442017089946
train_01017,7,monkey,7,monkey,0.9936299818058326,7,monkey,0.9995431017490234,7,monkey,0.3654935817431659,7,monkey,0.9995977821919528
train_01018,1,bird,1,bird,0.989030934580336,1,bird,0.9973478116327655,1,bird,0.2674122722683609,1,bird,0.9932625154021418
train_01019,5,dog,5,dog,0.9757804709352814,5,dog,0.943260255291451,5,dog,0.32153044359101424,5,dog,0.9434450192221716
train_01021,4,deer,4,deer,0.9854295383165389,4,deer,0.9611205306691206,4,deer,0.3077616527571081,4,deer,0.9993972114212821
train_01023,6,horse,6,horse,0.9900257383147293,6,horse,0.9990260664118507,6,horse,0.3278330636755979,6,horse,0.9860988655256685
train_01024,5,dog,5,dog,0.9945193856910227,5,dog,0.9659754481361106,5,dog,0.35066481791471255,5,dog,0.9751544432449422
train_01026,1,bird,1,bird,0.9609348776219906,1,bird,0.9456225779132746,1,bird,0.206675916394082,1,bird,0.9915660990001888
train_01029,9,truck,9,truck,0.87463744024235,9,truck,0.9820214746477436,9,truck,0.3088480697826281,9,truck,0.9662642904546902
train_01030,0,airplane,0,airplane,0.6146091991518343,0,airplane,0.6459049746338466,0,airplane,0.34173297002056446,0,airplane,0.9150300379403549
train_01031,1,bird,1,bird,0.9463653929641443,1,bird,0.9425647664317109,1,bird,0.28351078278496333,1,bird,0.9905843047406059
train_01032,7,monkey,7,monkey,0.9927927838063945,7,monkey,0.9998040175178093,7,monkey,0.26291609892854745,7,monkey,0.9946448996681269
train_01033,1,bird,1,bird,0.9996813642414285,1,bird,0.9999028088181618,1,bird,0.31508235550312313,1,bird,0.9958533198652891
train_01034,3,cat,3,cat,0.7288000370136397,3,cat,0.9870953946068269,3,cat,0.27647883032028187,3,cat,0.9226847478085908
train_01035,9,truck,9,truck,0.9755717678211009,9,truck,0.9984357526000134,9,truck,0.323243987607076,9,truck,0.9905784940166462
train_01037,0,airplane,0,airplane,0.9968115351189575,0,airplane,0.9999219450054745,0,airplane,0.3537296332350066,0,airplane,0.9548184615932047
train_01039,0,airplane,0,airplane,0.9989040091037555,0,airplane,0.9999407224895391,0,airplane,0.39284909269800794,0,airplane,0.9860749704075464
train_01041,9,truck,9,truck,0.9839247808725242,9,truck,0.9986915157499707,9,truck,0.37417971090131974,9,truck,0.9962948809506665
train_01042,4,deer,4,deer,0.9822236906558663,4,deer,0.9996408769245162,4,deer,0.3256131053591549,4,deer,0.9995945038038367
train_01043,3,cat,3,cat,0.983680074964004,3,cat,0.998764244333974,3,cat,0.3627985814814708,3,cat,0.8363978755416832
train_01045,8,ship,8,ship,0.9902090717318226,8,ship,0.9974531509968675,8,ship,0.3566449627146798,8,ship,0.9972006299229293
train_01049,9,truck,9,truck,0.8550172228107148,9,truck,0.9267874492856324,9,truck,0.21189233552313025,9,truck,0.8772513787604703
train_01050,3,cat,3,cat,0.9985510867187624,3,cat,0.9982647785864356,3,cat,0.29554526721130814,3,cat,0.8095146364805086
train_01051,6,horse,6,horse,0.9837413173795448,6,horse,0.9991089868147969,6,horse,0.3148024463412696,6,horse,0.9879343598751287
train_01053,2,car,2,car,0.9466042841475463,2,car,0.9983032128725059,2,car,0.3696184311107665,2,car,0.9818768275034426
train_01054,1,bird,1,bird,0.9977432753017105,1,bird,0.9998599981028979,1,bird,0.3990759916198547,1,bird,0.9980952363133814
train_01055,0,airplane,0,airplane,0.9500982380259994,0,airplane,0.9996548275775314,0,airplane,0.40012229087809864,0,airplane,0.9211285291103215
train_01056,0,airplane,0,airplane,0.9896624713659754,0,airplane,0.9997481153134451,0,airplane,0.4031529791752956,0,airplane,0.961057800106589
train_01057,3,cat,3,cat,0.982147911252614,3,cat,0.996487896969298,3,cat,0.3509197747375003,3,cat,0.9638248456639207
train_01058,6,horse,6,horse,0.9998031189449795,6,horse,0.9991725444900317,6,horse,0.29261004236038124,6,horse,0.955943023411074
train_01059,3,cat,3,cat,0.9357930117780878,3,cat,0.9972509497954304,3,cat,0.23132777869823676,7,monkey,0.6129700732926535
train_01060,4,deer,4,deer,0.9852137657682828,4,deer,0.999737083727284,4,deer,0.37967149522196164,4,deer,0.9990736499854573
train_01061,1,bird,1,bird,0.9953676033472497,1,bird,0.9990664283792936,1,bird,0.400324500910411,1,bird,0.9964779933125317
train_01064,9,truck,9,truck,0.9817253463798782,9,truck,0.9948114484493953,9,truck,0.38401769795578405,9,truck,0.9710418407492495
train_01065,8,ship,8,ship,0.9878155558196681,8,ship,0.999942011931762,8,ship,0.44747454858628793,8,ship,0.9934533341623354
train_01066,2,car,2,car,0.9965131972270675,2,car,0.999655390567086,2,car,0.34877735296111234,2,car,0.9945210726112704
train_01067,9,truck,9,truck,0.9946024336755018,9,truck,0.9995020257082508,9,truck,0.4035360305054386,9,truck,0.9942065002806356
train_01068,2,car,2,car,0.9939559671123079,2,car,0.9999327518327795,2,car,0.3597804844879402,2,car,0.9881539578249593
train_01069,9,truck,9,truck,0.9744965359639083,9,truck,0.9954828632650823,9,truck,0.32079573377072723,9,truck,0.960013073277983
train_01070,9,truck,9,truck,0.9911448801735597,9,truck,0.9937115073032406,9,truck,0.3450050932141716,9,truck,0.990408722013041
train_01072,9,truck,9,truck,0.9895045833875475,9,truck,0.9994463691285966,9,truck,0.3973437669151783,9,truck,0.9951989750893996
train_01073,1,bird,1,bird,0.9839435851575926,1,bird,0.9825279571828983,1,bird,0.18449534913296317,1,bird,0.954359054931511
train_01074,2,car,2,car,0.9759475365759751,2,car,0.9985228684237238,2,car,0.4063012883425661,2,car,0.96524419546137
train_01075,7,monkey,7,monkey,0.9757789812548181,7,monkey,0.998923082386836,7,monkey,0.26540650457619647,7,monkey,0.9940498287858709
train_01077,3,cat,3,cat,0.778470719502725,3,cat,0.9888602619262657,3,cat,0.19187626195083932,4,deer,0.6944853622942437
train_01079,2,car,2,car,0.9927314521268727,2,car,0.9999339222473284,2,car,0.3739187166130836,2,car,0.9676297686553486
train_01080,9,truck,9,truck,0.9625018155786591,9,truck,0.9932105087652757,9,truck,0.2643017798132774,9,truck,0.7787248949436341
train_01081,2,car,2,car,0.9641400606116359,2,car,0.9933869163326865,2,car,0.3023248191973811,2,car,0.9902513892925942
train_01083,9,truck,9,truck,0.9911040830517577,9,truck,0.9999131389718497,9,truck,0.3488210876569175,9,truck,0.9939149466491362
train_01084,3,cat,3,cat,0.9418301424098872,3,cat,0.9952572640066231,3,cat,0.32154470242355154,3,cat,0.8969904289315102
train_01085,7,monkey,7,monkey,0.94275246927013,7,monkey,0.9207362683495334,7,monkey,0.26889948690218685,7,monkey,0.9029871242535563
train_01086,4,deer,4,deer,0.5263156347802339,4,deer,0.893936484858355,4,deer,0.2098112921189854,4,deer,0.7499864373073835
train_01087,1,bird,1,bird,0.9564372118787934,1,bird,0.9913817111318115,1,bird,0.20880538568591764,1,bird,0.9515587014338331
train_01088,1,bird,1,bird,0.9494227208536362,1,bird,0.9877676530372383,1,bird,0.2878138118033876,1,bird,0.9831529823667028
train_01089,0,airplane,0,airplane,0.9731760522134213,0,airplane,0.9996108819006556,0,airplane,0.41586644709511805,0,airplane,0.975038684406342
train_01090,0,airplane,0,airplane,0.903584695492757,0,airplane,0.9996217394491648,0,airplane,0.2836985921943749,0,airplane,0.9491184256135938
train_01091,7,monkey,7,monkey,0.9444813348712675,7,monkey,0.986459554438865,7,monkey,0.35582147253520374,7,monkey,0.9989739474764194
train_01092,5,dog,5,dog,0.9940897723958819,5,dog,0.9950748903804214,5,dog,0.3277278855995043,5,dog,0.8834597334578019
train_01094,5,dog,5,dog,0.8289516518134461,5,dog,0.6494755633276177,5,dog,0.2586705476762539,5,dog,0.9634489228785843
train_01095,3,cat,3,cat,0.9541600935771202,3,cat,0.9968294213446449,3,cat,0.21662635601038974,4,deer,0.6218882683910862
train_01098,6,horse,6,horse,0.913985606764248,6,horse,0.9933997670054575,6,horse,0.295703508845641,6,horse,0.996447811698782
train_01100,3,cat,3,cat,0.9859947276244473,3,cat,0.993912183147169,3,cat,0.2688957758885093,3,cat,0.9745440595779781
train_01101,3,cat,3,cat,0.953662819911847,3,cat,0.9960108367752801,3,cat,0.3838814816908476,3,cat,0.9453998513710203
train_01103,5,dog,5,dog,0.9956000431877843,5,dog,0.9992118504765698,5,dog,0.3396825151380277,5,dog,0.892208527290548
train_01105,3,cat,3,cat,0.9871191770486851,3,cat,0.9999575834069601,3,cat,0.3223442271628145,3,cat,0.9714444633186863
train_01107,5,dog,5,dog,0.9976316505362608,5,dog,0.982817083454732,5,dog,0.2644407853304586,5,dog,0.8689197461295475
train_01108,2,car,2,car,0.9920484639488046,2,car,0.9990745577121788,2,car,0.2993954863114986,2,car,0.9123064143882007
train_01111,7,monkey,7,monkey,0.9147301849812165,7,monkey,0.9584716780524662,7,monkey,0.4429133287428459,7,monkey,0.9996548192919368
train_01113,2,car,2,car,0.9786126801114197,2,car,0.9998013046279128,2,car,0.4157873192301959,2,car,0.9935731444554087
train_01114,6,horse,6,horse,0.9885871811335692,6,horse,0.9981704351097449,6,horse,0.30335751836203206,6,horse,0.952389232644006
train_01115,4,deer,4,deer,0.9920189888590113,4,deer,0.9977615748403714,4,deer,0.3562770397032714,4,deer,0.9989649121453936
train_01116,8,ship,8,ship,0.9946056168330578,8,ship,0.9990958149021774,8,ship,0.4486633022692982,8,ship,0.9864914642802717
train_01117,0,airplane,0,airplane,0.9671099562983594,0,airplane,0.9889432085882666,0,airplane,0.33496935296219144,0,airplane,0.8512716172809508
train_01119,3,cat,3,cat,0.9890459334557912,3,cat,0.996285390897141,3,cat,0.2948643372347919,3,cat,0.9819720644670447
train_01121,7,monkey,7,monkey,0.969078654544169,7,monkey,0.9983032359942402,7,monkey,0.32816781105874016,7,monkey,0.9996717661704366
train_01122,4,deer,4,deer,0.9846768267635214,4,deer,0.9651867672235513,4,deer,0.2902219701369866,4,deer,0.9977528901162507
train_01123,6,horse,6,horse,0.9568463299814202,6,horse,0.9993531009420178,6,horse,0.32151776440672697,6,horse,0.9986428642665168
train_01124,0,airplane,0,airplane,0.9936471183256893,0,airplane,0.9979412112345541,0,airplane,0.3833252482489346,0,airplane,0.9493653417125355
train_01125,3,cat,3,cat,0.9927140050052538,3,cat,0.999766287228556,3,cat,0.3065368260527894,3,cat,0.9747044860017265
train_01126,8,ship,8,ship,0.9291163576919915,8,ship,0.9784858944350866,8,ship,0.35761725014572276,8,ship,0.9973722324514431
train_01127,8,ship,8,ship,0.9669011663565668,8,ship,0.9983152480875226,8,ship,0.4336853870518817,8,ship,0.9909350120068664
train_01128,6,horse,6,horse,0.9855474977551122,6,horse,0.998854376048805,6,horse,0.2509500804260623,6,horse,0.9599808557837122
train_01129,6,horse,6,horse,0.9225258413609466,6,horse,0.9997119524556217,6,horse,0.31771450454874206,6,horse,0.9991228001949255
train_01130,2,car,2,car,0.9909353753282157,2,car,0.9993760737302491,2,car,0.3328462346920117,2,car,0.9724709238218974
train_01131,0,airplane,0,airplane,0.9800716950841657,0,airplane,0.9925732143442398,0,airplane,0.401898354510226,0,airplane,0.9800024840018435
train_01132,9,truck,9,truck,0.9751086607479561,9,truck,0.9929875628534656,9,truck,0.39876594142787586,9,truck,0.9926028696709575
train_01134,1,bird,1,bird,0.734495022680488,1,bird,0.9456194286004521,1,bird,0.2518351904562242,1,bird,0.9374646145585166
train_01135,6,horse,6,horse,0.9994260518489092,6,horse,0.9995951601525651,6,horse,0.3542219751381874,6,horse,0.9954331871688793
train_01136,0,airplane,0,airplane,0.9929051461456488,0,airplane,0.9999714109814214,0,airplane,0.3867777806666056,0,airplane,0.9567892858541058
train_01137,3,cat,3,cat,0.9762695629492013,3,cat,0.999270354348906,3,cat,0.3288604891178461,3,cat,0.9791097650898071
train_01139,9,truck,9,truck,0.9365266576719994,9,truck,0.9991956468804801,9,truck,0.41787658402170813,9,truck,0.9930462770792735
train_01140,5,dog,5,dog,0.939034958016453,5,dog,0.9958203660232241,5,dog,0.31832143314999956,5,dog,0.9698248340778817
train_01141,7,monkey,7,monkey,0.8568369195181638,7,monkey,0.988512611705889,7,monkey,0.38171071632838105,7,monkey,0.9997152436805562
train_01142,6,horse,6,horse,0.9875005143553391,6,horse,0.9979491531199093,6,horse,0.35322617646177756,6,horse,0.9978590176914464
train_01143,2,car,2,car,0.9970816673698378,2,car,0.99984047276396,2,car,0.3536721775384775,2,car,0.9776887448232723
train_01144,6,horse,6,horse,0.9837335777944411,6,horse,0.9996442995442492,6,horse,0.30757587268586295,6,horse,0.9170976097998096
train_01146,3,cat,3,cat,0.8736525336502609,3,cat,0.9967383098360635,1,bird,0.20575064383992792,1,bird,0.8332887379735081
train_01147,2,car,2,car,0.9974148389280753,2,car,0.9999706571052979,2,car,0.47992159860556866,2,car,0.9929809711533765
train_01150,9,truck,9,truck,0.9883342145324059,9,truck,0.8999175423288841,9,truck,0.2773622686667164,9,truck,0.593401048064086
train_01152,0,airplane,0,airplane,0.994038827078563,0,airplane,0.9994324288303377,0,airplane,0.38825455833752903,0,airplane,0.9855136600271066
train_01153,0,airplane,0,airplane,0.9850439690428792,0,airplane,0.9992192675024428,0,airplane,0.3256808511824283,0,airplane,0.8683310470122261
train_01154,3,cat,3,cat,0.9900536362395111,3,cat,0.9904929586981955,3,cat,0.2922555766592702,3,cat,0.7281073085424823
train_01155,5,dog,5,dog,0.9826851434517277,5,dog,0.9947314249126155,5,dog,0.35586401600245327,5,dog,0.946022867602701
train_01157,8,ship,8,ship,0.981427886554993,8,ship,0.994924203735633,8,ship,0.38073407570987955,8,ship,0.996450470236513
train_01158,2,car,2,car,0.9918469640185879,2,car,0.9850653332078068,2,car,0.2543196594181935,2,car,0.9289429408686687
train_01159,9,truck,9,truck,0.9978766031272522,9,truck,0.974652475931651,9,truck,0.233892625213904,9,truck,0.9714697577688199
train_01160,3,cat,3,cat,0.981906272148727,3,cat,0.9995369053410982,3,cat,0.19375792137334946,4,deer,0.37783020711643084
train_01161,8,ship,8,ship,0.954904317281531,8,ship,0.9881744090921346,8,ship,0.3632952170156052,8,ship,0.9906518352572418
train_01163,3,cat,3,cat,0.9237079589852918,3,cat,0.9996850007863634,3,cat,0.2877177506078492,3,cat,0.9787717285294697
train_01166,1,bird,1,bird,0.9892477615003279,1,bird,0.9844425752159759,1,bird,0.42584556214132524,1,bird,0.9956351429826472
train_01167,8,ship,8,ship,0.9826818963117149,8,ship,0.9982875739199703,8,ship,0.3414051383065824,8,ship,0.9976969408118134
train_01168,2,car,2,car,0.9914685198932378,2,car,0.9996310782055171,2,car,0.42490436941057375,2,car,0.9893506731584975
train_01171,7,monkey,7,monkey,0.9779863642109119,7,monkey,0.9984007211882207,7,monkey,0.29952491726218217,7,monkey,0.9910219582782986
train_01172,8,ship,8,ship,0.9853516596148448,8,ship,0.9884153826986446,8,ship,0.3011432263102618,8,ship,0.994154626459876
train_01173,3,cat,3,cat,0.9022519650346776,3,cat,0.9866837303294009,3,cat,0.18612178480772035,4,deer,0.8431420528469511
train_01174,9,truck,9,truck,0.9404615894751014,9,truck,0.9997061847873401,9,truck,0.3568223819444364,9,truck,0.9944537047024203
train_01175,1,bird,1,bird,0.9436189049721583,1,bird,0.9971696278688643,1,bird,0.35190529878951654,1,bird,0.9985845567564412
train_01176,4,deer,4,deer,0.9976733736443762,4,deer,0.9983537106737785,4,deer,0.32873675405496317,4,deer,0.9817803242342449
train_01177,6,horse,6,horse,0.9967604017394298,6,horse,0.999537823762344,6,horse,0.3992396590361808,6,horse,0.998001546690657
train_01179,1,bird,1,bird,0.993529705162468,1,bird,0.9996417684009138,1,bird,0.3584208365142485,1,bird,0.996303381021834
train_01180,9,truck,9,truck,0.972034880626198,9,truck,0.9996778547556961,9,truck,0.3444193735634721,9,truck,0.9756010411986179
train_01181,6,horse,6,horse,0.8257204366609278,6,horse,0.9182748366843307,6,horse,0.3113520607160395,6,horse,0.9870210968322722
train_01183,7,monkey,7,monkey,0.9603529435036717,7,monkey,0.9994872768030673,7,monkey,0.3778009528582115,7,monkey,0.9995976629089478
train_01185,9,truck,9,truck,0.9820044597661824,9,truck,0.9998666841518957,9,truck,0.3845471169132563,9,truck,0.9909573822063914
train_01186,8,ship,8,ship,0.9544955619767105,8,ship,0.9921382818988107,8,ship,0.43078963404103215,8,ship,0.9843183257155779
train_01187,6,horse,6,horse,0.9572440087371501,6,horse,0.997334966699173,6,horse,0.266080226040273,6,horse,0.9792708547811473
train_01188,1,bird,1,bird,0.9983792622323314,1,bird,0.9938040570716786,1,bird,0.21681303933145726,1,bird,0.9878277418392178
train_01189,8,ship,8,ship,0.993716210007533,8,ship,0.9997823915796322,8,ship,0.47033438432685426,8,ship,0.9958103471622438
train_01191,8,ship,8,ship,0.9271335356853381,8,ship,0.9970134192851312,8,ship,0.45895856310400346,8,ship,0.9987174251439943
train_01192,4,deer,4,deer,0.9862796980952558,4,deer,0.9992042532119683,4,deer,0.3602478002462432,4,deer,0.9983436932995067
train_01193,3,cat,3,cat,0.9585565822041924,3,cat,0.9864489160929976,3,cat,0.2714779294449501,3,cat,0.6871700840089972
train_01194,1,bird,1,bird,0.9919555062468896,1,bird,0.9998940632966202,1,bird,0.30112692157084464,1,bird,0.9959864920010776
train_01195,9,truck,9,truck,0.9923963202368684,9,truck,0.9997838303828186,9,truck,0.3261858752256056,9,truck,0.9642099454516017
train_01196,8,ship,8,ship,0.9557866145897677,8,ship,0.9983430744566656,8,ship,0.3713255745164332,8,ship,0.9789757314820562
train_01197,1,bird,1,bird,0.8358154813900259,1,bird,0.9982878161702451,1,bird,0.3500612198657206,1,bird,0.992954789494484
train_01199,3,cat,3,cat,0.9564468332518792,3,cat,0.9969727297938762,3,cat,0.3023595165631892,3,cat,0.9561151536674198
train_01200,3,cat,3,cat,0.9510778119000951,3,cat,0.9971776132954148,3,cat,0.19541511554754343,4,deer,0.9094816831992459
train_01201,3,cat,3,cat,0.9974744030608278,3,cat,0.9996968943467448,3,cat,0.3949695957339703,3,cat,0.9356473361332507
train_01203,7,monkey,7,monkey,0.9889030612300458,7,monkey,0.9975440771178491,7,monkey,0.40436334334197716,7,monkey,0.9997701328573685
train_01204,6,horse,6,horse,0.9991233797295214,6,horse,0.9997401802229567,6,horse,0.3592085614583285,6,horse,0.9938258408466907
train_01205,5,dog,5,dog,0.90617323151839,5,dog,0.990729792908614,5,dog,0.2974716992494399,5,dog,0.9388992306155327
train_01206,8,ship,8,ship,0.9916138153885934,8,ship,0.9937173245789815,8,ship,0.3486082837163464,8,ship,0.9796280550919039
train_01207,4,deer,4,deer,0.9404153609842744,4,deer,0.9994813251987168,4,deer,0.32400241889672515,4,deer,0.9961059180099663
train_01208,9,truck,9,truck,0.9607242610249154,9,truck,0.9995053250017314,9,truck,0.3411650765408769,9,truck,0.9899967257806003
train_01209,6,horse,6,horse,0.9204885952279926,6,horse,0.9919414104333057,6,horse,0.3729157399075481,6,horse,0.9983300063269166
train_01210,2,car,2,car,0.9949500603776118,2,car,0.9999146015233038,2,car,0.3622368951685165,2,car,0.9945026339400064
train_01212,4,deer,4,deer,0.9883810571286918,4,deer,0.9993206815688335,4,deer,0.4153152039186677,4,deer,0.9981481639483922
train_01213,0,airplane,0,airplane,0.99837344043596,0,airplane,0.999860769254831,0,airplane,0.3452061201698234,0,airplane,0.9605720224430848
train_01214,8,ship,8,ship,0.9950639887997916,8,ship,0.9996869673927193,8,ship,0.479994217365732,8,ship,0.9978122921286328
train_01215,0,airplane,0,airplane,0.9339566748994678,0,airplane,0.9955610938551896,0,airplane,0.3496499054222912,0,airplane,0.9587625562666221
train_01216,5,dog,5,dog,0.9891252994736808,5,dog,0.9704357923752672,5,dog,0.3219273679496567,5,dog,0.9491098937210805
train_01217,6,horse,6,horse,0.8708795724807626,6,horse,0.9998314176464815,6,horse,0.2960424935042113,6,horse,0.9908399283022681
train_01218,5,dog,5,dog,0.9317176873058262,5,dog,0.9988721353675214,5,dog,0.34241764247150175,5,dog,0.973404833702687
train_01219,1,bird,1,bird,0.980816476313355,1,bird,0.9988496258676014,1,bird,0.26970038639739424,1,bird,0.9791832234353608
train_01220,5,dog,5,dog,0.9841329952085032,5,dog,0.9989233205907331,5,dog,0.32611025078699574,5,dog,0.9623666834878154
train_01223,4,deer,4,deer,0.971034280598544,4,deer,0.9998587812742714,4,deer,0.3784829828740068,4,deer,0.9975407726734378
train_01224,7,monkey,7,monkey,0.9231700727362502,7,monkey,0.9242181092144123,1,bird,0.25146915963980804,1,bird,0.9683736163509835
train_01225,9,truck,9,truck,0.9804502054942393,9,truck,0.9920000380581455,9,truck,0.42854819908821956,9,truck,0.9802206388574398
train_01226,4,deer,4,deer,0.9788523714900205,4,deer,0.998473698984826,4,deer,0.383491845587399,4,deer,0.9996192946627448
train_01227,1,bird,1,bird,0.9989596592023405,1,bird,0.9964880769679976,1,bird,0.3912158158659035,1,bird,0.9991777377516474
train_01229,6,horse,6,horse,0.8529999008988967,6,horse,0.9868807325085643,6,horse,0.3076935957644164,6,horse,0.9969892192543363
train_01231,2,car,2,car,0.907179823388582,2,car,0.9890785563687996,2,car,0.32812146390829505,2,car,0.9154458750741991
train_01232,1,bird,1,bird,0.9709598150946145,1,bird,0.9968741344930794,1,bird,0.2502833799620194,1,bird,0.9921622032372405
train_01233,3,cat,3,cat,0.9544509324782054,3,cat,0.9996405865553512,3,cat,0.2883203934624511,3,cat,0.9593139347632476
train_01234,9,truck,9,truck,0.9637335756063531,9,truck,0.9989595544652032,9,truck,0.39619676625636907,9,truck,0.98727977757796
train_01235,5,dog,5,dog,0.9290277784310106,5,dog,0.7927913064625225,5,dog,0.29924325753409997,5,dog,0.9768993411551818
train_01236,1,bird,1,bird,0.9760259150841615,1,bird,0.999930998715936,1,bird,0.36092542760030843,1,bird,0.9992617293341735
train_01237,0,airplane,0,airplane,0.993333382931254,0,airplane,0.9978814798626583,0,airplane,0.31997684257051057,0,airplane,0.892032231920683
train_01238,3,cat,3,cat,0.9987014025166076,3,cat,0.9987439210882357,3,cat,0.32275779029186497,3,cat,0.8626084535938526
train_01239,7,monkey,7,monkey,0.9922519654278371,7,monkey,0.9993866135061173,7,monkey,0.37162990264349754,7,monkey,0.9988292044606591
train_01240,7,monkey,7,monkey,0.9808897783568212,7,monkey,0.9948843838991649,7,monkey,0.35800527094574414,7,monkey,0.9989858389726469
train_01241,6,horse,6,horse,0.9951825000228076,6,horse,0.9965265342717294,6,horse,0.2919264289880223,6,horse,0.8928878825692321
train_01242,1,bird,1,bird,0.9875631357313907,1,bird,0.9997886242460802,1,bird,0.3609020804535808,1,bird,0.9990230321719222
train_01243,9,truck,9,truck,0.9858086327755538,9,truck,0.9991444659686307,9,truck,0.2902440877658437,9,truck,0.9855796718284826
train_01245,3,cat,3,cat,0.9874124624955344,3,cat,0.9966790358341603,3,cat,0.3344104728523043,3,cat,0.7589917484999518
train_01246,1,bird,1,bird,0.9851207793841232,1,bird,0.9986313962347451,1,bird,0.23484197848304844,1,bird,0.7898989913248585
train_01248,6,horse,6,horse,0.9833748521063876,6,horse,0.9990268406082858,6,horse,0.3936791521832333,6,horse,0.9986233803345461
train_01249,4,deer,4,deer,0.9519773264394054,4,deer,0.9994406413015833,4,deer,0.26413051327544734,4,deer,0.9974638540313442
train_01250,5,dog,5,dog,0.9197597651013801,5,dog,0.9900247008959541,5,dog,0.3331368648879606,5,dog,0.9592500166603243
train_01251,7,monkey,7,monkey,0.962620377581039,7,monkey,0.9980157829614373,7,monkey,0.320239150943907,7,monkey,0.9971645034447562
train_01252,7,monkey,7,monkey,0.979660967590421,7,monkey,0.9979428365308758,7,monkey,0.26473325264868175,7,monkey,0.9842340953376071
train_01253,8,ship,8,ship,0.9545843856171095,8,ship,0.9952038455467015,8,ship,0.41798460200508253,8,ship,0.9960295994925118
train_01255,5,dog,5,dog,0.9769569255463135,5,dog,0.9944011798599794,5,dog,0.3262829584742093,5,dog,0.9685134561089902
train_01256,9,truck,9,truck,0.9876318068324493,9,truck,0.996818344773067,9,truck,0.27164578265760264,9,truck,0.7734882068281276
train_01258,5,dog,5,dog,0.9776164778488324,5,dog,0.9996344178332445,5,dog,0.34177236456819043,5,dog,0.9676595753434393
train_01259,7,monkey,7,monkey,0.9870978280344826,7,monkey,0.9977210373046791,7,monkey,0.4106357182114899,7,monkey,0.999022734442177
train_01260,9,truck,9,truck,0.9917915761945061,9,truck,0.9981004003364632,9,truck,0.29694540783580564,9,truck,0.9684154186601293
train_01261,8,ship,8,ship,0.9723990029565694,8,ship,0.9974407371596155,8,ship,0.44076951731541875,8,ship,0.9960340266700071
train_01262,8,ship,8,ship,0.988837194348087,8,ship,0.9966379868823729,8,ship,0.37632333069507673,8,ship,0.9969919742714375
train_01263,0,airplane,0,airplane,0.9872178185753996,0,airplane,0.9990627949615868,0,airplane,0.3443337805794096,0,airplane,0.9276804409066639
train_01264,2,car,2,car,0.9908491633573978,2,car,0.9975910142768548,2,car,0.3003893911251474,2,car,0.9657138071344922
train_01265,4,deer,4,deer,0.9815728334355056,4,deer,0.9925204746297943,4,deer,0.36020670349289186,4,deer,0.9983264933017417
train_01266,3,cat,3,cat,0.9716626322193473,3,cat,0.9966640680619508,3,cat,0.23968910861828246,4,deer,0.45589316752228637
train_01267,0,airplane,0,airplane,0.9925474069731948,0,airplane,0.9997657047814246,0,airplane,0.4220273028281431,0,airplane,0.9817953395990215
train_01269,3,cat,3,cat,0.9248440156951904,3,cat,0.988693851508055,3,cat,0.26531711048618273,3,cat,0.7498301684662589
train_01270,5,dog,5,dog,0.9798366881017097,5,dog,0.9958997146176324,5,dog,0.3296130790653841,5,dog,0.983761996683825
train_01272,5,dog,5,dog,0.9945368847144569,5,dog,0.9940172886489088,5,dog,0.24140130701059243,5,dog,0.9576271866616107
train_01273,1,bird,1,bird,0.9963218493260526,1,bird,0.9819819496504153,1,bird,0.3953980996969055,1,bird,0.9965868723970279
train_01276,6,horse,6,horse,0.9518859134851245,6,horse,0.9970865457323077,6,horse,0.313234271975331,6,horse,0.9982384601392542
train_01277,3,cat,3,cat,0.9825025772141603,3,cat,0.9882010791772634,4,deer,0.18564491556217344,4,deer,0.9626889977059936
train_01278,0,airplane,0,airplane,0.9610882257122003,0,airplane,0.9642760033323751,0,airplane,0.40442512253261054,0,airplane,0.9437437661755497
train_01279,7,monkey,7,monkey,0.9513094429865321,7,monkey,0.9956289471881336,7,monkey,0.3114089415745159,7,monkey,0.9989921803548365
train_01281,0,airplane,0,airplane,0.9483633447436226,0,airplane,0.9387124241514193,0,airplane,0.37577863121846755,0,airplane,0.9801394724613861
train_01282,6,horse,6,horse,0.9995104609073739,6,horse,0.9991537169565766,6,horse,0.3042456021348345,6,horse,0.9623520264836557
train_01284,6,horse,6,horse,0.9847846788858409,6,horse,0.9936039992731859,6,horse,0.36609916824258276,6,horse,0.9985015903200739
train_01286,4,deer,4,deer,0.9760106334589443,4,deer,0.9998534595830451,4,deer,0.4616103284996132,4,deer,0.9990941113197314
train_01287,3,cat,3,cat,0.9889890224349931,3,cat,0.9753813701895098,3,cat,0.2756337719225784,3,cat,0.9720740501146938
train_01288,4,deer,4,deer,0.6118888040215203,4,deer,0.8614302063455205,4,deer,0.31382844535842086,4,deer,0.9586872051998042
train_01289,1,bird,1,bird,0.9302128323934381,1,bird,0.9964556499718474,1,bird,0.31377280521585493,1,bird,0.9942210603021883
train_01291,3,cat,3,cat,0.8065314803109203,3,cat,0.999326121828808,3,cat,0.2993549024713866,3,cat,0.9115120880485862
train_01292,6,horse,6,horse,0.9923609407773334,6,horse,0.9964661107620808,6,horse,0.3698009981675575,6,horse,0.9984660948251014
train_01293,8,ship,8,ship,0.9579571580995965,8,ship,0.9978242835746298,8,ship,0.43981489625348974,8,ship,0.995332628811269
train_01294,4,deer,4,deer,0.9940654393663519,4,deer,0.999740411552669,4,deer,0.3515749411342662,4,deer,0.9993488400524838
train_01295,7,monkey,7,monkey,0.9702589516514923,7,monkey,0.9984198782285236,7,monkey,0.32709970137659594,7,monkey,0.9930267616296913
train_01296,4,deer,4,deer,0.9905051209002426,4,deer,0.9981841520495719,4,deer,0.39640976561471764,4,deer,0.9960899300335058
train_01297,0,airplane,0,airplane,0.9849297935618226,0,airplane,0.9999259568939725,0,airplane,0.3423644735101734,0,airplane,0.9345591351246918
train_01298,9,truck,9,truck,0.8881506307583523,9,truck,0.9969040807628172,9,truck,0.32020628261004486,9,truck,0.9896020648651696
train_01299,2,car,2,car,0.9977374890395935,2,car,0.9999326931380232,2,car,0.40152949822113876,2,car,0.9892553597873308
train_01300,1,bird,1,bird,0.9986425846905441,1,bird,0.9998803956960148,1,bird,0.40517449563001806,1,bird,0.9983532133547547
train_01301,6,horse,6,horse,0.9324061786613763,6,horse,0.9881418151398746,6,horse,0.26665643520761045,6,horse,0.998596469138516
train_01302,4,deer,4,deer,0.9559824072400106,4,deer,0.9926647696038398,4,deer,0.2973942666019224,4,deer,0.9951738107650638
train_01303,9,truck,9,truck,0.9793516631243683,9,truck,0.9994562380502626,9,truck,0.39908942753120924,9,truck,0.9928324240711346
train_01304,2,car,2,car,0.9917394243646593,2,car,0.9993664961369129,2,car,0.373148833291729,2,car,0.966631211829258
train_01305,1,bird,1,bird,0.9929378948766727,1,bird,0.9978155683317738,1,bird,0.31147835829099,1,bird,0.9937255177878658
train_01306,8,ship,8,ship,0.8657535571008588,8,ship,0.8024564974030777,8,ship,0.16413585639348713,8,ship,0.8843272478727966
train_01307,0,airplane,0,airplane,0.9473073994518979,0,airplane,0.9978506852221194,0,airplane,0.34303532128632674,0,airplane,0.9660914295745032
train_01308,1,bird,1,bird,0.9993961559529158,1,bird,0.9999612116105241,1,bird,0.4039403943623215,1,bird,0.9974378409583977
train_01309,6,horse,6,horse,0.5084404377810955,6,horse,0.9938015268213041,4,deer,0.25628386001146547,4,deer,0.5754397115647697
train_01310,4,deer,4,deer,0.9519974188353055,4,deer,0.9974511715391945,4,deer,0.298029149129141,4,deer,0.9771394889900783
train_01311,7,monkey,7,monkey,0.9762277412429015,7,monkey,0.9977976257845199,7,monkey,0.3728944657983453,7,monkey,0.9989834118063433
train_01312,6,horse,6,horse,0.9998679482286872,6,horse,0.9998058559521914,6,horse,0.2718310824361979,6,horse,0.9867092148945505
train_01313,6,horse,6,horse,0.7876189317059094,6,horse,0.9956779170344092,6,horse,0.3008490292279604,6,horse,0.9350976020488646
train_01314,5,dog,5,dog,0.9735372345229995,5,dog,0.9666121847840712,5,dog,0.3282768928131572,5,dog,0.9662289419244913
train_01315,2,car,2,car,0.9942391644488967,2,car,0.9996965555541599,2,car,0.3301067677914182,2,car,0.9693036383314424
train_01316,1,bird,1,bird,0.9941204445330866,1,bird,0.9999663545403069,1,bird,0.32682607520479656,1,bird,0.991923293749152
train_01317,8,ship,8,ship,0.9484375684843063,8,ship,0.9913723958268698,8,ship,0.4617984569814003,8,ship,0.99496098965462
train_01318,9,truck,9,truck,0.9740635545370513,9,truck,0.999260009642683,9,truck,0.2921687240830178,9,truck,0.8541640164912886
train_01319,2,car,2,car,0.9975985226621021,2,car,0.999783315352827,2,car,0.43405745699836407,2,car,0.9835158452139876
train_01320,2,car,2,car,0.9957721955469605,2,car,0.9992675259976241,2,car,0.3135213152467768,2,car,0.8929597936205704
train_01321,8,ship,8,ship,0.9557271864370469,8,ship,0.9913549437979339,8,ship,0.3310987312289146,8,ship,0.9961059496372399
train_01322,9,truck,9,truck,0.9799527216144663,9,truck,0.9691091801215415,9,truck,0.19154728333729673,9,truck,0.6114948233502827
train_01323,5,dog,5,dog,0.9345165458313857,5,dog,0.931042294743444,5,dog,0.31396562375069315,5,dog,0.9459056100712582
train_01324,6,horse,6,horse,0.9622884601874933,6,horse,0.9970284196659285,6,horse,0.2969237080463852,6,horse,0.9992764717856678
train_01325,9,truck,9,truck,0.9038659529414611,9,truck,0.995483498672094,9,truck,0.2791618568357251,9,truck,0.8652701523566272
train_01326,2,car,2,car,0.9983223200232064,2,car,0.9996377321190623,2,car,0.19643320994582664,2,car,0.8750518418455381
train_01327,8,ship,8,ship,0.9864763525615701,8,ship,0.998911902938142,8,ship,0.2899204866973497,8,ship,0.9936387953428084
train_01328,3,cat,3,cat,0.9650480923295304,3,cat,0.9994260948833861,3,cat,0.23466243696705152,3,cat,0.5323302141895732
train_01329,3,cat,3,cat,0.9932834346771683,3,cat,0.9999642910341484,3,cat,0.27240679494712694,3,cat,0.9555815903665614
train_01330,4,deer,4,deer,0.8116787444423864,4,deer,0.7107215035888799,4,deer,0.34654594244337955,4,deer,0.9953237513184173
train_01332,0,airplane,0,airplane,0.9363720570689681,0,airplane,0.9931128945004587,0,airplane,0.39312063194947866,0,airplane,0.972222097677319
train_01333,8,ship,8,ship,0.9965658095087048,8,ship,0.9997494831852839,8,ship,0.4093095048318966,8,ship,0.993492984614962
train_01334,6,horse,6,horse,0.9062681849185418,6,horse,0.9979625908299847,6,horse,0.2510919445594711,6,horse,0.9794078498854398
train_01335,8,ship,8,ship,0.987698984362346,8,ship,0.9982138228240748,8,ship,0.45357126361531935,8,ship,0.9959906612026316
train_01336,8,ship,8,ship,0.9797319255503169,8,ship,0.9973041697801124,8,ship,0.3713482600805011,8,ship,0.9937125150767512
train_01337,7,monkey,7,monkey,0.9575814234953527,7,monkey,0.9896596942117829,7,monkey,0.3595170945921202,7,monkey,0.9883260052614522
train_01338,3,cat,3,cat,0.9211157344272003,3,cat,0.9983454313430696,3,cat,0.3474616714570509,3,cat,0.9084213136067747
train_01339,3,cat,3,cat,0.9653324610349256,3,cat,0.997850379126778,3,cat,0.2955997861771904,3,cat,0.9785248961081918
train_01340,8,ship,8,ship,0.9882537295574251,8,ship,0.9973157656066566,8,ship,0.4512373467749488,8,ship,0.9973177978212729
train_01341,2,car,2,car,0.9822418052934764,2,car,0.9982736758365554,2,car,0.3620386022137489,2,car,0.9927703392864333
train_01342,4,deer,4,deer,0.958158657785106,4,deer,0.9978621899125366,4,deer,0.36857945998846353,4,deer,0.999429549769382
train_01343,1,bird,1,bird,0.9995162557717191,1,bird,0.9924305327220543,1,bird,0.36055114039890823,1,bird,0.996600419393293
train_01344,8,ship,8,ship,0.9944697638679512,8,ship,0.9999612809032443,8,ship,0.4465510542290462,8,ship,0.9935203283802481
train_01345,4,deer,4,deer,0.80375845087528,4,deer,0.9962466272630159,4,deer,0.40671513603038023,4,deer,0.9986811319140408
train_01347,6,horse,6,horse,0.9010605347525028,6,horse,0.9971154334089846,6,horse,0.35162695710774194,6,horse,0.997067090516722
train_01348,2,car,2,car,0.9939012958730872,2,car,0.9982142375605516,2,car,0.38935119848876293,2,car,0.9402904657017543
train_01350,1,bird,1,bird,0.9991004055632774,1,bird,0.9994044892137438,1,bird,0.360326382487772,1,bird,0.9984350576040594
train_01351,8,ship,8,ship,0.9580441513441836,8,ship,0.9837119686609631,8,ship,0.24700271967687773,8,ship,0.9518264089207419
train_01352,5,dog,5,dog,0.9594649112194013,5,dog,0.9901418960355441,5,dog,0.37586807620404133,5,dog,0.9365734483493122
train_01353,1,bird,1,bird,0.9813973834803714,1,bird,0.9559830523433825,1,bird,0.31077843965272695,1,bird,0.9737537256519548
train_01354,1,bird,1,bird,0.9969305537290778,1,bird,0.9997313808300353,1,bird,0.36911651263183776,1,bird,0.9964089210665736
train_01356,7,monkey,7,monkey,0.9454129783513383,7,monkey,0.9957560227034911,7,monkey,0.22623176490973526,7,monkey,0.8507379665669503
train_01357,3,cat,3,cat,0.9927363976709349,3,cat,0.9999718075935542,3,cat,0.3298605708178724,3,cat,0.7919106730946798
train_01358,1,bird,1,bird,0.9995501560222082,1,bird,0.9999925583351688,1,bird,0.45641142825062464,1,bird,0.999299880491504
train_01359,1,bird,1,bird,0.6518210493772649,1,bird,0.9588176136084308,1,bird,0.2983820453078162,1,bird,0.9885319856631365
train_01360,5,dog,5,dog,0.998558743989026,5,dog,0.9973662121783965,5,dog,0.3345468888612124,5,dog,0.9643176512174731
train_01362,6,horse,6,horse,0.9656201571314359,6,horse,0.9977973621443531,6,horse,0.28546144540866186,6,horse,0.9971000567510623
train_01364,3,cat,3,cat,0.9991376628782508,3,cat,0.999973676821525,3,cat,0.3182767180685737,3,cat,0.7541853347366665
train_01365,7,monkey,7,monkey,0.9618590357428805,7,monkey,0.9983252939036359,7,monkey,0.4012632690586481,7,monkey,0.9996417459621343
train_01366,4,deer,4,deer,0.951862369986139,4,deer,0.9922909708707823,4,deer,0.3376540203772416,4,deer,0.9933040221135934
train_01367,6,horse,6,horse,0.998787915769796,6,horse,0.9990950764671017,6,horse,0.28415820208507825,6,horse,0.9665817538208948
train_01368,8,ship,8,ship,0.9921203915080453,8,ship,0.99729933652513,8,ship,0.4235559037926196,8,ship,0.9942020573113453
train_01371,2,car,2,car,0.9976781166899426,2,car,0.9987465528093582,2,car,0.43022462641572745,2,car,0.9926857061885664
train_01372,4,deer,4,deer,0.9256684349110261,4,deer,0.990946391235152,4,deer,0.46049189831433085,4,deer,0.9870331715571584
train_01373,9,truck,9,truck,0.9903524998858625,9,truck,0.99918031789085,9,truck,0.3400403050828617,9,truck,0.9903313589712135
train_01374,3,cat,3,cat,0.9721160237497394,3,cat,0.9999621476618662,3,cat,0.24862143139483664,3,cat,0.471298249224886
train_01375,5,dog,5,dog,0.9767891094877784,5,dog,0.9133613286313161,5,dog,0.3031779556220978,5,dog,0.9766973400480494
train_01378,8,ship,8,ship,0.9913586494722615,8,ship,0.999278437278017,8,ship,0.38088735258233997,8,ship,0.99718663574438
train_01379,9,truck,9,truck,0.9633227093419245,9,truck,0.8637195193612068,9,truck,0.2530173591092105,9,truck,0.9041651043108281
train_01381,4,deer,4,deer,0.9859804221397378,4,deer,0.9969482119840704,4,deer,0.37516528779410757,4,deer,0.9971609666921144
train_01382,0,airplane,0,airplane,0.7902755101881939,0,airplane,0.9468314595909844,0,airplane,0.2963190390590956,0,airplane,0.48778186656258665
train_01383,9,truck,9,truck,0.9752743788564153,9,truck,0.9611993261446431,9,truck,0.17854080427734914,2,car,0.5346793323659453
train_01385,0,airplane,0,airplane,0.9917889045901666,0,airplane,0.999471394589515,0,airplane,0.37223895071145513,0,airplane,0.9553636491569445
train_01386,5,dog,5,dog,0.9846401997644099,5,dog,0.9951665362887271,5,dog,0.32893901118589874,5,dog,0.9649714573399586
train_01388,7,monkey,7,monkey,0.9169343489317076,7,monkey,0.9938827257112554,7,monkey,0.4076878282744823,7,monkey,0.9995820115989517
train_01389,5,dog,5,dog,0.7461338667739092,5,dog,0.8761233674391318,8,ship,0.1766385158414334,8,ship,0.6290075514743887
train_01390,4,deer,4,deer,0.9912171664106139,4,deer,0.9993140980882113,4,deer,0.37995197149960014,4,deer,0.9988281911853895
train_01391,1,bird,1,bird,0.999762979093256,1,bird,0.9999699626380412,1,bird,0.39904148961636543,1,bird,0.9979563301853744
train_01392,5,dog,5,dog,0.8817067756764516,5,dog,0.9835940315452045,5,dog,0.29768056294630496,5,dog,0.9637151512895913
train_01396,5,dog,5,dog,0.8915996529017512,5,dog,0.9990267025833733,5,dog,0.26829238455732396,5,dog,0.7702098615491296
train_01397,7,monkey,7,monkey,0.9733236829793129,7,monkey,0.9990887235915881,7,monkey,0.3750707992251745,7,monkey,0.9996409168360225
train_01398,6,horse,6,horse,0.9822891686781805,6,horse,0.9955264179080127,6,horse,0.3503360298814151,6,horse,0.9990567274955212
train_01399,2,car,2,car,0.9876517561299226,2,car,0.9994755488252632,2,car,0.29132127321806256,2,car,0.9854042069447
train_01400,2,car,2,car,0.9769796661238144,2,car,0.9888305140628353,2,car,0.34854044887019503,2,car,0.9660898340677988
train_01401,5,dog,5,dog,0.9930973990065161,5,dog,0.9989480182164844,5,dog,0.36407309457153814,5,dog,0.9277418464107042
train_01402,6,horse,6,horse,0.7565727931895652,6,horse,0.9989504227259639,6,horse,0.30622422262521776,6,horse,0.9981111224713842
train_01403,0,airplane,0,airplane,0.9527222870411948,0,airplane,0.9734242378549233,0,airplane,0.2740430782401028,0,airplane,0.9333126718972863
train_01404,9,truck,9,truck,0.9792624794861153,9,truck,0.9981886408003013,9,truck,0.3755867026366391,9,truck,0.9953018392471104
train_01405,4,deer,4,deer,0.9784615396786591,4,deer,0.9895126933674225,4,deer,0.39431233262231347,4,deer,0.9995745445792509
train_01406,5,dog,5,dog,0.9964212840998126,5,dog,0.9729455437486308,5,dog,0.3151843023119381,5,dog,0.7711093994107829
train_01408,5,dog,5,dog,0.9827663381983782,5,dog,0.9652918887759157,5,dog,0.23715646491262685,5,dog,0.8880647423442553
train_01409,6,horse,6,horse,0.8782309519250008,6,horse,0.9589405753905295,6,horse,0.20696666002473593,6,horse,0.9456613581379926
train_01411,0,airplane,0,airplane,0.8896483327995169,0,airplane,0.9946824602870624,0,airplane,0.33727038200034204,0,airplane,0.6796927244464369
train_01413,7,monkey,7,monkey,0.9719057456562491,7,monkey,0.9993531186716471,7,monkey,0.35050542804719415,7,monkey,0.999134579652584
train_01414,4,deer,4,deer,0.984054662577064,4,deer,0.9967826685493137,4,deer,0.37978415483977807,4,deer,0.9981135049331652
train_01415,5,dog,5,dog,0.9592082069872427,5,dog,0.9789851869434341,5,dog,0.3662494720281994,5,dog,0.7832136606874786
train_01417,6,horse,6,horse,0.9376605225280547,6,horse,0.9916685211796749,6,horse,0.3392678638573663,6,horse,0.9994402259381269
train_01418,6,horse,6,horse,0.9967588041576562,6,horse,0.9982707655500818,6,horse,0.2959924535019515,6,horse,0.991211823251332
train_01420,1,bird,1,bird,0.9737799751792379,1,bird,0.9991936211838315,1,bird,0.4137238184399685,1,bird,0.9971811135042213
train_01421,5,dog,5,dog,0.995750152130179,5,dog,0.9972856869495228,5,dog,0.34330432823198975,5,dog,0.9558769459999017
train_01422,4,deer,4,deer,0.957979340195863,4,deer,0.9986371897300322,4,deer,0.31543311347567615,4,deer,0.9903251875674712
train_01423,8,ship,8,ship,0.949620606772556,8,ship,0.9954089066964193,8,ship,0.40247894792511724,8,ship,0.9956845262771972
train_01424,7,monkey,7,monkey,0.9617240066716005,7,monkey,0.9926844978369498,7,monkey,0.30372786187145845,7,monkey,0.7780982693568657
train_01425,6,horse,6,horse,0.9995219859397922,6,horse,0.997197549703299,6,horse,0.3796810075885225,6,horse,0.999399640328858
train_01426,5,dog,5,dog,0.9451975073635551,5,dog,0.9833870935647645,5,dog,0.3356545803844042,5,dog,0.94142435385793
train_01427,1,bird,1,bird,0.9725108477999403,1,bird,0.9828265664741406,1,bird,0.20550138817162272,1,bird,0.9241501409004877
train_01428,9,truck,9,truck,0.9734292550165029,9,truck,0.9996235739889171,9,truck,0.2646270745040005,9,truck,0.9732193795444068
train_01429,7,monkey,7,monkey,0.9138259946500512,7,monkey,0.9917009396062615,7,monkey,0.27953168077400536,7,monkey,0.9787709682163425
train_01430,9,truck,9,truck,0.9950781131109565,9,truck,0.9991892109680458,9,truck,0.37438744673954716,9,truck,0.9776068863755906
train_01431,8,ship,8,ship,0.9725418322067899,8,ship,0.9996661175804248,8,ship,0.47917623185714003,8,ship,0.9970735019079007
train_01433,6,horse,6,horse,0.9058925862985789,6,horse,0.9889596772818368,6,horse,0.3685818137793488,6,horse,0.9968995834699483
train_01434,6,horse,6,horse,0.9879390999638992,6,horse,0.9990171457367528,6,horse,0.2693461992051159,6,horse,0.9447220017659601
train_01435,7,monkey,7,monkey,0.99585301294205,7,monkey,0.9984817939335318,7,monkey,0.31778424366912145,7,monkey,0.9855738844962119
train_01437,2,car,2,car,0.9964225794616132,2,car,0.9998709112410543,2,car,0.3663677176034597,2,car,0.9864834537800697
train_01438,7,monkey,7,monkey,0.9626657264315507,7,monkey,0.9963076295008724,7,monkey,0.38935727700957656,7,monkey,0.9903965624772856
train_01439,6,horse,6,horse,0.9978432945382067,6,horse,0.9994163447476138,6,horse,0.38250124397678614,6,horse,0.9969273227921438
train_01440,7,monkey,7,monkey,0.9728497566300195,7,monkey,0.9981036577211778,7,monkey,0.45050550524555255,7,monkey,0.9991436148191869
train_01441,9,truck,9,truck,0.9625346821385541,9,truck,0.9769258482819038,9,truck,0.3656270995782264,9,truck,0.9662106597181377
train_01442,6,horse,6,horse,0.993714810413952,6,horse,0.998102073977874,6,horse,0.338626491229475,6,horse,0.9970723620594083
train_01443,9,truck,9,truck,0.9437796387960108,9,truck,0.9772229178004974,9,truck,0.2321199416923105,9,truck,0.9267739099524986
train_01444,0,airplane,0,airplane,0.9918813060799214,0,airplane,0.9994014543549403,0,airplane,0.33436985925926144,0,airplane,0.944042385344856
train_01447,5,dog,5,dog,0.9849099746315035,5,dog,0.9986087341546366,5,dog,0.34195652208265115,5,dog,0.985100892390822
train_01448,9,truck,9,truck,0.9863150839295317,9,truck,0.9987107150054915,9,truck,0.22391093768811254,9,truck,0.7616495116457533
train_01449,0,airplane,0,airplane,0.9756301839136494,0,airplane,0.9939442601097888,0,airplane,0.368971375916896,0,airplane,0.9748273550362377
train_01450,4,deer,4,deer,0.9203263543395332,4,deer,0.9992751656968095,4,deer,0.36330334361583944,4,deer,0.9992173909733281
train_01452,0,airplane,0,airplane,0.9993730216859773,0,airplane,0.9983744728270991,0,airplane,0.3874742204028123,0,airplane,0.9682364111937771
train_01453,8,ship,8,ship,0.8763544169401971,8,ship,0.8497566949862326,8,ship,0.3057936190653576,8,ship,0.9936305374198984
train_01454,2,car,2,car,0.9357440028273462,2,car,0.9998677686616206,2,car,0.3621729780466197,2,car,0.9807920659181875
train_01456,0,airplane,0,airplane,0.9651252488361767,0,airplane,0.999892999691003,0,airplane,0.3458596579067696,0,airplane,0.9234342548710223
train_01457,2,car,2,car,0.8373938339154922,2,car,0.9627058337991428,2,car,0.20631677347603053,9,truck,0.6587823709040965
train_01458,8,ship,8,ship,0.9914726891746397,8,ship,0.9989753808922558,8,ship,0.45060721800938025,8,ship,0.9942490181493795
train_01459,1,bird,1,bird,0.992525908774929,1,bird,0.9783217629086461,1,bird,0.2720250939178335,1,bird,0.9949184766050301
train_01460,5,dog,5,dog,0.9990431154361514,5,dog,0.9693332146881621,5,dog,0.33733275099805626,5,dog,0.9822285698535977
train_01461,3,cat,3,cat,0.9869258286953726,3,cat,0.9990901710562107,3,cat,0.3282256307869383,4,deer,0.567593214834556
train_01462,3,cat,3,cat,0.9631267472717195,3,cat,0.9995470296624953,3,cat,0.32488387559332177,3,cat,0.9762957267528227
train_01463,7,monkey,7,monkey,0.9945768253077378,7,monkey,0.9998059963070963,7,monkey,0.40070009857476246,7,monkey,0.9997070433842107
train_01464,3,cat,3,cat,0.9920949213162916,3,cat,0.9999276128016668,3,cat,0.2023127857222737,1,bird,0.5288865359625371
train_01465,1,bird,1,bird,0.9944521847285852,1,bird,0.9982437836530776,1,bird,0.4408866063466309,1,bird,0.9978465358897437
train_01466,8,ship,8,ship,0.9526716305361405,8,ship,0.9941330128650123,8,ship,0.43756260328961244,8,ship,0.9904089233281682
train_01468,4,deer,4,deer,0.995376741650755,4,deer,0.9981023707013241,4,deer,0.3092486619095572,4,deer,0.9978473245435968
train_01470,4,deer,4,deer,0.9727730859990457,4,deer,0.9909830489089226,4,deer,0.3978535185852601,4,deer,0.9987433456138889
train_01471,9,truck,9,truck,0.9854402740167695,9,truck,0.9986254986992283,9,truck,0.36156737267410655,9,truck,0.9924278303241417
train_01472,5,dog,5,dog,0.9922961503063159,5,dog,0.9983977906401463,5,dog,0.3415295326993977,5,dog,0.9663666122837357
train_01473,4,deer,4,deer,0.9295309008055928,4,deer,0.8535857296254378,4,deer,0.2344662095910413,4,deer,0.7972351222725371
train_01475,0,airplane,0,airplane,0.9932953866393792,0,airplane,0.9999525704127112,0,airplane,0.42164725792568847,0,airplane,0.9793399136127469
train_01476,9,truck,9,truck,0.9856947469802912,9,truck,0.9988811539669094,9,truck,0.3526726116700375,9,truck,0.9866142693723955
train_01477,0,airplane,0,airplane,0.9681098882124991,0,airplane,0.9996834558955567,0,airplane,0.3886773700226657,0,airplane,0.9759924108744579
train_01478,4,deer,4,deer,0.9487151501099021,4,deer,0.995353948739294,4,deer,0.2972484038469869,4,deer,0.9918386402837195
train_01479,4,deer,4,deer,0.9393891841879011,4,deer,0.9984305646775411,4,deer,0.464819275468446,4,deer,0.9989409030822347
train_01480,9,truck,9,truck,0.9845489372677602,9,truck,0.9920252869941748,9,truck,0.42182222263592695,9,truck,0.9891127066458693
train_01481,8,ship,8,ship,0.9404292891079366,8,ship,0.8879616439322232,8,ship,0.365963538872549,8,ship,0.9944752756477703
train_01484,0,airplane,0,airplane,0.9527794261256667,0,airplane,0.9926532284610792,0,airplane,0.36892870233363506,0,airplane,0.907408261582855
train_01485,1,bird,1,bird,0.9987269435212867,1,bird,0.9997154901007118,1,bird,0.26561392321029,1,bird,0.9958505209967056
train_01486,7,monkey,7,monkey,0.9276528008939802,7,monkey,0.9913786361435886,7,monkey,0.31488248230432553,7,monkey,0.9739670477969761
train_01487,4,deer,4,deer,0.9922109838091183,4,deer,0.999630699234626,4,deer,0.36602371207581724,4,deer,0.9936914714469152
train_01489,7,monkey,7,monkey,0.8784073213269011,7,monkey,0.9994569141449764,7,monkey,0.35816582462320246,7,monkey,0.9989167778763808
train_01490,0,airplane,0,airplane,0.9799278359818699,0,airplane,0.9766719003570086,0,airplane,0.36171880125081934,0,airplane,0.9603360718446778
train_01493,7,monkey,7,monkey,0.9695775380017265,7,monkey,0.9942580431918315,7,monkey,0.4377289609649855,7,monkey,0.9994695502506636
train_01494,7,monkey,7,monkey,0.9542154764485615,7,monkey,0.9979390209244129,7,monkey,0.4100476432335645,7,monkey,0.993253019317526
train_01495,6,horse,6,horse,0.9978276268432572,6,horse,0.9984917479532862,6,horse,0.3837608186012777,6,horse,0.9982787582496566
train_01496,8,ship,8,ship,0.9925382520976201,8,ship,0.9992762524622514,8,ship,0.3822159931919684,8,ship,0.9932416091887485
train_01497,5,dog,5,dog,0.9515804834945872,5,dog,0.9983869494751113,5,dog,0.32767830715177015,5,dog,0.9758085451389467
train_01498,6,horse,6,horse,0.9991835204023469,6,horse,0.9996287085004367,6,horse,0.3134191360706829,6,horse,0.9943228140928861
train_01499,2,car,9,truck,0.5981847547082723,9,truck,0.5542845218088768,2,car,0.2584035433616517,2,car,0.852331184607323
train_01500,1,bird,1,bird,0.9984764563592586,1,bird,0.9959912395846082,1,bird,0.3973926352467153,1,bird,0.9995746423289374
train_01501,5,dog,5,dog,0.9978182604275461,5,dog,0.9997194968043109,5,dog,0.3701406393222424,5,dog,0.9664208889468869
train_01503,7,monkey,7,monkey,0.9794574034736673,7,monkey,0.9968601489015859,7,monkey,0.38794369081143326,7,monkey,0.9994264062920387
train_01504,9,truck,9,truck,0.9786750577027334,9,truck,0.9979712503640125,9,truck,0.3904409987505293,9,truck,0.9959738455257927
train_01505,7,monkey,7,monkey,0.9844747346994515,7,monkey,0.9994771258857981,7,monkey,0.3800146489914295,7,monkey,0.9962216203738172
train_01507,9,truck,9,truck,0.9911855202179123,9,truck,0.9995969615245832,9,truck,0.3651539456937421,9,truck,0.9939824731654092
train_01508,8,ship,8,ship,0.9966517703215027,8,ship,0.9999124934922352,8,ship,0.47945376638223336,8,ship,0.9949157540409584
train_01509,6,horse,4,deer,0.8223297494380494,6,horse,0.5364562499116579,4,deer,0.2160048491385326,6,horse,0.9181099585147735
train_01510,3,cat,3,cat,0.9542315409492953,3,cat,0.9997795596447957,3,cat,0.3257881078629266,3,cat,0.8975486569080481
train_01512,9,truck,9,truck,0.979639784822018,9,truck,0.9982235251508811,9,truck,0.3712752977010425,9,truck,0.9938026278552546
train_01514,6,horse,6,horse,0.9779610847971295,6,horse,0.9888024647206461,6,horse,0.22708208803092325,6,horse,0.7594772079095373
train_01515,8,ship,8,ship,0.9751005677795338,8,ship,0.9982164705488983,8,ship,0.4445825866733158,8,ship,0.99705837787932
train_01516,2,car,2,car,0.9814416605781187,2,car,0.9997528535440715,2,car,0.3375157298567288,2,car,0.9913195565541191
train_01517,3,cat,3,cat,0.8781123012877629,3,cat,0.999751311026482,7,monkey,0.25423678875826694,7,monkey,0.9628803322378537
train_01518,6,horse,6,horse,0.9984392696005485,6,horse,0.9996189275181415,6,horse,0.3438676199004489,6,horse,0.9959208410870624
train_01519,2,car,2,car,0.9935756632160452,2,car,0.9995200983963118,2,car,0.36540336336371415,2,car,0.9920582533951774
train_01520,1,bird,1,bird,0.9946158385812135,1,bird,0.9997531672449796,1,bird,0.29639175485234065,1,bird,0.9943010394158885
train_01521,6,horse,6,horse,0.8821528746902344,6,horse,0.9978073618027465,6,horse,0.31566200324307514,6,horse,0.9875803396956262
train_01522,8,ship,8,ship,0.9536668455308962,8,ship,0.9949194464787657,8,ship,0.4129762406922966,8,ship,0.9975633610679477
train_01524,7,monkey,7,monkey,0.9846287617399252,7,monkey,0.9972847654184759,7,monkey,0.40256904826810047,7,monkey,0.9997645609481282
train_01526,7,monkey,7,monkey,0.7656090076432147,7,monkey,0.9701793960464274,7,monkey,0.2767489226046665,7,monkey,0.9897785897617659
train_01527,5,dog,5,dog,0.9662866291747402,5,dog,0.9916911474143266,5,dog,0.3285898236915364,5,dog,0.9520099775438927
train_01528,1,bird,1,bird,0.9060094887559094,1,bird,0.9923271472535359,1,bird,0.2187932423904025,1,bird,0.9854491867249657
train_01529,7,monkey,7,monkey,0.9895626098282825,7,monkey,0.9995759743820269,7,monkey,0.30372948523827664,7,monkey,0.9940620575047634
train_01530,1,bird,1,bird,0.8764165551145696,1,bird,0.9732703587885226,1,bird,0.3199491507467479,1,bird,0.9954538849840692
train_01531,9,truck,9,truck,0.9881950152469282,9,truck,0.9987781434696453,9,truck,0.38122073730177886,9,truck,0.9959602874792758
train_01532,4,deer,4,deer,0.957732723866401,4,deer,0.9924352878289181,4,deer,0.3123752052322787,4,deer,0.9880701902517693
train_01533,7,monkey,7,monkey,0.989228483779652,7,monkey,0.9983654845585409,7,monkey,0.3068682731871012,7,monkey,0.9953220725107017
train_01534,2,car,2,car,0.9974658005615643,2,car,0.9996274418222713,2,car,0.3521038197868055,2,car,0.9933901736010343
train_01535,5,dog,5,dog,0.9853913137715148,5,dog,0.9862221790888293,5,dog,0.3446779506863967,5,dog,0.9728713195391506
train_01536,7,monkey,7,monkey,0.9449004030641649,7,monkey,0.9747136123857859,7,monkey,0.30779405992688497,7,monkey,0.9994277908048076
train_01537,6,horse,6,horse,0.9993084105573664,6,horse,0.9982908199594328,6,horse,0.2674615923443572,6,horse,0.9755582860959854
train_01538,4,deer,4,deer,0.855234059133043,4,deer,0.96214587987007,4,deer,0.3526728409403747,4,deer,0.9658242881470892
train_01539,9,truck,9,truck,0.846112464132191,9,truck,0.9968522662144279,9,truck,0.33182805342035165,9,truck,0.9717041554099035
train_01540,6,horse,6,horse,0.9997581658547302,6,horse,0.9978068368785141,6,horse,0.4278692420375391,6,horse,0.99625854233132
train_01541,8,ship,8,ship,0.9254056844769321,8,ship,0.9442369446477071,8,ship,0.2986613015533407,8,ship,0.974418984019035
train_01542,1,bird,1,bird,0.9368535361606142,1,bird,0.991652773186542,1,bird,0.420435049594715,1,bird,0.9983057856408923
train_01543,7,monkey,7,monkey,0.9077047038298969,7,monkey,0.9965317701423386,7,monkey,0.3671321897295838,7,monkey,0.9983688956371859
train_01544,7,monkey,7,monkey,0.9749940768744267,7,monkey,0.9129148203416005,7,monkey,0.3784805825406189,7,monkey,0.9996562464723273
train_01547,5,dog,5,dog,0.9214481517548103,5,dog,0.9638841747097718,5,dog,0.29662090963842924,5,dog,0.786234798642109
train_01549,4,deer,4,deer,0.9791965669358357,4,deer,0.9905273246150228,4,deer,0.3454384363997358,4,deer,0.9887896262463391
train_01550,8,ship,8,ship,0.9747841588708034,8,ship,0.9977706270122251,8,ship,0.4167265994215543,8,ship,0.9852951326641864
train_01551,2,car,2,car,0.9893815542487515,2,car,0.9994360208421942,2,car,0.36862256422684025,2,car,0.9700157442676574
train_01552,3,cat,3,cat,0.9776284467293883,3,cat,0.9952150784243772,3,cat,0.31089022144486217,3,cat,0.9742911559839471
train_01553,0,airplane,0,airplane,0.9974330814041602,0,airplane,0.9997490691604602,0,airplane,0.4119283537070717,0,airplane,0.9677779889901057
train_01555,9,truck,9,truck,0.9919618044282416,9,truck,0.9995161153796163,9,truck,0.3322968221030564,9,truck,0.9805977371246473
train_01556,6,horse,6,horse,0.9999978532626919,6,horse,0.9967491509210812,6,horse,0.292580520127131,6,horse,0.9721496465918023
train_01557,4,deer,4,deer,0.99282895908437,4,deer,0.9998019857319982,4,deer,0.3313998375998275,4,deer,0.9982377148702954
train_01558,7,monkey,7,monkey,0.9803834763051095,7,monkey,0.9905549393397953,7,monkey,0.3827471365467193,7,monkey,0.9877360327337242
train_01559,9,truck,9,truck,0.9944480862097637,9,truck,0.9997899806768885,9,truck,0.3354039936380074,9,truck,0.9957621666899424
train_01560,9,truck,9,truck,0.99120307992666,9,truck,0.9995283443933347,9,truck,0.39113495799737497,9,truck,0.994524533208784
train_01561,1,bird,1,bird,0.9986040100850143,1,bird,0.9999833537891739,1,bird,0.35215932061533434,1,bird,0.9972738685294567
train_01562,9,truck,9,truck,0.9626574885708257,9,truck,0.9974450862340543,9,truck,0.30998197571821673,9,truck,0.9792418685030873
train_01563,6,horse,6,horse,0.9995386447818355,6,horse,0.9972869060009655,6,horse,0.305457216652142,6,horse,0.9857496782762573
train_01564,0,airplane,0,airplane,0.9782012128156995,0,airplane,0.9967784625414655,0,airplane,0.3435769413355257,0,airplane,0.9913209569354086
train_01565,5,dog,5,dog,0.9686887398308772,5,dog,0.9222929605662337,5,dog,0.3330285921530959,5,dog,0.9386620095123748
train_01566,6,horse,6,horse,0.9769787448916994,6,horse,0.9913934959098254,6,horse,0.3219296392552885,6,horse,0.9988710184735423
train_01567,5,dog,5,dog,0.9358605545312246,5,dog,0.9891092192948232,5,dog,0.26917727569385486,5,dog,0.6748812803071457
train_01568,5,dog,5,dog,0.9531522392564546,5,dog,0.9584659788969524,5,dog,0.2733180761880416,5,dog,0.9491863186313373
train_01569,7,monkey,7,monkey,0.9011582967127694,7,monkey,0.9968508711179428,7,monkey,0.3236513730393599,7,monkey,0.9983887556264889
train_01570,4,deer,4,deer,0.9864200466554568,4,deer,0.9980445052822573,4,deer,0.43380738609052716,4,deer,0.9913752745734785
train_01572,5,dog,5,dog,0.9985443462425823,5,dog,0.9740162254220172,5,dog,0.34542412874682854,5,dog,0.9750273449963557
train_01573,3,cat,3,cat,0.8330891024295638,3,cat,0.8746327850950616,3,cat,0.19151476080119367,3,cat,0.7862997802030125
train_01574,5,dog,5,dog,0.9865945075568927,5,dog,0.9846699848452597,5,dog,0.3333357273044521,5,dog,0.9678871859508721
train_01575,4,deer,4,deer,0.9579216288344542,4,deer,0.9789050909089073,4,deer,0.4372171911921532,4,deer,0.9978905942193459
train_01576,0,airplane,0,airplane,0.8676626026836373,0,airplane,0.9867994929355247,0,airplane,0.29567395705135524,0,airplane,0.9544050905884842
train_01577,1,bird,1,bird,0.9799014720180341,1,bird,0.9927841081593339,1,bird,0.37476966074926626,1,bird,0.997127441082846
train_01578,8,ship,8,ship,0.9503124760582424,8,ship,0.9998024523287796,8,ship,0.4092309380175998,8,ship,0.9946530398913144
train_01580,5,dog,5,dog,0.9975209811677673,5,dog,0.9934369557592128,5,dog,0.36599036670935503,5,dog,0.9813330979692635
train_01582,9,truck,9,truck,0.9813919028003916,9,truck,0.999235754294229,9,truck,0.39076826210068216,9,truck,0.9942340118388389
train_01583,0,airplane,0,airplane,0.9817747617679153,0,airplane,0.9992368900187829,0,airplane,0.3537017701436909,0,airplane,0.9614355681066421
train_01584,8,ship,8,ship,0.9773202335283725,8,ship,0.9981955164676714,8,ship,0.40076883409382535,8,ship,0.9931993271164997
train_01587,7,monkey,7,monkey,0.9712666274283904,7,monkey,0.9931135455453112,7,monkey,0.3487060795605072,7,monkey,0.9977282455893081
train_01588,0,airplane,0,airplane,0.9902646618114923,0,airplane,0.9972960129611264,0,airplane,0.37117557429818293,0,airplane,0.9726414140123175
train_01590,2,car,2,car,0.9970939242665159,2,car,0.99979300621482,2,car,0.36501439205728775,2,car,0.9814510224048418
train_01591,5,dog,5,dog,0.9377852884165531,5,dog,0.9800304485735354,5,dog,0.2948431170005769,5,dog,0.9671964255927188
train_01592,8,ship,8,ship,0.9930570121897561,8,ship,0.9998515628238853,8,ship,0.49296748587632416,8,ship,0.9965992093388236
train_01593,2,car,2,car,0.9925305259524595,2,car,0.9969091726924464,2,car,0.33481224388543973,2,car,0.9552771752313846
train_01595,7,monkey,7,monkey,0.989857807083388,7,monkey,0.99656579086813,7,monkey,0.28322648404599754,7,monkey,0.9971887706589474
train_01597,7,monkey,7,monkey,0.9932187412406573,7,monkey,0.9995916129820089,7,monkey,0.36014360627911596,7,monkey,0.9996940339463275
train_01598,5,dog,5,dog,0.9451844715123477,5,dog,0.9879424204295724,5,dog,0.344791200843587,5,dog,0.9326380223909178
train_01599,2,car,2,car,0.9792442302946771,2,car,0.9775556968616863,2,car,0.18149618278749532,2,car,0.5508623846046541
train_01600,8,ship,8,ship,0.980250225185971,8,ship,0.9857896767440636,8,ship,0.2632519965811086,8,ship,0.9807762656851261
train_01601,8,ship,8,ship,0.9514350048005034,8,ship,0.9985253943410113,8,ship,0.43194691446632977,8,ship,0.9946824803317574
train_01602,8,ship,8,ship,0.9804996245668709,8,ship,0.9972122343652333,8,ship,0.3800832475186063,8,ship,0.9961943850698791
train_01603,8,ship,8,ship,0.9772956567778822,8,ship,0.9960890135296072,8,ship,0.46894447208182566,8,ship,0.9965883497758322
train_01605,7,monkey,7,monkey,0.9969355425502681,7,monkey,0.9997870790574734,7,monkey,0.3596752273298846,7,monkey,0.9997022659083541
train_01606,4,deer,4,deer,0.934431560971276,4,deer,0.9775296444465662,4,deer,0.4185548976516987,4,deer,0.9900005613568904
train_01607,2,car,2,car,0.9764828921936741,2,car,0.9993385212270036,2,car,0.3874390562123845,2,car,0.9805070950509917
train_01609,0,airplane,0,airplane,0.981987428595618,0,airplane,0.9987213363470842,0,airplane,0.3024246498538379,0,airplane,0.9846901963487912
train_01613,0,airplane,0,airplane,0.9659338183147524,0,airplane,0.9948257545846851,0,airplane,0.3872521616029706,0,airplane,0.9871153686426019
train_01614,6,horse,6,horse,0.9391347288015274,6,horse,0.9989792480237188,6,horse,0.37717157754834757,6,horse,0.9985622440404651
train_01616,1,bird,1,bird,0.9994579140854244,1,bird,0.9960917723860525,1,bird,0.3360724974623511,1,bird,0.9933399293082135
train_01617,3,cat,3,cat,0.9700407251458534,3,cat,0.9990712731659277,4,deer,0.24277930735480915,4,deer,0.962810885347754
train_01618,2,car,2,car,0.9825008664875341,2,car,0.9951952873926971,2,car,0.3259304456386374,2,car,0.9645395881220244
train_01619,3,cat,3,cat,0.9024854051389191,3,cat,0.9998633211118098,3,cat,0.2914773524084927,3,cat,0.6491527694434442
train_01620,0,airplane,0,airplane,0.9920944686902351,0,airplane,0.9997721360284643,0,airplane,0.37440808099368655,0,airplane,0.9407821101400985
train_01621,7,monkey,7,monkey,0.9853307098925393,7,monkey,0.9943446298110872,7,monkey,0.39333672670316666,7,monkey,0.9989509531916717
train_01622,8,ship,8,ship,0.9896517243339524,8,ship,0.9996511147729081,8,ship,0.47849547202114406,8,ship,0.9984402084655477
train_01623,0,airplane,0,airplane,0.9814850013977111,0,airplane,0.9615103810169326,0,airplane,0.3412410302979994,0,airplane,0.9691696261745819
train_01624,3,cat,3,cat,0.9924967951916203,3,cat,0.9983327789483056,3,cat,0.3163145606697931,3,cat,0.9698844649675329
train_01625,1,bird,1,bird,0.9975274402416293,1,bird,0.9998702900470887,1,bird,0.39187540963729,1,bird,0.9980896049205561
train_01627,0,airplane,0,airplane,0.8814277177232213,0,airplane,0.9985297031724927,0,airplane,0.3653417574968421,0,airplane,0.915342216516205
train_01629,4,deer,4,deer,0.9362373139755676,4,deer,0.9690162688209268,4,deer,0.3307474946631271,4,deer,0.9954246243833591
train_01630,5,dog,5,dog,0.98574617741795,5,dog,0.9992816439114024,5,dog,0.32179455112539584,5,dog,0.9732271503737615
train_01631,7,monkey,7,monkey,0.9270763052778777,7,monkey,0.9971229330302581,7,monkey,0.2835657787989107,7,monkey,0.9874884572322586
train_01632,2,car,2,car,0.9979036131757919,2,car,0.9998601627197171,2,car,0.36415787845188013,2,car,0.9732570442242598
train_01634,9,truck,9,truck,0.9964310474991296,9,truck,0.999572746637384,9,truck,0.30275025287589796,9,truck,0.9872909077022727
train_01635,5,dog,5,dog,0.9868484561736504,5,dog,0.9813769419573509,5,dog,0.33497558559242424,5,dog,0.9700628983775855
train_01636,3,cat,3,cat,0.9914686028253946,3,cat,0.9993176824489853,3,cat,0.3002886248440914,3,cat,0.9734793255692847
train_01637,3,cat,3,cat,0.9945443428837164,3,cat,0.9998897708844215,3,cat,0.34682158446830313,3,cat,0.8719762412134466
train_01638,0,airplane,0,airplane,0.991092758198862,0,airplane,0.9992271084866103,0,airplane,0.3667478651336664,0,airplane,0.9687744750215689
train_01641,0,airplane,0,airplane,0.9585175089412198,0,airplane,0.9972594565479214,0,airplane,0.3133894823323441,0,airplane,0.8538473505058932
train_01643,7,monkey,7,monkey,0.9369090753072461,7,monkey,0.9910581426923883,7,monkey,0.34292474036609805,7,monkey,0.9959479148395766
train_01644,8,ship,8,ship,0.9749949695238148,8,ship,0.9983708930106023,8,ship,0.40285891893115755,8,ship,0.9949423225770431
train_01645,4,deer,4,deer,0.9892060164962153,4,deer,0.9997378836024253,4,deer,0.3404917133580779,4,deer,0.9991415852804311
train_01646,8,ship,8,ship,0.9881994749149037,8,ship,0.9935210414609675,8,ship,0.3426035940553452,8,ship,0.9583838434517765
train_01647,6,horse,6,horse,0.9986939133128324,6,horse,0.9814502201867235,6,horse,0.36474415521309195,6,horse,0.9971936940258834
train_01648,6,horse,6,horse,0.9153789788589134,6,horse,0.9958752697940259,6,horse,0.22305455356644185,6,horse,0.9453229879312722
train_01649,9,truck,9,truck,0.9992350159713785,9,truck,0.9995178504125808,9,truck,0.3037938196144289,9,truck,0.9717260650279604
train_01650,3,cat,3,cat,0.9486964873338097,3,cat,0.9987227451629669,3,cat,0.31247716920493307,3,cat,0.9715070049494569
train_01651,6,horse,6,horse,0.999589944431707,6,horse,0.9996605761698901,6,horse,0.37823424948493856,6,horse,0.9987854063027835
train_01652,5,dog,5,dog,0.9637858997147669,5,dog,0.9668970461529751,5,dog,0.3277467910489346,5,dog,0.9720642276420262
train_01653,0,airplane,0,airplane,0.995771943997619,0,airplane,0.999924603312368,0,airplane,0.3458676025087477,0,airplane,0.9349271401509556
train_01655,5,dog,5,dog,0.7912645640845115,5,dog,0.8904311093175326,5,dog,0.2756607998581772,5,dog,0.8681783602540082
train_01657,9,truck,9,truck,0.9864155555776981,9,truck,0.9990821974570638,9,truck,0.3319128175232015,9,truck,0.9895662249914359
train_01658,8,ship,8,ship,0.9594600334567494,8,ship,0.9883130861667371,8,ship,0.40136258615089015,8,ship,0.9978911500991443
train_01659,5,dog,5,dog,0.9345273658180367,5,dog,0.9808765520757069,5,dog,0.2775646515168723,5,dog,0.8966304581599776
train_01660,3,cat,3,cat,0.9998948130112237,3,cat,0.9702699986668984,3,cat,0.3211401386584605,3,cat,0.9861231224106377
train_01663,6,horse,6,horse,0.9993219854239701,6,horse,0.9971150343481952,6,horse,0.31404660697980497,6,horse,0.9779827166779687
train_01664,3,cat,3,cat,0.9963210654421251,3,cat,0.999984817110867,3,cat,0.35605003556484854,3,cat,0.9642330645064413
train_01666,5,dog,5,dog,0.9948961794935266,5,dog,0.9922741070637556,5,dog,0.2998722634019122,5,dog,0.9763091011754705
train_01667,5,dog,5,dog,0.9900185807088909,5,dog,0.9713422786100266,5,dog,0.3429104141565861,5,dog,0.9484755381366022
train_01668,3,cat,3,cat,0.99474042815284,3,cat,0.997296991673621,3,cat,0.2887881698256291,3,cat,0.9836950889364859
train_01669,3,cat,3,cat,0.8996056626064102,3,cat,0.9931069764766235,3,cat,0.32358776251682386,3,cat,0.9787430786464797
train_01671,0,airplane,0,airplane,0.8805483577587263,0,airplane,0.9931513780035094,0,airplane,0.3602421986975221,0,airplane,0.98566046324638
train_01672,1,bird,1,bird,0.9905686090981034,1,bird,0.9994230843825868,1,bird,0.34640780483533473,1,bird,0.9982617222095568
train_01673,9,truck,9,truck,0.9780734681032974,9,truck,0.982877425454462,9,truck,0.2760519760446916,9,truck,0.9350816886611985
train_01674,5,dog,5,dog,0.946317594336886,5,dog,0.81968999063181,5,dog,0.2386036036415141,5,dog,0.6328298716575123
train_01675,3,cat,3,cat,0.9382347472397224,3,cat,0.9998240049112076,3,cat,0.27662037936935896,3,cat,0.9820603134864989
train_01676,9,truck,9,truck,0.9827149837961597,9,truck,0.9976801766864529,9,truck,0.36672579550024853,9,truck,0.9832094427678462
train_01677,5,dog,5,dog,0.5663675094200952,5,dog,0.9615380197050432,5,dog,0.3427260621231361,5,dog,0.9784411271894333
train_01678,5,dog,5,dog,0.9974562954514343,5,dog,0.9913614355221985,5,dog,0.35590839137907115,5,dog,0.955500729538815
train_01679,0,airplane,0,airplane,0.9004051570849296,0,airplane,0.9990379128553367,0,airplane,0.3693178828864798,0,airplane,0.7974485963144456
train_01680,1,bird,1,bird,0.9675428491325759,1,bird,0.9777010076026156,1,bird,0.22967580170220653,1,bird,0.9531168154897413
train_01681,9,truck,9,truck,0.9408568329012822,9,truck,0.9955670128867944,9,truck,0.3375511119563484,9,truck,0.9803125953796074
train_01682,4,deer,4,deer,0.9594936854462527,4,deer,0.9952790523278786,4,deer,0.4017103986485834,4,deer,0.9829422206076082
train_01683,2,car,2,car,0.9790642129012688,2,car,0.9983412520879406,2,car,0.24841836456449512,9,truck,0.8662152830533634
train_01684,1,bird,1,bird,0.9993605010442176,1,bird,0.8683034837344524,1,bird,0.2564116548844774,1,bird,0.9884605765984944
train_01686,4,deer,4,deer,0.9847426725127664,4,deer,0.9868871415799327,4,deer,0.3393216497394674,4,deer,0.9979432843562629
train_01689,5,dog,5,dog,0.9498740437492221,5,dog,0.9990042275319604,5,dog,0.32417906319955386,5,dog,0.8926797274091156
train_01690,5,dog,5,dog,0.9901523581677216,5,dog,0.996181668621039,5,dog,0.28800018603097943,5,dog,0.8843649290802437
train_01691,7,monkey,7,monkey,0.9822207650460375,7,monkey,0.9832074481565106,7,monkey,0.36636093263592323,7,monkey,0.9995828377047626
train_01692,6,horse,6,horse,0.9199245368109447,6,horse,0.9938101478278456,6,horse,0.3575637306589239,6,horse,0.9989680320732676
train_01693,4,deer,4,deer,0.9604985544048017,4,deer,0.9945848319750015,4,deer,0.4431331645543629,4,deer,0.9975248831577713
train_01694,8,ship,8,ship,0.993072613806592,8,ship,0.9983763667583695,8,ship,0.4033915376542665,8,ship,0.9978033060167387
train_01695,3,cat,3,cat,0.8934118328449441,3,cat,0.9666135493015102,3,cat,0.2689976113900318,3,cat,0.5459189694234985
train_01696,4,deer,4,deer,0.9833717531796988,4,deer,0.9950970889342969,4,deer,0.3314611881365924,4,deer,0.998989132288851
train_01697,4,deer,4,deer,0.9947072388938125,4,deer,0.9952760147970657,4,deer,0.4399314181105582,4,deer,0.9889013517493312
train_01698,4,deer,4,deer,0.9613525815982024,4,deer,0.9978263775217329,4,deer,0.413335322824503,4,deer,0.9982059140818144
train_01699,1,bird,1,bird,0.972812300080494,1,bird,0.9721641925925083,1,bird,0.23873747105170665,1,bird,0.9792665162568868
train_01700,4,deer,4,deer,0.9763129759348993,4,deer,0.9982958425910429,4,deer,0.4554772673482506,4,deer,0.9982944885996744
train_01701,6,horse,6,horse,0.728295952368755,6,horse,0.8145229875283609,5,dog,0.1521390506205667,4,deer,0.3532190871017624
train_01702,5,dog,5,dog,0.99403282431048,5,dog,0.9952624442025652,5,dog,0.35864640871157377,5,dog,0.9807350101031327
train_01703,5,dog,5,dog,0.9611007798281065,5,dog,0.9145805576669445,5,dog,0.30315677361036775,5,dog,0.9738975564628354
train_01704,9,truck,9,truck,0.988535958446968,9,truck,0.9997597853432282,9,truck,0.28730978626415493,9,truck,0.9540249731051247
train_01705,8,ship,8,ship,0.9763768941521195,8,ship,0.9922777114050998,8,ship,0.341728891901162,8,ship,0.9861088915762652
train_01706,2,car,2,car,0.9985118114073518,2,car,0.9996832824785745,2,car,0.3448300488337277,2,car,0.9974473785032819
train_01708,4,deer,4,deer,0.9314193310054893,4,deer,0.974346460110744,4,deer,0.2904243652623412,4,deer,0.9969081150470955
train_01709,3,cat,3,cat,0.9944928554807348,3,cat,0.9998487555061902,3,cat,0.32961038793990916,3,cat,0.841759557258477
train_01711,6,horse,6,horse,0.9008358023361098,6,horse,0.9863748190563691,6,horse,0.3022387988926151,6,horse,0.9692311852304176
train_01712,7,monkey,7,monkey,0.9066140398746299,7,monkey,0.9762115379999755,7,monkey,0.3520552167052949,7,monkey,0.9989178934636507
train_01713,0,airplane,0,airplane,0.9504611166675486,0,airplane,0.9858639117597776,0,airplane,0.3430931539301045,0,airplane,0.7079013183463868
train_01714,7,monkey,7,monkey,0.9532924504145514,7,monkey,0.9992243440308045,7,monkey,0.4052812178435629,7,monkey,0.9999208861678458
train_01715,5,dog,5,dog,0.9608312662388505,5,dog,0.9886473546121106,5,dog,0.3408949150326293,5,dog,0.9726851284127551
train_01716,1,bird,1,bird,0.9516744424655892,1,bird,0.9998886283028529,1,bird,0.3799728889979471,1,bird,0.9986468382647703
train_01718,1,bird,1,bird,0.9923874097770018,1,bird,0.9993807790398546,1,bird,0.31879218168586304,1,bird,0.9951220931154507
train_01721,8,ship,8,ship,0.9727747471322313,8,ship,0.995173730911419,8,ship,0.3948592168170118,8,ship,0.9945029025377154
train_01722,2,car,2,car,0.9911058461150963,2,car,0.9997903968431359,2,car,0.2840947944761337,2,car,0.9050914885420418
train_01723,8,ship,8,ship,0.9270608842899838,8,ship,0.9955259827072981,8,ship,0.2625635875911077,8,ship,0.9738332429136052
train_01725,3,cat,3,cat,0.9879321473678863,3,cat,0.9970111792663426,3,cat,0.2941478169301019,3,cat,0.9662914533558586
train_01727,4,deer,4,deer,0.962219909866853,4,deer,0.9895365938768498,4,deer,0.3682620487316257,4,deer,0.997778567996561
train_01728,5,dog,5,dog,0.919086365727086,5,dog,0.9830961722211639,5,dog,0.2760301338037134,5,dog,0.9098512792965584
train_01730,6,horse,6,horse,0.8314337892452053,6,horse,0.9943117443397135,6,horse,0.331047782703065,6,horse,0.9963777339003526
train_01731,0,airplane,0,airplane,0.9949604437215002,0,airplane,0.9989196263088811,0,airplane,0.39255603070128453,0,airplane,0.9482399619396277
train_01733,7,monkey,7,monkey,0.9426189589217004,7,monkey,0.9970268022871922,7,monkey,0.3101926962277628,7,monkey,0.9936817312335827
train_01734,2,car,2,car,0.9626322223029458,2,car,0.996662484282275,2,car,0.40749304664228964,2,car,0.9866933460449884
train_01735,6,horse,6,horse,0.9994376770740295,6,horse,0.9996923963548673,6,horse,0.2522895411231467,6,horse,0.9800119561408513
train_01736,0,airplane,0,airplane,0.972261509002385,0,airplane,0.9993384904835385,0,airplane,0.3685368072760704,0,airplane,0.9645110320426313
train_01737,6,horse,6,horse,0.9395484808940735,6,horse,0.9930656955450269,6,horse,0.28628238698875497,6,horse,0.9784709370753659
train_01739,9,truck,9,truck,0.9752196978897938,9,truck,0.9982339278101926,9,truck,0.26899055259804105,9,truck,0.7067104608132448
train_01741,3,cat,3,cat,0.9713645015231266,3,cat,0.9992291288928549,3,cat,0.16527859829139666,3,cat,0.7805501046359489
train_01742,2,car,2,car,0.9739369276855314,2,car,0.9961183648438529,2,car,0.2905902205017372,2,car,0.9603106392177797
train_01743,6,horse,6,horse,0.9961276191346985,6,horse,0.9997932488153966,6,horse,0.3133808696541157,6,horse,0.9845365094992775
train_01745,1,bird,1,bird,0.9820807862809312,1,bird,0.9965311359536573,1,bird,0.3365287421627885,1,bird,0.9899186862643757
train_01746,5,dog,5,dog,0.9932911955401249,5,dog,0.997827062314147,5,dog,0.27221196396742997,5,dog,0.741916563875769
train_01747,4,deer,4,deer,0.7340313136857348,4,deer,0.9507965184772829,4,deer,0.38389921328939824,4,deer,0.9974587301639982
train_01748,2,car,2,car,0.9784564364865406,2,car,0.9971499070615119,2,car,0.3795555833831861,2,car,0.9835354619197547
train_01752,4,deer,4,deer,0.7540828876309799,4,deer,0.9988967748416573,4,deer,0.40925096972963837,4,deer,0.9978146777802918
train_01754,0,airplane,0,airplane,0.9930215842682995,0,airplane,0.9998923787979784,0,airplane,0.4110204139736525,0,airplane,0.9851871038014985
train_01755,4,deer,4,deer,0.957134494122034,4,deer,0.9957116915861454,4,deer,0.41476287713352766,4,deer,0.9982435360977062
train_01756,4,deer,4,deer,0.9417539505200702,4,deer,0.9987617986138825,4,deer,0.30368168426738107,4,deer,0.9988817711923446
train_01757,3,cat,3,cat,0.9718838462894334,3,cat,0.9972911870862076,3,cat,0.35230691200674197,3,cat,0.919171321870738
train_01758,1,bird,1,bird,0.9008354991719424,1,bird,0.9166761308755388,1,bird,0.2339487270044484,1,bird,0.9894403789335504
train_01759,2,car,2,car,0.9861400514063178,2,car,0.9974030010536769,2,car,0.3385443578753116,2,car,0.9777338357034958
train_01760,7,monkey,7,monkey,0.981737260023521,7,monkey,0.9955546494181567,7,monkey,0.36848309501270604,7,monkey,0.9996165276047801
train_01761,5,dog,5,dog,0.9254245331397948,5,dog,0.9944416106172679,5,dog,0.30488686301877943,5,dog,0.8703198693293014
train_01762,4,deer,4,deer,0.9616311475479029,4,deer,0.9804064874938666,4,deer,0.39575302867586454,4,deer,0.998282372317098
train_01763,7,monkey,7,monkey,0.9556534577335235,7,monkey,0.9976782441023437,7,monkey,0.3802004158433615,7,monkey,0.9984127319429448
train_01764,5,dog,5,dog,0.800549926475461,5,dog,0.9297309027859396,3,cat,0.2621671216708607,3,cat,0.9438486776791357
train_01765,7,monkey,7,monkey,0.9563026211996949,7,monkey,0.9943854984287075,7,monkey,0.2739452332193257,7,monkey,0.9706817551936154
train_01767,0,airplane,0,airplane,0.9956030745563026,0,airplane,0.9999276159430299,0,airplane,0.3797698300124945,0,airplane,0.9794181820432705
train_01768,8,ship,8,ship,0.954274982081753,8,ship,0.9430911027100126,8,ship,0.24904408913752135,8,ship,0.9402363831544468
train_01769,6,horse,6,horse,0.9918297536903191,6,horse,0.9975125834110669,6,horse,0.26671069619893056,6,horse,0.8717985985261609
train_01771,1,bird,1,bird,0.8881649236752824,1,bird,0.9777734028875877,1,bird,0.38711615410792616,1,bird,0.9983586398063921
train_01773,6,horse,6,horse,0.9410746162897698,6,horse,0.8863893520072039,6,horse,0.3007424806144673,6,horse,0.9961803337292775
train_01774,3,cat,3,cat,0.9786422455701647,3,cat,0.9986631616037261,3,cat,0.2584859534335518,3,cat,0.946784998372536
train_01775,3,cat,3,cat,0.9824527978353642,3,cat,0.9999757809523974,3,cat,0.36124943711236074,3,cat,0.9168161718505108
train_01776,9,truck,9,truck,0.9927223628336888,9,truck,0.9993061623105639,9,truck,0.2736766733512146,9,truck,0.9386492115901518
train_01777,1,bird,1,bird,0.9682189729597253,1,bird,0.9729121501839383,1,bird,0.359721845982243,1,bird,0.9940089171836479
train_01778,6,horse,6,horse,0.9987215859661572,6,horse,0.9971296590702113,6,horse,0.34197871811041747,6,horse,0.9977091009713096
train_01779,0,airplane,0,airplane,0.9844209201127857,0,airplane,0.9991083093350637,0,airplane,0.34484410236832397,0,airplane,0.9468732331978978
train_01781,5,dog,5,dog,0.9773502921235813,5,dog,0.9994570735740522,5,dog,0.3302337167443376,5,dog,0.9210144856773872
train_01782,8,ship,8,ship,0.9981875992811139,8,ship,0.9999742920980682,8,ship,0.476877691168739,8,ship,0.9976908806735142
train_01783,7,monkey,7,monkey,0.9596962543614309,7,monkey,0.9687722902839402,7,monkey,0.27907808874370493,7,monkey,0.9992123452621884
train_01784,6,horse,6,horse,0.9958757562201425,6,horse,0.9641484383267681,6,horse,0.24427522488279532,6,horse,0.989855276425884
train_01785,0,airplane,0,airplane,0.9962378279019715,0,airplane,0.9997896572759807,0,airplane,0.3625648500494028,0,airplane,0.9637228055201499
train_01786,2,car,2,car,0.9689476388550687,2,car,0.9991568405172745,2,car,0.4095099640846748,2,car,0.9878516569626711
train_01787,4,deer,4,deer,0.9844671318729592,4,deer,0.8959634181823736,4,deer,0.31807396643234764,4,deer,0.9971602146567258
train_01788,1,bird,1,bird,0.9986615237099504,1,bird,0.9999546590300725,1,bird,0.3204508129596449,1,bird,0.9956565114877653
train_01790,9,truck,9,truck,0.9829993456303696,9,truck,0.9998651261996473,9,truck,0.371523068156515,9,truck,0.9906663722710284
train_01792,5,dog,5,dog,0.9977489512171109,5,dog,0.9977850479245904,5,dog,0.3335039732476402,5,dog,0.9819040777097058
train_01793,6,horse,6,horse,0.9996752216321955,6,horse,0.9994905729794856,6,horse,0.41409591157120107,6,horse,0.9972611617221392
train_01794,2,car,2,car,0.9956833687062984,2,car,0.9997956764216056,2,car,0.3630215473244011,2,car,0.9929573062942877
train_01795,8,ship,8,ship,0.9915034843429318,8,ship,0.9981263592530093,8,ship,0.502912953852305,8,ship,0.995560238241433
train_01796,4,deer,4,deer,0.9680221855213621,4,deer,0.9979968588291563,4,deer,0.3924498968952619,4,deer,0.9996513490307105
train_01797,7,monkey,7,monkey,0.9698523189496792,7,monkey,0.9965559730927375,7,monkey,0.3409140301875641,7,monkey,0.9945059240028407
train_01798,3,cat,3,cat,0.9011945830617005,3,cat,0.9996279499466201,3,cat,0.23729830061950932,3,cat,0.9593551676747687
train_01799,4,deer,4,deer,0.9874015168202254,4,deer,0.9996751402391869,4,deer,0.3753517994080459,4,deer,0.9989291042321055
train_01801,1,bird,1,bird,0.9930831466651314,1,bird,0.9997498185823892,1,bird,0.3992236039665712,1,bird,0.9981053318733035
train_01802,8,ship,8,ship,0.9806952713262033,8,ship,0.997067774677449,8,ship,0.33304159167262964,8,ship,0.988617084461197
train_01803,6,horse,6,horse,0.999524377949668,6,horse,0.9992064361326327,6,horse,0.3546019927645413,6,horse,0.9951486571798883
train_01804,7,monkey,7,monkey,0.9708792385708311,7,monkey,0.9924410212650879,7,monkey,0.26390008596049874,7,monkey,0.9278531593074899
train_01805,0,airplane,0,airplane,0.974598022445403,0,airplane,0.9996234404012815,0,airplane,0.288775762320374,0,airplane,0.7974638480225518
train_01806,6,horse,6,horse,0.9997481958603386,6,horse,0.9999913576368151,6,horse,0.36323152334232645,6,horse,0.9951384626257187
train_01809,0,airplane,0,airplane,0.9790788371976441,0,airplane,0.9994775460176707,0,airplane,0.39760499899710444,0,airplane,0.9528196476365874
train_01810,6,horse,6,horse,0.9390499657480654,6,horse,0.9944547682467129,6,horse,0.2447246463247703,6,horse,0.9965252561576486
train_01811,7,monkey,7,monkey,0.9842939040342501,7,monkey,0.9649705189095623,7,monkey,0.39394355042417356,7,monkey,0.9998885928024882
train_01812,6,horse,6,horse,0.9882304596205285,6,horse,0.996790519529204,6,horse,0.3863710045577433,6,horse,0.9983421820113532
train_01814,7,monkey,7,monkey,0.9685937588840121,7,monkey,0.997863197293741,7,monkey,0.33014715950207035,7,monkey,0.9990650208730177
train_01816,4,deer,4,deer,0.9799007944900605,4,deer,0.9930818853779856,4,deer,0.42564102263844,4,deer,0.9945188730486938
train_01817,3,cat,3,cat,0.9960822154809352,3,cat,0.999971399970414,3,cat,0.31603449182870413,3,cat,0.8679013496134685
train_01818,9,truck,9,truck,0.9877540899159089,9,truck,0.9976485756708956,9,truck,0.39313302017578383,9,truck,0.9966917710035698
train_01819,1,bird,1,bird,0.9953237308879611,1,bird,0.9932220654930953,1,bird,0.34392043971212966,1,bird,0.996086180340631
train_01820,0,airplane,0,airplane,0.9281427768609178,0,airplane,0.995208164503003,0,airplane,0.32164007171963727,0,airplane,0.9059799749571809
train_01821,9,truck,9,truck,0.9578865770862217,9,truck,0.9964358601598324,9,truck,0.28483788740919497,9,truck,0.8913184835393957
train_01822,5,dog,5,dog,0.9991260198657719,5,dog,0.9997614615817454,5,dog,0.32318643989399254,5,dog,0.9223593220004277
train_01823,4,deer,4,deer,0.9621905610441537,4,deer,0.9985647972797214,4,deer,0.3211969331679368,4,deer,0.9984621262021225
train_01824,0,airplane,0,airplane,0.8767132412593124,0,airplane,0.9431388944463761,0,airplane,0.30438515254429915,0,airplane,0.9192881675495631
train_01826,4,deer,4,deer,0.9495530540883553,4,deer,0.997887045886595,4,deer,0.4572875729098832,4,deer,0.996722952402631
train_01827,2,car,2,car,0.9834874640472621,2,car,0.9997526983536782,2,car,0.2995700479259987,2,car,0.9908836033695748
train_01829,7,monkey,7,monkey,0.9427037065456971,7,monkey,0.9991224603632736,7,monkey,0.38054583523698465,7,monkey,0.9974109235543183
train_01830,1,bird,1,bird,0.891910637539921,1,bird,0.9394004970685623,1,bird,0.3067499227667615,1,bird,0.9972142891769991
train_01831,9,truck,9,truck,0.9617402784836195,9,truck,0.9819793677356484,9,truck,0.2837643491035117,9,truck,0.7669391712749652
train_01833,2,car,2,car,0.9347603851474562,2,car,0.998328770267339,2,car,0.27993204376272945,2,car,0.9206612171053316
train_01834,7,monkey,7,monkey,0.9656644706792661,7,monkey,0.9969507724166251,7,monkey,0.43886660788463905,7,monkey,0.9995128773025229
train_01836,1,bird,1,bird,0.8451336959983534,1,bird,0.8738739216278146,1,bird,0.14577637174340288,1,bird,0.8462928177461465
train_01837,1,bird,1,bird,0.963311473454214,1,bird,0.9742002840990471,1,bird,0.35217839034662646,1,bird,0.9864976252596745
train_01838,7,monkey,7,monkey,0.9931753279938216,7,monkey,0.9997043435619201,7,monkey,0.4216033564641446,7,monkey,0.9997364280207174
train_01839,4,deer,4,deer,0.9858184217300363,4,deer,0.9948341751695615,4,deer,0.35244724179256653,4,deer,0.9994468856914888
train_01840,4,deer,4,deer,0.991895018409107,4,deer,0.999836474821343,4,deer,0.32730675157083416,4,deer,0.9991143842293013
train_01841,0,airplane,0,airplane,0.959166747115167,0,airplane,0.9988211930916973,0,airplane,0.36547650622306166,0,airplane,0.8925381046052983
train_01842,4,deer,4,deer,0.9430756742120576,4,deer,0.9989384612121982,4,deer,0.3305018187453022,4,deer,0.9973135663411459
train_01843,2,car,2,car,0.9966565198586982,2,car,0.9996094131560103,2,car,0.3121211385886417,2,car,0.9626513272456052
train_01844,4,deer,4,deer,0.5164813590047165,4,deer,0.8450245520832972,4,deer,0.31279237677897787,4,deer,0.9642511642774086
train_01845,0,airplane,0,airplane,0.9698119298329995,0,airplane,0.9994543411968764,0,airplane,0.3512618446112983,0,airplane,0.9823511926101253
train_01846,8,ship,8,ship,0.9706089823631427,8,ship,0.999422177630859,8,ship,0.3704145595516231,8,ship,0.9960627707159929
train_01847,9,truck,9,truck,0.87515128822426,9,truck,0.9981441075150661,9,truck,0.2970589037068057,9,truck,0.9845705159047287
train_01848,6,horse,6,horse,0.9900780778280156,6,horse,0.9637936812038989,6,horse,0.3152804081109239,6,horse,0.9948501147082527
train_01849,2,car,2,car,0.9987026377703032,2,car,0.9970239943388037,2,car,0.3888118993331454,2,car,0.9826599595048371
train_01850,5,dog,5,dog,0.9746551267266512,5,dog,0.9504465372334707,5,dog,0.28338158889616544,5,dog,0.9651099876176469
train_01851,8,ship,8,ship,0.9868528345528665,8,ship,0.9996447920038594,8,ship,0.4248332075008839,8,ship,0.9987743067534478
train_01853,1,bird,1,bird,0.9995575966531588,1,bird,0.9994391961242949,1,bird,0.3082892642862984,1,bird,0.9963214628059429
train_01854,9,truck,9,truck,0.9947656127291759,9,truck,0.9991749859267454,9,truck,0.3456281255878211,9,truck,0.9882023319526335
train_01855,2,car,2,car,0.9887788576706817,2,car,0.9996583555333652,2,car,0.32948301475779623,2,car,0.9856097118130239
train_01857,7,monkey,7,monkey,0.9968923734288144,7,monkey,0.999364768265321,7,monkey,0.3977557281485244,7,monkey,0.9985887372640699
train_01858,4,deer,4,deer,0.982758926540209,4,deer,0.9996137972910126,4,deer,0.35780807031783896,4,deer,0.9996327852772846
train_01859,1,bird,1,bird,0.9897792642768705,1,bird,0.94939924441746,1,bird,0.21350255515443678,1,bird,0.9894546028598556
train_01860,7,monkey,7,monkey,0.9466733903810818,7,monkey,0.9966517309625572,7,monkey,0.20498958953174024,6,horse,0.737550614769896
train_01861,5,dog,5,dog,0.9973457027939064,5,dog,0.9956904765375469,5,dog,0.2326863728109854,5,dog,0.9159323258104031
train_01863,5,dog,5,dog,0.9479785483429233,5,dog,0.9912061481571809,5,dog,0.2956724573238386,5,dog,0.7862627996684612
train_01864,3,cat,3,cat,0.9943721819344516,3,cat,0.9998342513510177,3,cat,0.3055489517221907,3,cat,0.9702642793806825
train_01865,6,horse,6,horse,0.9797519483537865,6,horse,0.9846134183811861,6,horse,0.3165753000134338,6,horse,0.9929985421444112
train_01866,5,dog,5,dog,0.9972784261104634,5,dog,0.9998723844545703,5,dog,0.3328548520810657,5,dog,0.9687141523296499
train_01868,9,truck,9,truck,0.9947919882114578,9,truck,0.999757910801098,9,truck,0.3593008435887886,9,truck,0.9872587420973388
train_01869,0,airplane,0,airplane,0.9474875757440478,0,airplane,0.9962049492430632,0,airplane,0.34288321130903476,0,airplane,0.9424650829768488
train_01872,6,horse,6,horse,0.9977692175388356,6,horse,0.997220192836142,6,horse,0.33195426639644604,6,horse,0.9938194569271912
train_01873,9,truck,9,truck,0.9678308913091266,9,truck,0.9902843744985508,9,truck,0.39539844406575,9,truck,0.9952106693100072
train_01874,5,dog,5,dog,0.9001630331876603,5,dog,0.9902024077376489,5,dog,0.3354703649524934,5,dog,0.9754952112354988
train_01876,3,cat,3,cat,0.9643348704019891,3,cat,0.9847309192783645,3,cat,0.29277977395272253,3,cat,0.6155128828637495
train_01877,9,truck,9,truck,0.9932554151184725,9,truck,0.9986412704072918,9,truck,0.3696593288535689,9,truck,0.991002938621123
train_01878,1,bird,1,bird,0.9811009172133695,1,bird,0.9832551411618816,1,bird,0.3972196582522516,1,bird,0.9968093534548005
train_01880,0,airplane,0,airplane,0.9696582959069221,0,airplane,0.9992899582857987,0,airplane,0.38439181214759266,0,airplane,0.9856900218458725
train_01882,3,cat,3,cat,0.9835368840343385,3,cat,0.9982565723028206,3,cat,0.32007854047137413,3,cat,0.9644521864440405
train_01884,0,airplane,0,airplane,0.97221880800014,0,airplane,0.9972082943655008,0,airplane,0.18414111552689422,8,ship,0.44842551509327644
train_01885,2,car,2,car,0.9975872474919363,2,car,0.9999603489501592,2,car,0.4126864912421297,2,car,0.9960344423749427
train_01886,1,bird,1,bird,0.9337765681950652,1,bird,0.9909930030909134,1,bird,0.21947650669743968,1,bird,0.9718423576399211
train_01887,7,monkey,7,monkey,0.9838775591364916,7,monkey,0.9996191954495561,7,monkey,0.30384392074648076,7,monkey,0.9976758221020829
train_01888,8,ship,8,ship,0.9930959999343522,8,ship,0.9996721748389487,8,ship,0.4586763320335191,8,ship,0.9983164639261717
train_01890,3,cat,5,dog,0.8540441644975978,3,cat,0.9378100576015114,5,dog,0.22282841878378404,3,cat,0.7860097189851692
train_01891,0,airplane,0,airplane,0.9527000291624719,0,airplane,0.9937976782551777,0,airplane,0.3058257783430442,0,airplane,0.7283092448797132
train_01892,7,monkey,7,monkey,0.9387206516418385,7,monkey,0.9959866296413648,7,monkey,0.37330609817666066,7,monkey,0.999427626941102
train_01893,2,car,2,car,0.9794773918629929,2,car,0.9991121427619538,2,car,0.37730426802859823,2,car,0.9718672330749248
train_01894,0,airplane,0,airplane,0.9812789890937247,0,airplane,0.9994772782663477,0,airplane,0.4034255765866612,0,airplane,0.9726127821474743
train_01895,1,bird,1,bird,0.9528984987904007,1,bird,0.9990337326821654,1,bird,0.3821293687317274,1,bird,0.9910326500550583
train_01896,3,cat,3,cat,0.9966506268147424,3,cat,0.9991068819673016,3,cat,0.3037093420198734,3,cat,0.7590467507250832
train_01897,8,ship,8,ship,0.9823994010881907,8,ship,0.9938164905601934,8,ship,0.3685151254241609,8,ship,0.9978980550391233
train_01899,9,truck,9,truck,0.9642938487218953,9,truck,0.9981338565132851,9,truck,0.3531810481966759,9,truck,0.9875484904999323
train_01900,7,monkey,7,monkey,0.9601769270169415,7,monkey,0.997050053682919,7,monkey,0.3008346729758399,7,monkey,0.9950526576267851
train_01901,6,horse,6,horse,0.9019971486636755,6,horse,0.9926592950576303,6,horse,0.23723921549356594,6,horse,0.9695106025122663
train_01902,6,horse,6,horse,0.9354151441201133,6,horse,0.997987752491304,6,horse,0.32110224462358716,6,horse,0.9990921628039298
train_01903,7,monkey,7,monkey,0.9639992046192389,7,monkey,0.9913766045212609,7,monkey,0.22381971863163339,7,monkey,0.98571534447832
train_01904,4,deer,4,deer,0.9283281711414892,4,deer,0.9977781105085683,4,deer,0.39112474274067344,4,deer,0.9978754309570782
train_01905,9,truck,9,truck,0.9935707100552126,9,truck,0.9997242758272816,9,truck,0.33375780710284164,9,truck,0.9447499812804
train_01906,3,cat,3,cat,0.9946917506582418,3,cat,0.9998071174616935,3,cat,0.2796429569816396,3,cat,0.6357401745809204
train_01907,5,dog,5,dog,0.9763875367426462,5,dog,0.9852101182506205,5,dog,0.2803253688438304,5,dog,0.9783928792218988
train_01910,2,car,2,car,0.8857579460120962,2,car,0.9672519182340666,2,car,0.22020593244680514,2,car,0.9277824159737184
train_01911,7,monkey,7,monkey,0.9380423569273789,7,monkey,0.9981810574978379,7,monkey,0.4067959606514195,7,monkey,0.9998445132998012
train_01912,0,airplane,0,airplane,0.9754323995384604,0,airplane,0.9997645063912067,0,airplane,0.4308926947914233,0,airplane,0.9872765481937396
train_01913,9,truck,9,truck,0.9667581342024241,9,truck,0.99764067544969,9,truck,0.3095870571488487,9,truck,0.9714880711839746
train_01914,7,monkey,7,monkey,0.9387176588020258,7,monkey,0.997614202471805,7,monkey,0.28494307503570404,7,monkey,0.9864316768822875
train_01915,9,truck,9,truck,0.9941271096438221,9,truck,0.9986535161794484,9,truck,0.383198009721932,9,truck,0.9950213692291977
train_01916,2,car,2,car,0.9904033584017484,2,car,0.9916675435082855,2,car,0.27009296189691556,2,car,0.5671272330553704
train_01917,3,cat,3,cat,0.715044001684353,3,cat,0.7411319882713763,4,deer,0.23797886024807646,4,deer,0.9895730440569844
train_01918,8,ship,8,ship,0.9981750298466213,8,ship,0.9991125446759686,8,ship,0.45036190007479326,8,ship,0.99034227424436
train_01919,3,cat,3,cat,0.9818511600401753,3,cat,0.9997202746789664,3,cat,0.341959006580439,3,cat,0.9890767858656984
train_01920,0,airplane,0,airplane,0.9765624430695228,0,airplane,0.9997164004816834,0,airplane,0.2673247325884503,0,airplane,0.9504692283886134
train_01921,5,dog,5,dog,0.9836917758865787,5,dog,0.9926356016980009,5,dog,0.3380505123635216,5,dog,0.943823096412294
train_01922,0,airplane,0,airplane,0.9809932921312612,0,airplane,0.9997840873812411,0,airplane,0.43407965576313123,0,airplane,0.9906816384877939
train_01923,3,cat,3,cat,0.987157385549476,3,cat,0.9981019867355766,3,cat,0.29873354599768237,3,cat,0.9884047806606682
train_01924,3,cat,3,cat,0.9796675906060032,3,cat,0.9657029441891207,3,cat,0.2540278188965616,3,cat,0.4337994788517397
train_01925,3,cat,3,cat,0.999169161009005,3,cat,0.9983749804735591,3,cat,0.3128689846690444,3,cat,0.974460828813124
train_01927,3,cat,3,cat,0.994530262126204,3,cat,0.9994302181875673,3,cat,0.24366678186278004,4,deer,0.5233613466227071
train_01929,8,ship,8,ship,0.6169215933032925,8,ship,0.763187423725725,8,ship,0.2446435292718446,8,ship,0.9951014694836298
train_01930,4,deer,4,deer,0.9406735078638357,4,deer,0.99934657129049,4,deer,0.4119279331527152,4,deer,0.9991775557911604
train_01931,7,monkey,7,monkey,0.9788248047530688,7,monkey,0.997265510768747,7,monkey,0.3336910238373787,7,monkey,0.9979203206419299
train_01932,2,car,2,car,0.9988079954901596,2,car,0.9996409798610362,2,car,0.360893944291113,2,car,0.9940668322247548
train_01933,6,horse,6,horse,0.9783802233536274,6,horse,0.9973165039408493,6,horse,0.38589437030017143,6,horse,0.9981981137452928
train_01935,6,horse,6,horse,0.9682144905720311,6,horse,0.9989790409956459,6,horse,0.3752451812431933,6,horse,0.9916720332336694
train_01936,9,truck,9,truck,0.9199036873647934,9,truck,0.9431779349383235,9,truck,0.3675566472388875,9,truck,0.9886818113239055
train_01937,1,bird,1,bird,0.9999401063869743,1,bird,0.9999221443910045,1,bird,0.4107382657102986,1,bird,0.9990429937825305
train_01939,0,airplane,0,airplane,0.9128234730139178,0,airplane,0.992922763249137,0,airplane,0.3544149645013834,0,airplane,0.936425579319111
train_01940,1,bird,1,bird,0.4087417807282813,1,bird,0.8433410707249039,1,bird,0.21517981397315142,1,bird,0.9665273576402743
train_01942,7,monkey,7,monkey,0.9898242256527602,7,monkey,0.9977607644812555,3,cat,0.1474767332555261,6,horse,0.37503948950433763
train_01943,2,car,2,car,0.935302824861745,2,car,0.9978869915401342,2,car,0.4158882403555995,2,car,0.9850563590741437
train_01945,7,monkey,7,monkey,0.9478391019905323,7,monkey,0.9997340586939527,7,monkey,0.2022526466914526,7,monkey,0.5769307773408738
train_01946,2,car,2,car,0.9649258951991398,2,car,0.9988852934017324,2,car,0.38228131343169397,2,car,0.9780880900388068
train_01947,9,truck,9,truck,0.9879430064011706,9,truck,0.9966741917559185,9,truck,0.3539081121271637,9,truck,0.9961739775683802
train_01948,5,dog,5,dog,0.9161389011040638,5,dog,0.98596343061336,5,dog,0.36301070579771444,5,dog,0.965477421469457
train_01950,1,bird,1,bird,0.9996998580184234,1,bird,0.99998026460741,1,bird,0.44245195352214006,1,bird,0.9979987807783185
train_01951,3,cat,3,cat,0.967267978570093,3,cat,0.999235660194881,3,cat,0.30009345566689394,3,cat,0.9682750017763553
train_01953,9,truck,9,truck,0.9933715719198557,9,truck,0.9999280616864549,9,truck,0.3308412917653026,9,truck,0.9789553462527685
train_01954,3,cat,3,cat,0.9896811094069873,3,cat,0.9996541015999024,3,cat,0.33855129592784083,3,cat,0.9766682447241369
train_01955,3,cat,3,cat,0.8669104240042482,3,cat,0.9984469741467655,3,cat,0.3228564368487014,3,cat,0.4961781721811955
train_01956,6,horse,6,horse,0.9233158109313843,6,horse,0.9970477467130495,6,horse,0.3114832445175897,6,horse,0.9984516737550971
train_01958,4,deer,4,deer,0.9807423112654794,4,deer,0.99575853874469,4,deer,0.3611414813685006,4,deer,0.9976866123600706
train_01959,4,deer,4,deer,0.8972248458796164,4,deer,0.9976255162965384,4,deer,0.20337769094620162,4,deer,0.9798344469430248
train_01960,3,cat,3,cat,0.9581327279825675,3,cat,0.9994925385409203,3,cat,0.36156015281165255,3,cat,0.8956859641804189
train_01961,4,deer,4,deer,0.9196732793679545,4,deer,0.9990649975207341,4,deer,0.3960569858388214,4,deer,0.9945439985075563
train_01962,9,truck,9,truck,0.9931319923321441,9,truck,0.9961403712297221,9,truck,0.384177684279543,9,truck,0.9813939359348421
train_01963,0,airplane,0,airplane,0.9761234117825518,0,airplane,0.991220919919949,0,airplane,0.32322399238500543,0,airplane,0.9665638477395385
train_01964,6,horse,6,horse,0.9388898463903623,6,horse,0.9962446402197195,6,horse,0.27678689394516914,6,horse,0.9924944909659845
train_01967,8,ship,8,ship,0.9711681361655808,8,ship,0.9973907039889602,8,ship,0.44934057539823496,8,ship,0.9983612025718492
train_01968,7,monkey,7,monkey,0.9792180011150569,7,monkey,0.9961448366376023,7,monkey,0.2666156464455453,7,monkey,0.9856935337247043
train_01969,8,ship,8,ship,0.9809307218540434,8,ship,0.9997169478451672,8,ship,0.4581085330132907,8,ship,0.9985012419489121
train_01971,3,cat,3,cat,0.9946567249283791,3,cat,0.999971548156326,3,cat,0.404563022751199,3,cat,0.9587885171942766
train_01973,7,monkey,7,monkey,0.9911621456647447,7,monkey,0.9845899372288031,7,monkey,0.32857827079521296,7,monkey,0.9971486309589411
train_01974,3,cat,3,cat,0.9296403163333169,3,cat,0.9994720929362416,3,cat,0.14955017221503272,4,deer,0.6836511676127366
train_01976,3,cat,3,cat,0.9923244870152085,3,cat,0.9993050484754987,3,cat,0.27091507836045114,3,cat,0.9814832128205103
train_01977,3,cat,3,cat,0.9832500549644336,3,cat,0.9672141300438974,3,cat,0.23754137787129417,4,deer,0.8465279474151908
train_01978,0,airplane,0,airplane,0.9755940701599178,0,airplane,0.9984457371287473,0,airplane,0.2984822660965433,0,airplane,0.8277303648567552
train_01979,6,horse,6,horse,0.9961176895870251,6,horse,0.999735434365311,6,horse,0.34293811919238393,6,horse,0.991913486123568
train_01980,7,monkey,7,monkey,0.9921927040791643,7,monkey,0.9999168041505013,7,monkey,0.30716318557778954,7,monkey,0.9992670382551749
train_01981,8,ship,8,ship,0.9901602191436316,8,ship,0.9998753165584797,8,ship,0.45341914769605735,8,ship,0.9981759990058017
train_01982,7,monkey,7,monkey,0.9473795151672404,7,monkey,0.9993598310478893,7,monkey,0.3608654152991116,7,monkey,0.9961700538775071
train_01983,4,deer,4,deer,0.9644251977982721,4,deer,0.9995400211666753,4,deer,0.43289839872953,4,deer,0.9993045669943191
train_01984,1,bird,1,bird,0.887449293485401,1,bird,0.9858665686617556,1,bird,0.23929089386331517,1,bird,0.9574616826972018
train_01986,3,cat,3,cat,0.9924448783998627,3,cat,0.9976664849424973,3,cat,0.2821042401701967,3,cat,0.9651498753670313
train_01987,9,truck,9,truck,0.9726547620403547,9,truck,0.9980980300969017,9,truck,0.3028290004999629,9,truck,0.9768766772539726
train_01988,3,cat,3,cat,0.8659706998395715,3,cat,0.9935754086350309,3,cat,0.2424191354949915,3,cat,0.6849451124214045
train_01989,9,truck,9,truck,0.9854346877434513,9,truck,0.9994256662095069,9,truck,0.3766495271236663,9,truck,0.9938394596691092
train_01990,5,dog,5,dog,0.9677690043831851,5,dog,0.9349379437397802,5,dog,0.30705393697767797,5,dog,0.9244427971283581
train_01991,4,deer,4,deer,0.9575039092181489,4,deer,0.9931124606837627,4,deer,0.339720962345863,4,deer,0.9915943407128991
train_01992,2,car,2,car,0.9931967148859335,2,car,0.9999335085088259,2,car,0.40090538270523934,2,car,0.9839794125792174
train_01994,0,airplane,0,airplane,0.9647921950744388,0,airplane,0.9989633964373387,0,airplane,0.3406638049907897,0,airplane,0.974449811765488
train_01995,0,airplane,0,airplane,0.954306719830346,0,airplane,0.9983803175050207,0,airplane,0.3540471660091343,0,airplane,0.8192487374663755
train_01996,4,deer,4,deer,0.8943484032524456,4,deer,0.9664400279315292,4,deer,0.25721132238607,4,deer,0.8267555215789815
train_01997,4,deer,4,deer,0.9896659222723767,4,deer,0.9990132156020811,4,deer,0.3945662171681009,4,deer,0.996204506829708
train_01998,0,airplane,0,airplane,0.9980281976249122,0,airplane,0.99980777586076,0,airplane,0.4032139991744701,0,airplane,0.9545601226177809
train_01999,1,bird,1,bird,0.9975611578317543,1,bird,0.999970788294552,1,bird,0.4045384581115361,1,bird,0.9983249191337585
train_02000,0,airplane,0,airplane,0.9947848610289789,0,airplane,0.9993911552112792,0,airplane,0.35481239546843363,0,airplane,0.7603954210394833
train_02001,2,car,2,car,0.9954340654963859,2,car,0.9993723127072794,2,car,0.3553234289883055,2,car,0.9932839448913258
train_02002,9,truck,9,truck,0.9802425786482468,9,truck,0.997858966221193,9,truck,0.34548247575138874,9,truck,0.9938423920280667
train_02003,6,horse,6,horse,0.9971232851814225,6,horse,0.9995960832417832,6,horse,0.3900807674420129,6,horse,0.9987181795147209
train_02004,8,ship,8,ship,0.9125264215880645,8,ship,0.9919545163689084,8,ship,0.4127087264586069,8,ship,0.9892386790582292
train_02005,8,ship,8,ship,0.8607912213330497,8,ship,0.9757287530024251,8,ship,0.3420933855107625,8,ship,0.9986699195970855
train_02007,1,bird,1,bird,0.9971787992504803,1,bird,0.9992977321434647,1,bird,0.40809064946440415,1,bird,0.9983586603088308
train_02008,9,truck,9,truck,0.9910525701761141,9,truck,0.9994811479825029,9,truck,0.37761848067159937,9,truck,0.9955201679532764
train_02010,3,cat,3,cat,0.9986169235832814,3,cat,0.9982899821396646,3,cat,0.30221504201255744,3,cat,0.9742949645225445
train_02011,9,truck,9,truck,0.9888078753681502,9,truck,0.9972220987631436,9,truck,0.3582858937094553,9,truck,0.984500428147751
train_02012,5,dog,5,dog,0.9961985789307859,5,dog,0.9966900986239273,5,dog,0.3050584080432546,5,dog,0.9676757006248898
train_02013,1,bird,1,bird,0.8755770852050662,1,bird,0.862321310434238,1,bird,0.18085747541039443,1,bird,0.7004804522940982
train_02015,0,airplane,0,airplane,0.9806183216057643,0,airplane,0.9957130261091982,0,airplane,0.3630955808690775,0,airplane,0.9706373939624016
train_02016,3,cat,4,deer,0.7167897334737651,3,cat,0.6709050517971644,4,deer,0.23810430133632465,4,deer,0.968636239995862
train_02017,1,bird,1,bird,0.9925175642327113,1,bird,0.9958181373062097,1,bird,0.3605455791396138,1,bird,0.9956433813904979
train_02018,3,cat,3,cat,0.9855817299993263,3,cat,0.9962778973561155,3,cat,0.26519413300826744,3,cat,0.5163392486715865
train_02021,8,ship,8,ship,0.9360299901172046,8,ship,0.8247164935279409,8,ship,0.39143041030572184,8,ship,0.9877287679389387
train_02022,5,dog,5,dog,0.9795416695193548,5,dog,0.9980201744265258,5,dog,0.32008865459804825,5,dog,0.9677367490879619
train_02024,5,dog,5,dog,0.9423701960042075,5,dog,0.9408174247928232,5,dog,0.34983800536163906,5,dog,0.9342721161357807
train_02025,2,car,2,car,0.9918454513053904,2,car,0.9926623109180837,2,car,0.3067185430960597,2,car,0.9931795438727683
train_02026,0,airplane,0,airplane,0.967963269724602,0,airplane,0.9990752943933463,0,airplane,0.30827561363295175,0,airplane,0.9250880683850587
train_02027,3,cat,3,cat,0.9785362774767108,3,cat,0.9985826474992227,3,cat,0.2821787240604619,3,cat,0.9213630182507331
train_02029,2,car,2,car,0.9586503435849416,2,car,0.9981908220751052,2,car,0.3063042081541898,2,car,0.9408701533540711
train_02030,7,monkey,7,monkey,0.9680658533889833,7,monkey,0.9628822115499095,7,monkey,0.3718222636151692,7,monkey,0.999057732970062
train_02034,6,horse,6,horse,0.7856641445862659,6,horse,0.994682544514203,6,horse,0.3077612526275733,6,horse,0.9969806670134381
train_02038,0,airplane,0,airplane,0.973251648899457,0,airplane,0.9970885111352237,0,airplane,0.37130558432623634,0,airplane,0.9713905549881056
train_02040,0,airplane,0,airplane,0.9893012668929521,0,airplane,0.999594968166772,0,airplane,0.33734335711792207,0,airplane,0.9451351807171521
train_02042,3,cat,3,cat,0.9463181333243265,3,cat,0.999966920984905,3,cat,0.29184480310855937,3,cat,0.8952015926293276
train_02043,2,car,2,car,0.9724636244558932,2,car,0.9992834895137229,2,car,0.3107820011204227,2,car,0.9885958360558287
train_02044,8,ship,8,ship,0.962480675043682,8,ship,0.9985596774699652,8,ship,0.39923337408356085,8,ship,0.996442109405584
train_02045,7,monkey,7,monkey,0.9089320400726848,7,monkey,0.9990024046022994,7,monkey,0.30783523926028344,7,monkey,0.996220701914481
train_02046,4,deer,4,deer,0.9911656900724141,4,deer,0.99863040801918,4,deer,0.41320919677217877,4,deer,0.9986407754582902
train_02047,0,airplane,0,airplane,0.9352234485550531,0,airplane,0.9979773625807808,0,airplane,0.34185800421517143,0,airplane,0.9821310592137257
train_02048,2,car,2,car,0.9710150837418429,2,car,0.9976036739157959,2,car,0.30287723084585355,2,car,0.9774289811267514
train_02049,2,car,2,car,0.9989103936760184,2,car,0.9961736025958644,2,car,0.3508018889452132,2,car,0.9851137583711363
train_02050,1,bird,1,bird,0.993701218967196,1,bird,0.9998944598830776,1,bird,0.43890274914953226,1,bird,0.9990586547447305
train_02051,2,car,2,car,0.9902973947853851,2,car,0.9992031544206575,2,car,0.36350740604767073,2,car,0.9672925039031685
train_02052,2,car,2,car,0.989509450839454,2,car,0.9915913256926571,2,car,0.31338326185132725,2,car,0.9867997007749276
train_02053,3,cat,3,cat,0.8403877970983942,3,cat,0.9846461069273804,3,cat,0.2616759201372896,3,cat,0.9330652877745874
train_02054,0,airplane,0,airplane,0.9970498598085327,0,airplane,0.9999396116760296,0,airplane,0.3260434515265586,0,airplane,0.9191344525149502
train_02055,3,cat,3,cat,0.902312366525099,3,cat,0.9633615932897417,3,cat,0.2802871088322325,3,cat,0.6635609844780292
train_02056,0,airplane,0,airplane,0.9795739092856591,0,airplane,0.9990829425893122,0,airplane,0.4144256026287442,0,airplane,0.9937639434775984
train_02057,6,horse,6,horse,0.9989691329702031,6,horse,0.9996387186256163,6,horse,0.37133932815187876,6,horse,0.9941683023710518
train_02060,4,deer,4,deer,0.933934176007738,4,deer,0.9979364707790874,4,deer,0.39653476425202155,4,deer,0.9966605647610421
train_02061,9,truck,9,truck,0.9775301354589244,9,truck,0.9982696911207988,9,truck,0.3130102902477052,9,truck,0.9306468571483455
train_02062,5,dog,5,dog,0.9894715766729256,5,dog,0.9992865362519179,5,dog,0.3676739348929233,5,dog,0.971911308835142
train_02064,4,deer,4,deer,0.9775611131042313,4,deer,0.9962311865165566,4,deer,0.4493083617813397,4,deer,0.9991196120581146
train_02065,5,dog,5,dog,0.869380945829035,5,dog,0.9374816349376507,5,dog,0.3425450631510119,5,dog,0.8798790595886629
train_02067,5,dog,5,dog,0.9977790286450341,5,dog,0.9993966049595938,5,dog,0.34028940481065445,5,dog,0.9725839193781514
train_02068,2,car,2,car,0.9974321262140579,2,car,0.9993736071490157,2,car,0.3337208413080033,2,car,0.9640168696118313
train_02069,8,ship,8,ship,0.9982088914001285,8,ship,0.9999814781960199,8,ship,0.4719882178263398,8,ship,0.9978363860203808
train_02072,4,deer,4,deer,0.9729852899786903,4,deer,0.9996534203798135,4,deer,0.3211957987371995,4,deer,0.9979947806398817
train_02073,3,cat,3,cat,0.9963251655223189,3,cat,0.9947324948893028,3,cat,0.22979136297155917,7,monkey,0.6346815448792337
train_02074,2,car,2,car,0.9864082738256347,2,car,0.9998102964669708,2,car,0.3017086441876643,2,car,0.9631577157717496
train_02075,4,deer,4,deer,0.8169685656625273,4,deer,0.9414297933162356,4,deer,0.36034769081872403,4,deer,0.946596509851986
train_02076,0,airplane,0,airplane,0.9828272540418421,0,airplane,0.9998028852197229,0,airplane,0.3939511436308303,0,airplane,0.9923951172124446
train_02077,2,car,2,car,0.9973444436422135,2,car,0.9988984856861615,2,car,0.31340860941014986,2,car,0.9335066195597282
train_02078,8,ship,8,ship,0.9900950014838031,8,ship,0.9996897661161706,8,ship,0.4659330109278457,8,ship,0.9976466562254565
train_02079,0,airplane,0,airplane,0.9893240997599703,0,airplane,0.9963202691256204,0,airplane,0.37884545959102356,0,airplane,0.9673927260366413
train_02080,9,truck,9,truck,0.5879188535843671,9,truck,0.7722625182667346,9,truck,0.2189368324669028,9,truck,0.623219919906577
train_02081,8,ship,8,ship,0.9946469682474135,8,ship,0.997750438385803,8,ship,0.31871603718048575,8,ship,0.9802140973278722
train_02083,6,horse,6,horse,0.9936752645871942,6,horse,0.9918410849916763,6,horse,0.4052919007860235,6,horse,0.9996055069324807
train_02084,9,truck,9,truck,0.9936855818528922,9,truck,0.9983653320494471,9,truck,0.2926295661061875,9,truck,0.9612257006953648
train_02085,2,car,2,car,0.9963794030624674,2,car,0.9990653495088502,2,car,0.25099485059480836,2,car,0.9476251059965364
train_02086,9,truck,9,truck,0.9892541414530706,9,truck,0.999804231424815,9,truck,0.28713513735384616,9,truck,0.9843680239981408
train_02087,2,car,2,car,0.998648395249697,2,car,0.999704289133944,2,car,0.3329164604670568,2,car,0.9932944560069443
train_02088,6,horse,6,horse,0.907846367682082,6,horse,0.984306005095382,6,horse,0.28822248486131763,6,horse,0.9826041292829064
train_02089,7,monkey,7,monkey,0.9864090269174651,7,monkey,0.9956563134001167,1,bird,0.21648463720612537,1,bird,0.6958577638810997
train_02090,8,ship,8,ship,0.9850255667953315,8,ship,0.9987704891239475,8,ship,0.47107430640965137,8,ship,0.9893222690901595
train_02091,7,monkey,7,monkey,0.7743587093483705,7,monkey,0.865084516160486,7,monkey,0.296751493467816,7,monkey,0.9826756680918445
train_02093,9,truck,9,truck,0.994315870158216,9,truck,0.9997299881553461,9,truck,0.3986685204330075,9,truck,0.9878557561488732
train_02094,0,airplane,0,airplane,0.965328166802029,0,airplane,0.9990142506308131,0,airplane,0.3734409632069414,0,airplane,0.9789287950413066
train_02097,9,truck,9,truck,0.9941169037981072,9,truck,0.9993508082444051,9,truck,0.22580982525180984,9,truck,0.7531257076287166
train_02098,4,deer,4,deer,0.96064438806891,4,deer,0.9992992804097472,4,deer,0.3377817954227128,4,deer,0.9982955257062408
train_02099,9,truck,9,truck,0.9709153337034212,9,truck,0.9941909448532728,9,truck,0.4250790165226969,9,truck,0.996760138924476
train_02100,0,airplane,0,airplane,0.9924553830833316,0,airplane,0.9999347618542127,0,airplane,0.41778468032105265,0,airplane,0.9590361453074375
train_02101,0,airplane,0,airplane,0.9896328418063466,0,airplane,0.9978604061120735,0,airplane,0.38454094797349664,0,airplane,0.9681634619939015
train_02102,3,cat,3,cat,0.986413459459085,3,cat,0.9587793804316358,3,cat,0.2696692410164075,3,cat,0.9081620223397704
train_02104,6,horse,6,horse,0.9926094400088887,6,horse,0.9996425616599707,6,horse,0.3623930911633356,6,horse,0.9984991727992543
train_02105,5,dog,5,dog,0.9661530411563101,5,dog,0.964624771130892,5,dog,0.29202738586558535,5,dog,0.9485533949952407
train_02107,9,truck,9,truck,0.7595837241755216,9,truck,0.9522159892723384,9,truck,0.23660395957823613,9,truck,0.9597518218737874
train_02109,5,dog,5,dog,0.9682841491036301,5,dog,0.9992314843436257,5,dog,0.2929009856074887,5,dog,0.9760442431993032
train_02110,2,car,2,car,0.9963189956472616,2,car,0.9974513397452706,2,car,0.3619873517378349,2,car,0.9452837827961543
train_02111,5,dog,5,dog,0.9805950976842204,5,dog,0.9835014119894752,5,dog,0.34720568879351515,5,dog,0.9841330949558229
train_02112,5,dog,5,dog,0.8798514948879601,5,dog,0.8348192476010523,4,deer,0.19894210958366246,4,deer,0.795319678752366
train_02113,0,airplane,0,airplane,0.9987526529808205,0,airplane,0.9999863183119377,0,airplane,0.3284052532366107,0,airplane,0.9235179841411078
train_02114,4,deer,4,deer,0.9764213801144221,4,deer,0.9956049104909273,4,deer,0.42175188928315693,4,deer,0.9874101846527613
train_02115,4,deer,1,bird,0.5644260260148992,4,deer,0.9686406994317035,4,deer,0.21903824992166065,4,deer,0.9395088876265442
train_02118,2,car,2,car,0.993298074766131,2,car,0.9988990000140278,2,car,0.3411855241666781,2,car,0.9501109057329777
train_02119,0,airplane,0,airplane,0.9851532583190377,0,airplane,0.9993683372856462,0,airplane,0.36172393078436316,0,airplane,0.8260594207065486
train_02120,8,ship,8,ship,0.8080440738446396,8,ship,0.9591757566643018,0,airplane,0.1995340155654722,8,ship,0.8861803704124138
train_02121,7,monkey,7,monkey,0.9932092321619431,7,monkey,0.996789520602459,7,monkey,0.3646326715052863,7,monkey,0.9984515067467261
train_02122,6,horse,6,horse,0.990443844493432,6,horse,0.999984293297346,6,horse,0.37628513883054,6,horse,0.9992412994136292
train_02124,2,car,2,car,0.9658700839744667,2,car,0.9976459074300568,2,car,0.3649396518056557,2,car,0.953549577839645
train_02125,4,deer,4,deer,0.9666408558150386,4,deer,0.9976768828476762,4,deer,0.4387240015393496,4,deer,0.9992151452498148
train_02126,1,bird,1,bird,0.9802440644929313,1,bird,0.9827186017956571,1,bird,0.2548297160456975,1,bird,0.9876445732969833
train_02127,5,dog,5,dog,0.9991536872778123,5,dog,0.9985393606923699,5,dog,0.3526745743802484,5,dog,0.9774983256789302
train_02128,6,horse,6,horse,0.9915060416667494,6,horse,0.9970150601250864,6,horse,0.35364964262599097,6,horse,0.9971969008421326
train_02129,2,car,2,car,0.9963129900036545,2,car,0.999920457950482,2,car,0.3596522686753101,2,car,0.9732725581530094
train_02132,0,airplane,0,airplane,0.9665155434361982,0,airplane,0.9997277404510468,0,airplane,0.41218683240958803,0,airplane,0.9823811852543827
train_02133,2,car,2,car,0.9985042137575629,2,car,0.9991604363116321,2,car,0.3901434373962236,2,car,0.9768112147617486
train_02134,9,truck,9,truck,0.7770495098176182,9,truck,0.9949147677168633,9,truck,0.21527261972524828,9,truck,0.8446028109592799
train_02135,0,airplane,0,airplane,0.9801144867201661,0,airplane,0.9976946734728062,0,airplane,0.33945627368684045,0,airplane,0.9674895569262528
train_02136,7,monkey,7,monkey,0.9475060548937809,7,monkey,0.997254194211244,7,monkey,0.2742886914881789,7,monkey,0.9101734694322142
train_02138,3,cat,3,cat,0.9515536471262779,3,cat,0.9983342545862164,3,cat,0.32409850513272004,3,cat,0.9154535013980415
train_02139,6,horse,6,horse,0.9939040604837859,6,horse,0.9998494864986966,6,horse,0.3306480614966461,6,horse,0.9797769163743605
train_02140,0,airplane,0,airplane,0.9891657656707274,0,airplane,0.9999195165035318,0,airplane,0.4149670993269879,0,airplane,0.9787528891181688
train_02141,3,cat,3,cat,0.9947009923988921,3,cat,0.9994353345677602,3,cat,0.28264515120261974,1,bird,0.6559965332848559
train_02143,7,monkey,7,monkey,0.9788671251673854,7,monkey,0.9968481866306104,7,monkey,0.432453849123837,7,monkey,0.9996680045556464
train_02144,7,monkey,7,monkey,0.9775051304051607,7,monkey,0.9967392740465317,7,monkey,0.4227555665315657,7,monkey,0.9991427696756982
train_02146,7,monkey,7,monkey,0.9554638719112925,7,monkey,0.9947601434502793,7,monkey,0.3473934200098545,7,monkey,0.9991100561307901
train_02148,1,bird,1,bird,0.9373166707491118,1,bird,0.9613837992043204,1,bird,0.229547124128834,1,bird,0.989367580674586
train_02149,2,car,2,car,0.9932571854984659,2,car,0.9996243073817227,2,car,0.3971540706741084,2,car,0.9379271159561684
train_02150,3,cat,3,cat,0.9265034339502255,3,cat,0.9990851357336249,3,cat,0.2650541566809449,3,cat,0.6542046660469921
train_02151,8,ship,8,ship,0.9794333471860074,8,ship,0.9999486443377088,8,ship,0.35738763287866826,8,ship,0.9912412243017601
train_02152,4,deer,4,deer,0.9789668946022018,4,deer,0.9983432835343855,4,deer,0.35208856354872775,4,deer,0.9990949667397017
train_02153,3,cat,3,cat,0.823117172440269,3,cat,0.9804493062355816,3,cat,0.3190080893887711,3,cat,0.8834180575126288
train_02154,5,dog,5,dog,0.9988589638738496,5,dog,0.9995467847219525,5,dog,0.33747519123729175,5,dog,0.9550815279393701
train_02155,0,airplane,0,airplane,0.9006192917724378,0,airplane,0.9928621725960936,0,airplane,0.3720452860488372,0,airplane,0.9309014499998237
train_02156,9,truck,9,truck,0.9553096780980705,9,truck,0.929713187444393,9,truck,0.2742789666805194,9,truck,0.9640363366918988
train_02157,2,car,2,car,0.9801471648567102,2,car,0.9855396853424834,2,car,0.3153456235226518,2,car,0.9867670181063333
train_02158,2,car,2,car,0.9908867801109711,2,car,0.9998966432795326,2,car,0.3369797704845956,2,car,0.9830876702388861
train_02159,8,ship,8,ship,0.9433883193233352,8,ship,0.9974092033210792,8,ship,0.36320146910858975,8,ship,0.9741453029688204
train_02160,4,deer,4,deer,0.8658042465879472,4,deer,0.9865632889283958,4,deer,0.39157054085557064,4,deer,0.9967017438564645
train_02161,0,airplane,0,airplane,0.9391068691820067,0,airplane,0.9999296701552202,0,airplane,0.2885727056949752,0,airplane,0.7640024502016338
train_02162,6,horse,6,horse,0.9091357922386876,6,horse,0.999561266238308,6,horse,0.290581649810132,6,horse,0.9631034457145788
train_02163,1,bird,1,bird,0.7501855697331667,1,bird,0.9937028828478746,1,bird,0.21758016280817535,1,bird,0.9523000090248898
train_02164,2,car,2,car,0.9798186983756398,2,car,0.9965081849000444,2,car,0.3411363353925754,2,car,0.9739892490333152
train_02166,0,airplane,0,airplane,0.9965946964899868,0,airplane,0.9983472844111849,0,airplane,0.3873296812916148,0,airplane,0.970607535592873
train_02168,7,monkey,7,monkey,0.9649921698723886,7,monkey,0.9949969874021529,7,monkey,0.37837267836651667,7,monkey,0.9986740892280496
train_02169,4,deer,4,deer,0.9824724772559208,4,deer,0.9991335542645728,4,deer,0.4651910383273794,4,deer,0.9979846948298364
train_02170,9,truck,9,truck,0.9816878097626536,9,truck,0.9874959367881435,9,truck,0.3265412404606156,9,truck,0.989584714653802
train_02171,8,ship,8,ship,0.9696956207852013,8,ship,0.9971166841672385,8,ship,0.32220253733943927,8,ship,0.9937752963236577
train_02175,8,ship,8,ship,0.9959326879843188,8,ship,0.9991243240767421,8,ship,0.46672361800103496,8,ship,0.9970029195190974
train_02176,6,horse,6,horse,0.9926324954462529,6,horse,0.9998438799836913,6,horse,0.37213927668151486,6,horse,0.9990263427414678
train_02177,6,horse,6,horse,0.9970361558974777,6,horse,0.9991119194029795,6,horse,0.3682533852963004,6,horse,0.9975811449248041
train_02178,4,deer,4,deer,0.9575263981111782,4,deer,0.9990835231949787,4,deer,0.3885996320064953,4,deer,0.9937156254519645
train_02179,4,deer,4,deer,0.9450447781512284,4,deer,0.9948114265577697,4,deer,0.45380548715758867,4,deer,0.9994182583777936
train_02180,4,deer,4,deer,0.9352384693276219,4,deer,0.9971237240889478,4,deer,0.43305756109453997,4,deer,0.9963754054229188
train_02181,6,horse,6,horse,0.9618032118547742,6,horse,0.9954643950742059,6,horse,0.33999894356735977,6,horse,0.9910488016430528
train_02182,3,cat,3,cat,0.8263676969625908,3,cat,0.9866181926447328,4,deer,0.17629110940982093,4,deer,0.5871410900663596
train_02183,5,dog,5,dog,0.9952321669957096,5,dog,0.9859735526799301,5,dog,0.3358205052806131,5,dog,0.9511244178366115
train_02185,4,deer,4,deer,0.9852572568878317,4,deer,0.9960200884202997,4,deer,0.36198310092409713,4,deer,0.9917525620748294
train_02186,3,cat,3,cat,0.9853246166816501,3,cat,0.999424358068928,3,cat,0.2954560336221854,3,cat,0.9810347651090054
train_02187,6,horse,6,horse,0.9064307113810759,6,horse,0.9777007657497525,6,horse,0.36902823267014506,6,horse,0.998950469441121
train_02188,4,deer,4,deer,0.9784019945459325,4,deer,0.9988116543269558,4,deer,0.3310267354868171,4,deer,0.9966370100566665
train_02189,1,bird,1,bird,0.8439338273814717,1,bird,0.8874175250962868,1,bird,0.19210737300162983,1,bird,0.9585951463774433
train_02190,7,monkey,7,monkey,0.9706859426727646,7,monkey,0.9724908693260381,7,monkey,0.3843946697115827,7,monkey,0.9941632611964094
train_02191,0,airplane,0,airplane,0.9654575758795426,0,airplane,0.9999186589484169,0,airplane,0.3787740768644587,0,airplane,0.9784206783118242
train_02192,2,car,2,car,0.9940810034859873,2,car,0.9996095315034277,2,car,0.3863815192251079,2,car,0.9247936080282625
train_02194,4,deer,4,deer,0.9460631941117964,4,deer,0.9723670096392708,4,deer,0.30323460103044925,4,deer,0.9986643021573436
train_02195,4,deer,4,deer,0.851728371337948,4,deer,0.9742941566581647,4,deer,0.3847749573982501,4,deer,0.9054209549769998
train_02196,0,airplane,0,airplane,0.9827891020977768,0,airplane,0.9990370642189151,0,airplane,0.4073537568061137,0,airplane,0.9925801627455363
train_02197,9,truck,9,truck,0.9798940209104607,9,truck,0.9974661642787691,9,truck,0.3106346221029438,9,truck,0.9318505509289935
train_02198,6,horse,6,horse,0.9503719981883533,6,horse,0.9945036579958434,6,horse,0.3915987414322976,6,horse,0.9879939367083038
train_02199,0,airplane,0,airplane,0.9779838114543603,0,airplane,0.9955900605206957,0,airplane,0.363976254677399,0,airplane,0.965774426610171
train_02200,0,airplane,0,airplane,0.9487901762006218,0,airplane,0.9995150923315029,0,airplane,0.39862458311469295,0,airplane,0.9594819723421826
train_02202,2,car,2,car,0.9967141566897182,2,car,0.9983443258237693,2,car,0.17504912900898523,2,car,0.7086079946073318
train_02203,8,ship,8,ship,0.9795001660769265,8,ship,0.9998142260114389,8,ship,0.3857585489920217,8,ship,0.993655139525582
train_02205,3,cat,3,cat,0.9394139766945274,3,cat,0.9996001921499384,3,cat,0.2061910054813016,1,bird,0.7246847759046552
train_02206,9,truck,9,truck,0.9943757934946864,9,truck,0.9994771708742299,9,truck,0.3435893466577134,9,truck,0.9698702429911645
train_02207,5,dog,5,dog,0.9650431292615538,5,dog,0.9950639701726328,5,dog,0.28487354398914994,5,dog,0.9548747366175887
train_02208,2,car,2,car,0.994937268754341,2,car,0.9928808355746979,2,car,0.3770240124328612,2,car,0.9476475119286824
train_02209,9,truck,9,truck,0.9759232251602311,9,truck,0.9991297147938049,9,truck,0.3118324295625868,9,truck,0.9855050905543103
train_02211,9,truck,9,truck,0.9881856544722087,9,truck,0.9995784535464683,9,truck,0.39498571715285186,9,truck,0.9933879315695403
train_02212,4,deer,4,deer,0.9612062008917778,4,deer,0.9997535386526042,4,deer,0.3359414485571268,4,deer,0.9973109446004949
train_02213,3,cat,3,cat,0.9965838011826186,3,cat,0.9989069860099915,3,cat,0.3541620678038665,3,cat,0.9021915575521537
train_02214,4,deer,4,deer,0.9826157047728686,4,deer,0.9723182773605106,4,deer,0.31224320519414617,4,deer,0.9970492421955368
train_02215,0,airplane,0,airplane,0.9329373234424567,0,airplane,0.9980099300864215,0,airplane,0.3635216454273072,0,airplane,0.8989831572618924
train_02216,2,car,2,car,0.9975258339198867,2,car,0.9999764797577229,2,car,0.31563595029725827,2,car,0.9645211218594659
train_02217,4,deer,4,deer,0.9806015441200095,4,deer,0.997292948360617,4,deer,0.28420341592564113,4,deer,0.9921213664318134
train_02219,6,horse,6,horse,0.9887232216240677,6,horse,0.997993413457766,6,horse,0.30415932997957673,6,horse,0.997997782518622
train_02220,2,car,2,car,0.9574290275927928,2,car,0.9996018614041497,2,car,0.35195937385578774,2,car,0.9793440601299263
train_02222,7,monkey,7,monkey,0.9804626334017795,7,monkey,0.9999065396697979,7,monkey,0.30470720365904425,7,monkey,0.9978947743738172
train_02223,4,deer,4,deer,0.9454983436568878,4,deer,0.9992404217682764,4,deer,0.4298931710874663,4,deer,0.9990422538702077
train_02224,1,bird,1,bird,0.907575380899091,1,bird,0.9920904886469318,1,bird,0.3796470689524392,1,bird,0.995187579768516
train_02225,9,truck,9,truck,0.9935949787257745,9,truck,0.9977323075906355,9,truck,0.31539653245078425,9,truck,0.9801152707235399
train_02226,8,ship,8,ship,0.8535374671500364,8,ship,0.7165251675115173,8,ship,0.34852418680928915,8,ship,0.9932276539907552
train_02227,9,truck,9,truck,0.9796142579077538,9,truck,0.9998976997105125,9,truck,0.37037259379604504,9,truck,0.9714270410367448
train_02228,5,dog,5,dog,0.9603323180596152,5,dog,0.9928594112846105,5,dog,0.3519786159759454,5,dog,0.9741079856583121
train_02229,3,cat,3,cat,0.9943577597689565,3,cat,0.8771019913808779,3,cat,0.2632460723169529,3,cat,0.9411349091874235
train_02230,5,dog,5,dog,0.9588800387898552,5,dog,0.9884283330700364,5,dog,0.26234210511976896,5,dog,0.7147230594433744
train_02231,9,truck,9,truck,0.9768737372226465,9,truck,0.9855587763120216,9,truck,0.288174940831011,9,truck,0.797572046378249
train_02232,2,car,2,car,0.9873263407697704,2,car,0.9999713919796409,2,car,0.39381326358818697,2,car,0.9783275140272074
train_02233,9,truck,9,truck,0.9801527213531988,9,truck,0.9957735342088326,9,truck,0.31684258655980474,9,truck,0.9525514333117759
train_02234,1,bird,1,bird,0.7746508987829245,1,bird,0.8934515524207305,1,bird,0.28337794229109997,1,bird,0.9950663842993548
train_02235,5,dog,5,dog,0.9270492363069796,5,dog,0.9931682737987708,5,dog,0.31885808206538463,5,dog,0.9380596390384771
train_02236,5,dog,5,dog,0.9516549208029088,5,dog,0.9762288525121664,5,dog,0.3214899543628507,5,dog,0.9734331635769942
train_02239,1,bird,1,bird,0.9996238127465578,1,bird,0.999582780506769,1,bird,0.3927322361530204,1,bird,0.9969692834081889
train_02240,4,deer,4,deer,0.9848768765569305,4,deer,0.9998980353375917,4,deer,0.40221532856281567,4,deer,0.998182992604638
train_02241,6,horse,6,horse,0.9439682892880148,6,horse,0.9843180409382257,6,horse,0.23487929614219938,6,horse,0.8455963390355266
train_02242,4,deer,4,deer,0.8790095076143674,4,deer,0.9791608533037086,4,deer,0.3750384548267681,4,deer,0.99872042234591
train_02243,4,deer,4,deer,0.9616783821735035,4,deer,0.9687093180363995,4,deer,0.4254899891972137,4,deer,0.9958890643497113
train_02244,9,truck,9,truck,0.9640537409366212,9,truck,0.9976685161833816,9,truck,0.26605403310716175,9,truck,0.7980563414774531
train_02245,0,airplane,0,airplane,0.9711831017021735,0,airplane,0.9958042487977501,0,airplane,0.34521091676000587,0,airplane,0.9384281944162111
train_02247,9,truck,9,truck,0.984445328343266,9,truck,0.9938291854201659,9,truck,0.40713503869277184,9,truck,0.9869829538140598
train_02250,3,cat,3,cat,0.7752321734605648,3,cat,0.869636176863997,4,deer,0.24266493035114986,4,deer,0.9437344612926183
train_02251,6,horse,6,horse,0.8301594003036494,6,horse,0.8762079200101637,6,horse,0.24391809627109118,6,horse,0.9977619375479618
train_02254,1,bird,1,bird,0.9975473729548856,1,bird,0.999985879971683,1,bird,0.38193843073992,1,bird,0.9985807034864062
train_02255,7,monkey,7,monkey,0.9481817901291667,7,monkey,0.997294002580012,7,monkey,0.38530390650395796,7,monkey,0.9995851513533085
train_02256,8,ship,8,ship,0.9907281714217774,8,ship,0.999822319859873,8,ship,0.46343127543168494,8,ship,0.9935300608853098
train_02258,6,horse,6,horse,0.9856028204093344,6,horse,0.9551044124208111,6,horse,0.32914341331491803,6,horse,0.9871132207765874
train_02259,9,truck,9,truck,0.9864520239798577,9,truck,0.9870789080325254,9,truck,0.24360062834587434,9,truck,0.913004582566168
train_02261,3,cat,3,cat,0.9302557240085122,3,cat,0.9987948038440233,3,cat,0.30099459239624715,3,cat,0.9646084105929728
train_02262,7,monkey,7,monkey,0.9788702960150549,7,monkey,0.9994369849616518,7,monkey,0.36431290715033615,7,monkey,0.9994920788730943
train_02263,8,ship,8,ship,0.9952866352564893,8,ship,0.999961901179249,8,ship,0.49300288042510987,8,ship,0.9977924486366755
train_02264,8,ship,8,ship,0.9365941099128218,8,ship,0.9156657923399213,8,ship,0.2626377002327486,8,ship,0.9875019054035021
train_02265,1,bird,1,bird,0.9926083312813297,1,bird,0.9989742242039453,1,bird,0.36712820827565157,1,bird,0.9975969802784397
train_02267,3,cat,3,cat,0.9406252965082004,3,cat,0.9982618765551903,7,monkey,0.1990904560176834,4,deer,0.8175991690526008
train_02268,4,deer,4,deer,0.9771619317559588,4,deer,0.999340861685019,4,deer,0.4190500187249714,4,deer,0.9983717262129121
train_02269,4,deer,4,deer,0.9664698612149607,4,deer,0.9869191726964193,4,deer,0.3355541546251209,4,deer,0.9913918322100733
train_02272,8,ship,8,ship,0.9638394572190428,8,ship,0.9997190491667222,8,ship,0.3762855397072198,8,ship,0.9984190110667936
train_02273,3,cat,3,cat,0.9902686737650863,3,cat,0.9783437141737016,3,cat,0.2952862332253266,3,cat,0.9752982235059966
train_02274,5,dog,5,dog,0.951270883706746,5,dog,0.9655945259565764,5,dog,0.3139320147577719,5,dog,0.9638199372636821
train_02275,7,monkey,7,monkey,0.9830457826618737,7,monkey,0.9990548142478708,7,monkey,0.359153847904323,7,monkey,0.9984218096218818
train_02276,0,airplane,0,airplane,0.9789274189069301,0,airplane,0.9997477905233005,0,airplane,0.4096808401391878,0,airplane,0.9585627436294415
train_02277,6,horse,6,horse,0.9947621396610001,6,horse,0.9998612613872483,6,horse,0.3021182928383896,6,horse,0.9921896302103859
train_02278,5,dog,5,dog,0.9107662336459189,5,dog,0.9778355428028708,3,cat,0.15757212213973645,5,dog,0.3158487245419437
train_02279,2,car,2,car,0.9927394472453691,2,car,0.9997812492084475,2,car,0.28793604360790787,2,car,0.9877469986090864
train_02281,0,airplane,0,airplane,0.9747868363577066,0,airplane,0.9998245240496116,0,airplane,0.3352851166715027,0,airplane,0.98193222200315
train_02282,8,ship,8,ship,0.9385721350962623,8,ship,0.9980509489167189,8,ship,0.35343555946476934,8,ship,0.9969536679451032
train_02283,6,horse,6,horse,0.9990230065294614,6,horse,0.9998715173841343,6,horse,0.3495289749267763,6,horse,0.9974518294201303
train_02284,1,bird,1,bird,0.8892656230981747,1,bird,0.9922212008310959,1,bird,0.3860636956814236,1,bird,0.9992344117670824
train_02285,4,deer,4,deer,0.985362045375395,4,deer,0.9990008215750223,4,deer,0.3970064376466393,4,deer,0.9965331991278821
train_02287,8,ship,8,ship,0.9668398860252588,8,ship,0.9986298656709826,8,ship,0.3873049717223194,8,ship,0.9944200736382655
train_02288,2,car,2,car,0.9782630291096638,2,car,0.9989867384809282,2,car,0.3329621904526813,2,car,0.9548314980010283
train_02289,7,monkey,7,monkey,0.9534293170843586,7,monkey,0.996171291445885,7,monkey,0.37555813870815513,7,monkey,0.9986706412680542
train_02290,6,horse,6,horse,0.9817238879471014,6,horse,0.9997511887213579,6,horse,0.3461975452427205,6,horse,0.9993623792364416
train_02291,3,cat,3,cat,0.9904152778831201,3,cat,0.9967050452702984,3,cat,0.2924558735319451,3,cat,0.9757329355742198
train_02292,2,car,2,car,0.9957093083933207,2,car,0.99834431665504,2,car,0.3063521852718767,2,car,0.9844946701692727
train_02293,4,deer,4,deer,0.8200267375129253,4,deer,0.9254588826296299,4,deer,0.3641915937476517,4,deer,0.9869361108905096
train_02294,6,horse,6,horse,0.9825122412606242,6,horse,0.9961927640360219,6,horse,0.2773825733444939,6,horse,0.9972253532594965
train_02295,4,deer,4,deer,0.9355303927996323,4,deer,0.9999037075684211,4,deer,0.3736174407825977,4,deer,0.9988190264392379
train_02296,0,airplane,0,airplane,0.9463199352479836,0,airplane,0.9940228591752653,0,airplane,0.34575671584120865,0,airplane,0.9347186841489715
train_02297,7,monkey,7,monkey,0.9352507894200389,7,monkey,0.9879593393461358,7,monkey,0.4182267147639311,7,monkey,0.9997255722823521
train_02298,8,ship,8,ship,0.9872401127367019,8,ship,0.9687682932480669,8,ship,0.46012348824916377,8,ship,0.998119287587042
train_02300,4,deer,4,deer,0.8897408301290856,4,deer,0.9983130046363183,4,deer,0.2433166157371505,4,deer,0.9388626671437134
train_02301,6,horse,6,horse,0.8199954873473044,6,horse,0.9077132346475112,6,horse,0.25147264504513656,6,horse,0.9953280124768604
train_02302,0,airplane,0,airplane,0.9896885924047591,0,airplane,0.9997998439849587,0,airplane,0.3632517404338283,0,airplane,0.9478425903164884
train_02304,7,monkey,7,monkey,0.9857308714460793,7,monkey,0.9999067226183904,7,monkey,0.3533451376083648,7,monkey,0.9995851692553402
train_02305,5,dog,5,dog,0.9406626794615263,5,dog,0.9805110727566362,5,dog,0.29952040607062125,5,dog,0.9736582367306886
train_02306,8,ship,8,ship,0.9527115951154862,8,ship,0.9971072317792432,8,ship,0.40240969330439935,8,ship,0.9813775231058206
train_02307,1,bird,1,bird,0.9997558263336087,1,bird,0.9999873273503878,1,bird,0.41446518767616614,1,bird,0.9985238426633335
train_02308,7,monkey,7,monkey,0.9882509878846237,7,monkey,0.9976094219613904,7,monkey,0.270839863902401,1,bird,0.7060445645159958
train_02309,5,dog,5,dog,0.7868328875008732,5,dog,0.9182572603423294,5,dog,0.1779150043530479,5,dog,0.6917948517946751
train_02310,3,cat,3,cat,0.6584812265563648,3,cat,0.9806669265041001,6,horse,0.14835382475814612,6,horse,0.505605703813324
train_02311,9,truck,9,truck,0.9820275363809345,9,truck,0.9961201138868097,9,truck,0.3490656912265365,9,truck,0.9787311404428694
train_02312,2,car,2,car,0.9991891559280656,2,car,0.9995708545243378,2,car,0.4014069430185427,2,car,0.9950310936450409
train_02313,2,car,2,car,0.9443476199931229,2,car,0.9982462574626585,2,car,0.20049079361279495,2,car,0.7944965273760458
train_02314,4,deer,4,deer,0.6622299749720444,4,deer,0.675032577607641,4,deer,0.19371006477687888,4,deer,0.749963165905918
train_02316,3,cat,3,cat,0.9690606838143452,3,cat,0.9983736928511652,3,cat,0.3029682108532236,3,cat,0.8791030402426624
train_02317,1,bird,1,bird,0.9150301291617305,1,bird,0.9891650557742792,1,bird,0.19839826209921194,1,bird,0.9424305367385206
train_02318,7,monkey,7,monkey,0.9656225088572754,7,monkey,0.9760427284735019,7,monkey,0.3224327327353334,7,monkey,0.9986239722990876
train_02320,6,horse,6,horse,0.5379190624160413,6,horse,0.7734481707563785,6,horse,0.22313995367788111,6,horse,0.9331472442192454
train_02321,9,truck,9,truck,0.9895717028863045,9,truck,0.9993012178619318,9,truck,0.349404995368494,9,truck,0.9893761783060602
train_02322,3,cat,3,cat,0.9617370180507173,3,cat,0.9968053364482706,3,cat,0.2584183337912972,7,monkey,0.4134790312907455
train_02323,7,monkey,7,monkey,0.9952815246031974,7,monkey,0.991765980779775,7,monkey,0.3888381541119256,7,monkey,0.9992357391035313
train_02324,0,airplane,0,airplane,0.9338162173922923,0,airplane,0.9995675197560201,0,airplane,0.35593736279856847,0,airplane,0.9748831435711143
train_02325,9,truck,9,truck,0.9713929862725925,9,truck,0.9999551101649327,9,truck,0.40007767501644886,9,truck,0.9821063060683133
train_02326,5,dog,5,dog,0.9985087100225546,5,dog,0.9467082494750904,5,dog,0.3161539989899861,5,dog,0.9583837912709828
train_02327,2,car,2,car,0.9998661792614859,2,car,0.9993873180457462,2,car,0.34336068212649934,2,car,0.9819653144799148
train_02328,8,ship,8,ship,0.9665430867089512,8,ship,0.9992367331564153,8,ship,0.389955355911099,8,ship,0.9968290527192798
train_02329,7,monkey,7,monkey,0.9719770353252151,7,monkey,0.9988790999086034,7,monkey,0.4334932879200353,7,monkey,0.9995036957052658
train_02330,3,cat,3,cat,0.9818916194598944,3,cat,0.985770545856194,3,cat,0.23134029037637924,1,bird,0.7424944136684791
train_02332,6,horse,6,horse,0.9588568561877105,6,horse,0.9897254121949941,6,horse,0.27647432696591007,6,horse,0.9851844912282839
train_02334,6,horse,6,horse,0.9787371754775991,6,horse,0.9963897667805461,6,horse,0.3216920250943924,6,horse,0.9988855148188137
train_02335,2,car,2,car,0.967043414542732,2,car,0.995488708900828,2,car,0.36632168147354083,2,car,0.9563343941813839
train_02338,4,deer,4,deer,0.9910971169192022,4,deer,0.9846858895500155,4,deer,0.3271916418516494,4,deer,0.9987001009638791
train_02342,3,cat,3,cat,0.9758291364508883,3,cat,0.9909275832013968,7,monkey,0.23776579906775058,7,monkey,0.9005180956404644
train_02343,2,car,2,car,0.999406634094789,2,car,0.9999680059255566,2,car,0.356894032500053,2,car,0.9885462737154118
train_02344,3,cat,3,cat,0.9944420179799595,3,cat,0.9998580813298181,3,cat,0.33375119730756714,3,cat,0.9499741019751305
train_02345,0,airplane,0,airplane,0.9942064138308238,0,airplane,0.9996166393423253,0,airplane,0.39666759375057453,0,airplane,0.9511192816070704
train_02346,1,bird,1,bird,0.9465270365491677,1,bird,0.9895120848882508,1,bird,0.3538500416288055,1,bird,0.9966605334906836
train_02347,9,truck,9,truck,0.9806250363130472,9,truck,0.9984361538989673,9,truck,0.3581076518754844,9,truck,0.992802751065267
train_02348,3,cat,3,cat,0.9986109296958252,3,cat,0.999544632952603,3,cat,0.30999729661439945,3,cat,0.9739777091793117
train_02350,7,monkey,7,monkey,0.9897611884781212,7,monkey,0.9982276029722492,7,monkey,0.4036921385067156,7,monkey,0.999586191636897
train_02351,0,airplane,0,airplane,0.995960275132205,0,airplane,0.9999856861356624,0,airplane,0.3918985381876571,0,airplane,0.9603659136516002
train_02353,5,dog,5,dog,0.9550505749360856,5,dog,0.9264744464006454,5,dog,0.35261380234349887,5,dog,0.9825062821749584
train_02354,0,airplane,0,airplane,0.9901298843264943,0,airplane,0.9990563254402144,0,airplane,0.2715270487329977,0,airplane,0.9081953430929827
train_02355,2,car,2,car,0.982211829918486,2,car,0.9991395759922149,2,car,0.23007374750755574,2,car,0.8400680221444433
train_02357,6,horse,6,horse,0.9425137501399391,6,horse,0.9983776671679405,6,horse,0.28854449180274944,6,horse,0.9970445513552569
train_02358,7,monkey,7,monkey,0.9959980450825777,7,monkey,0.9998043090174997,7,monkey,0.35324823763564905,7,monkey,0.99632573819643
train_02360,3,cat,3,cat,0.9996227707187622,3,cat,0.9961711203625105,3,cat,0.2901547974588191,3,cat,0.9577265833898966
train_02362,4,deer,4,deer,0.8397981979531662,4,deer,0.9972290198289497,4,deer,0.36082704122797304,4,deer,0.9982473556096697
train_02363,2,car,2,car,0.9989839221951486,2,car,0.9998898605516495,2,car,0.3387275177292477,2,car,0.9647886161522963
train_02365,0,airplane,0,airplane,0.9386902378449176,0,airplane,0.9807131661045465,0,airplane,0.28917276008017373,0,airplane,0.918146385298686
train_02366,8,ship,8,ship,0.9404012068985832,8,ship,0.9910693662967985,8,ship,0.3804623367230436,8,ship,0.9846148599486747
train_02368,1,bird,1,bird,0.9823387672424596,1,bird,0.9930602664869823,1,bird,0.22157442088011467,1,bird,0.9855802729034798
train_02369,8,ship,8,ship,0.9664127576146047,8,ship,0.8893117428280646,8,ship,0.339475731291316,8,ship,0.9913444529203018
train_02370,3,cat,3,cat,0.8476603583914937,3,cat,0.9943120567296191,3,cat,0.29156427283759023,3,cat,0.973967712392286
train_02372,5,dog,5,dog,0.9411348025185058,5,dog,0.9874092501455726,5,dog,0.36208240861291485,5,dog,0.9762136469436241
train_02373,6,horse,6,horse,0.9798125846491605,6,horse,0.9949182022709289,6,horse,0.3698583442541562,6,horse,0.9990077775920622
train_02374,1,bird,1,bird,0.9786187283273329,1,bird,0.9922937313149962,1,bird,0.29241957945822356,1,bird,0.991153431869289
train_02375,0,airplane,0,airplane,0.8979899995900608,0,airplane,0.9881998526432109,0,airplane,0.37265495380480906,0,airplane,0.9781838821032135
train_02378,8,ship,8,ship,0.9872815781443542,8,ship,0.9997077620066644,8,ship,0.38516431985428,8,ship,0.9965160692938003
train_02379,2,car,2,car,0.9993859986803778,2,car,0.9949084482569669,2,car,0.3811068543166517,2,car,0.9865536627150706
train_02380,0,airplane,0,airplane,0.9696617800322178,0,airplane,0.9991523969780787,0,airplane,0.39988935065828274,0,airplane,0.9038007125484907
train_02381,4,deer,4,deer,0.953630488449815,4,deer,0.9495532930996042,4,deer,0.357214088804082,4,deer,0.9978791986659669
train_02382,6,horse,6,horse,0.9651921794073626,6,horse,0.8784920187987446,6,horse,0.3201227296782243,6,horse,0.9989353757974455
train_02383,4,deer,4,deer,0.9836609783341098,4,deer,0.9894652248691396,4,deer,0.43437314966889745,4,deer,0.9985196842578142
train_02386,7,monkey,7,monkey,0.9824109825473272,7,monkey,0.9898218996646472,7,monkey,0.3844401115569427,7,monkey,0.9997053849855291
train_02387,0,airplane,0,airplane,0.9287821170591755,0,airplane,0.9968583336642608,0,airplane,0.3272936600143267,0,airplane,0.9665117368910839
train_02388,7,monkey,7,monkey,0.9971136854472838,7,monkey,0.9997871787228073,7,monkey,0.3990095248038725,7,monkey,0.9989205288004658
train_02389,8,ship,8,ship,0.9572717793715185,8,ship,0.9862889264831513,8,ship,0.376434029275652,8,ship,0.9863699138123461
train_02390,9,truck,9,truck,0.9961409262245631,9,truck,0.999328037487726,9,truck,0.3330295622567944,9,truck,0.9529122955919745
train_02391,2,car,2,car,0.9462273521875915,2,car,0.9814798882152886,2,car,0.33012589956353644,2,car,0.9791785660334659
train_02392,5,dog,5,dog,0.9723016425807046,5,dog,0.9893755938667348,5,dog,0.31758808759514484,5,dog,0.9497759643238076
train_02393,2,car,2,car,0.9712584261269706,2,car,0.9994639976221467,2,car,0.29072542405653523,2,car,0.9796734862985027
train_02394,9,truck,9,truck,0.9794111265135781,9,truck,0.9990061470204632,9,truck,0.29571562848732613,9,truck,0.9860377400816065
train_02395,8,ship,8,ship,0.9155486572940218,8,ship,0.9948039026300374,8,ship,0.43702288416849616,8,ship,0.9968910565186817
train_02397,2,car,2,car,0.9754950591189161,2,car,0.9995092505254225,2,car,0.38713399552487776,2,car,0.9833473485088507
train_02398,9,truck,9,truck,0.9868905371350254,9,truck,0.9948808914700104,9,truck,0.4126853856335293,9,truck,0.9979096258297853
train_02399,3,cat,3,cat,0.8541387063196979,3,cat,0.9969034325511102,4,deer,0.19769797722383367,4,deer,0.9225240468662698
train_02400,2,car,2,car,0.95589896328172,2,car,0.9900145918719879,2,car,0.3902473040326975,2,car,0.936718400200196
train_02401,2,car,2,car,0.993806496082659,2,car,0.9902983035152703,2,car,0.30536449615642364,2,car,0.9827039202828214
train_02402,1,bird,1,bird,0.9976742030909115,1,bird,0.9998290251659165,1,bird,0.29987669933148636,1,bird,0.996739774912874
train_02403,4,deer,4,deer,0.9321707715988612,4,deer,0.9888592610198493,4,deer,0.40210622337479657,4,deer,0.982733526005624
train_02404,4,deer,4,deer,0.5828136973335798,4,deer,0.9702138532674425,6,horse,0.25432925752483937,6,horse,0.9403192165750919
train_02408,5,dog,5,dog,0.9954533572955335,5,dog,0.9997881214520868,5,dog,0.30607019877024505,5,dog,0.9361540574754328
train_02409,6,horse,6,horse,0.9353909849242319,6,horse,0.9787444118574574,6,horse,0.2615296881548107,6,horse,0.9980915716562846
train_02410,7,monkey,7,monkey,0.9196282853959478,7,monkey,0.9980643991215664,7,monkey,0.3485146392731596,7,monkey,0.9963037038993152
train_02413,1,bird,1,bird,0.964754833444999,1,bird,0.9906110177145881,1,bird,0.414699403198557,1,bird,0.9978100854852229
train_02415,5,dog,5,dog,0.9871444661640062,5,dog,0.9930458975081791,5,dog,0.3452983133479572,5,dog,0.9607339322906261
train_02416,8,ship,8,ship,0.9777418781136545,8,ship,0.9998724422924783,8,ship,0.4784926315717714,8,ship,0.9961076008648061
train_02417,5,dog,5,dog,0.9475593958212128,5,dog,0.9058148848312606,5,dog,0.3283070595150409,5,dog,0.972121356659386
train_02418,2,car,2,car,0.9707318045841795,2,car,0.9836766573487685,2,car,0.20885539266967335,2,car,0.541453071098713
train_02419,5,dog,5,dog,0.9660510870733501,5,dog,0.9942092489734825,5,dog,0.26182662463398554,5,dog,0.956491261125139
train_02420,0,airplane,0,airplane,0.9954230044323228,0,airplane,0.9976086663832254,0,airplane,0.3702696438191443,0,airplane,0.9596822764478269
train_02421,9,truck,9,truck,0.9861752493228803,9,truck,0.998631581143796,9,truck,0.32192735309512804,9,truck,0.9916188937295465
train_02422,0,airplane,0,airplane,0.9913363647109146,0,airplane,0.9994307743793528,0,airplane,0.38743283051507293,0,airplane,0.9634150733962163
train_02423,7,monkey,7,monkey,0.9956363816776279,7,monkey,0.9912990788922239,7,monkey,0.3439823529821367,7,monkey,0.9989022318310824
train_02424,3,cat,3,cat,0.9806205543900786,3,cat,0.9978147668717118,3,cat,0.30101086182531483,3,cat,0.9612677846567256
train_02425,6,horse,6,horse,0.971752976627632,6,horse,0.8456332405286222,6,horse,0.32520737096821345,6,horse,0.9900154952687985
train_02427,1,bird,1,bird,0.9996774008215081,1,bird,0.9999410996270779,1,bird,0.4044187481859553,1,bird,0.9982923118038795
train_02428,1,bird,1,bird,0.9966304454921108,1,bird,0.9977741660942681,1,bird,0.2748886599131556,1,bird,0.9957787133387311
train_02429,4,deer,4,deer,0.987882173707992,4,deer,0.9996716071852658,4,deer,0.35654823832689436,4,deer,0.9994777863755467
train_02430,9,truck,9,truck,0.9949302710594714,9,truck,0.9998609531378507,9,truck,0.29467585387307393,9,truck,0.8989092234494346
train_02431,7,monkey,7,monkey,0.99031517286438,7,monkey,0.9995249139443706,7,monkey,0.2861118087753953,7,monkey,0.9227654321516391
train_02433,8,ship,8,ship,0.9890830000272977,8,ship,0.9998362143169168,8,ship,0.4680591694048546,8,ship,0.9954660826968434
train_02435,3,cat,3,cat,0.9513991981901624,3,cat,0.9998702023040013,3,cat,0.33226973969255547,3,cat,0.9443540818445278
train_02436,9,truck,9,truck,0.9947884928498519,9,truck,0.9977972537425394,9,truck,0.3880453598442814,9,truck,0.9945708251026323
train_02437,0,airplane,0,airplane,0.9870874940118922,0,airplane,0.994667316404382,0,airplane,0.3213744698582028,0,airplane,0.9847647352867613
train_02439,1,bird,1,bird,0.9903825627276426,1,bird,0.9992716217393721,1,bird,0.3324734246211707,1,bird,0.9967593058503762
train_02440,0,airplane,0,airplane,0.9105667330319116,0,airplane,0.9961257406000814,0,airplane,0.37990667257896515,0,airplane,0.9768033453679785
train_02441,7,monkey,7,monkey,0.9883646953100007,7,monkey,0.9989817634852808,7,monkey,0.37456827625055544,7,monkey,0.9996030280648048
train_02442,0,airplane,0,airplane,0.9818276875842629,0,airplane,0.9939961430115372,0,airplane,0.337371400428146,0,airplane,0.6697611199168613
train_02443,8,ship,8,ship,0.9642539783954059,8,ship,0.972946798633718,8,ship,0.2892959718956493,8,ship,0.9934492663602978
train_02445,9,truck,9,truck,0.9415158116779051,9,truck,0.9929025168916271,9,truck,0.2618878680201443,9,truck,0.9521652557208382
train_02446,8,ship,8,ship,0.9980782875921727,8,ship,0.9996733524240002,8,ship,0.41772481944265466,8,ship,0.9975039747199984
train_02447,0,airplane,0,airplane,0.9423293799999348,0,airplane,0.999447350657027,0,airplane,0.2971444761073636,0,airplane,0.9052099382510035
train_02448,9,truck,9,truck,0.9727676326084806,9,truck,0.9963214748956807,9,truck,0.2916871244438304,9,truck,0.8987143481323199
train_02450,0,airplane,0,airplane,0.9275943782149907,0,airplane,0.8490783769450176,8,ship,0.19741295388006544,8,ship,0.8775710127978978
train_02452,9,truck,9,truck,0.9576146213524782,9,truck,0.9928731008686651,9,truck,0.22791497119492513,9,truck,0.8782842937024317
train_02454,3,cat,3,cat,0.9988139492058127,3,cat,0.9994637083494717,3,cat,0.27850286763559684,3,cat,0.9559678349894376
train_02455,5,dog,5,dog,0.9680122277178839,5,dog,0.947618474014518,5,dog,0.3178238254837372,5,dog,0.9544962075577892
train_02456,1,bird,1,bird,0.9952188373154196,1,bird,0.9997914781579771,1,bird,0.2674203680142889,1,bird,0.9950297358833425
train_02457,4,deer,4,deer,0.960197584375179,4,deer,0.9970096268471978,4,deer,0.39087405554867116,4,deer,0.9989233877330047
train_02458,5,dog,5,dog,0.9635487304126669,5,dog,0.9969590954377385,5,dog,0.26575330248618534,5,dog,0.9513955895979168
train_02459,0,airplane,0,airplane,0.9985284467137415,0,airplane,0.9993343277790351,0,airplane,0.34884140227246546,0,airplane,0.9165134945825005
train_02462,3,cat,3,cat,0.9959648730982293,3,cat,0.9822651922714851,3,cat,0.2595473930779725,3,cat,0.9462798574812291
train_02463,1,bird,1,bird,0.9327310642093428,1,bird,0.8840207211748825,1,bird,0.3911285996382665,1,bird,0.9992935596540231
train_02464,5,dog,5,dog,0.9980865711219841,5,dog,0.9999708901755058,5,dog,0.30661932847605433,5,dog,0.8693237406123648
train_02465,8,ship,8,ship,0.9970547028484625,8,ship,0.9992737058075768,8,ship,0.37666333878215863,8,ship,0.9982102865057408
train_02466,7,monkey,7,monkey,0.9843587605764414,7,monkey,0.999442155053137,7,monkey,0.4014716706855225,7,monkey,0.9983079381309213
train_02467,9,truck,9,truck,0.9605027972871971,9,truck,0.9936328904626403,9,truck,0.29209003346255297,9,truck,0.9758363317186619
train_02468,3,cat,3,cat,0.8784142049857487,3,cat,0.9494334922339869,3,cat,0.29973586569478256,3,cat,0.9626322663308424
train_02469,3,cat,3,cat,0.987849967873046,3,cat,0.9922904582124541,3,cat,0.26207853073847714,3,cat,0.7855053877862453
train_02470,6,horse,6,horse,0.9962876526475868,6,horse,0.9992915496488599,6,horse,0.4312188442137908,6,horse,0.9990687667008723
train_02471,9,truck,9,truck,0.9948555126822282,9,truck,0.9995741084959845,9,truck,0.29634146507661,9,truck,0.9907205434638972
train_02472,3,cat,3,cat,0.993880127021235,3,cat,0.9820412242164248,3,cat,0.2634169242339744,3,cat,0.9441205227461823
train_02473,8,ship,8,ship,0.9966650675524693,8,ship,0.9795094720211326,8,ship,0.42867716367363223,8,ship,0.9941331588844827
train_02474,9,truck,9,truck,0.9948330920371425,9,truck,0.9804217112068447,9,truck,0.26157862083840894,9,truck,0.9304725080192157
train_02475,4,deer,4,deer,0.9836001460201825,4,deer,0.9991354327596946,4,deer,0.3630551859186806,4,deer,0.9925617720697717
train_02476,1,bird,1,bird,0.9671250889001686,1,bird,0.9989927546189268,1,bird,0.4337293968791429,1,bird,0.9973671724881648
train_02477,5,dog,5,dog,0.9910929813418125,5,dog,0.9688255394072999,5,dog,0.2998040015587776,5,dog,0.9773167958078034
train_02478,5,dog,5,dog,0.9837118317789376,5,dog,0.9978403739761055,5,dog,0.3118607577318677,5,dog,0.9469081789312392
train_02479,0,airplane,0,airplane,0.9931653856346279,0,airplane,0.9883822636770487,0,airplane,0.3277327268280765,0,airplane,0.9810843200779996
train_02480,1,bird,1,bird,0.9982732286921127,1,bird,0.9914623053580014,1,bird,0.2687934402235684,1,bird,0.996266371649769
train_02481,0,airplane,0,airplane,0.9510386264575037,0,airplane,0.9983580610139855,0,airplane,0.3286401448274737,0,airplane,0.9506764174514
train_02482,8,ship,8,ship,0.9748254297240201,8,ship,0.9995562963730432,8,ship,0.4056164723911744,8,ship,0.996443544573928
train_02483,5,dog,5,dog,0.9739702596695197,5,dog,0.9604026188068336,5,dog,0.3318153309077712,5,dog,0.8730723956444795
train_02484,3,cat,3,cat,0.9777790936121082,3,cat,0.9989341617481942,3,cat,0.290217763186144,3,cat,0.962824784504922
train_02485,6,horse,6,horse,0.9854673136624992,6,horse,0.997725916214802,6,horse,0.3552591718477215,6,horse,0.9996216251483189
train_02486,7,monkey,7,monkey,0.8992696738114594,7,monkey,0.9848981142814772,7,monkey,0.3773623911661594,7,monkey,0.999617716384793
train_02487,3,cat,3,cat,0.9858658619675864,3,cat,0.9996873182187103,3,cat,0.3041019996482792,3,cat,0.9611085287013855
train_02488,6,horse,6,horse,0.9593630242311604,6,horse,0.9989556959173379,6,horse,0.3661342465704461,6,horse,0.9975571916811183
train_02489,8,ship,8,ship,0.9644100971197851,8,ship,0.9996541918004161,8,ship,0.4320812328347979,8,ship,0.9871124872599092
train_02490,8,ship,8,ship,0.9859932819819353,8,ship,0.9986411482045855,8,ship,0.18105227353044567,8,ship,0.9163003524546763
train_02492,8,ship,8,ship,0.9496616275600375,8,ship,0.9818962208288401,8,ship,0.37566188833498904,8,ship,0.9981890925541064
train_02494,3,cat,3,cat,0.9845128326626134,3,cat,0.9990557636524443,3,cat,0.3155691848403827,3,cat,0.8723699583320218
train_02496,0,airplane,0,airplane,0.9532094178819395,0,airplane,0.993743918340393,0,airplane,0.39606816694778124,0,airplane,0.9390403481216503
train_02497,7,monkey,7,monkey,0.9330232714918457,7,monkey,0.9702716811391305,7,monkey,0.3668928589798535,7,monkey,0.9986236547396012
train_02498,9,truck,9,truck,0.9695823455589505,9,truck,0.9986694025120775,9,truck,0.4128771245439962,9,truck,0.9959826654863365
train_02500,2,car,2,car,0.7278565996334417,2,car,0.7576442769250061,2,car,0.19048056393509707,2,car,0.6390384380198818
train_02501,4,deer,4,deer,0.9164737599608704,4,deer,0.9988403760899377,4,deer,0.3909000921511589,4,deer,0.9928400058922476
train_02502,5,dog,5,dog,0.992094127784086,5,dog,0.9976375509974703,5,dog,0.34358038644210853,5,dog,0.9268134940205393
train_02503,4,deer,4,deer,0.93177382127167,4,deer,0.9948454371400163,4,deer,0.3543862340409219,4,deer,0.9972204346970409
train_02504,4,deer,4,deer,0.9765247390918805,4,deer,0.9977247972763135,4,deer,0.43143740410962717,4,deer,0.9993392255895094
train_02505,4,deer,4,deer,0.9832587284372231,4,deer,0.996830846647511,4,deer,0.37328881428232225,4,deer,0.999467083498196
train_02506,9,truck,9,truck,0.9585353043015996,9,truck,0.9946579012664352,9,truck,0.2668114631520953,9,truck,0.640424439512574
train_02507,4,deer,4,deer,0.9559348625615144,4,deer,0.9959103147987837,4,deer,0.4746774434186345,4,deer,0.997988932859093
train_02508,2,car,2,car,0.9750163345375519,2,car,0.9997197041298765,2,car,0.3896380768680666,2,car,0.9805514604498794
train_02510,8,ship,8,ship,0.9918530772871271,8,ship,0.9997872162776271,8,ship,0.4653233654359922,8,ship,0.9971047813859878
train_02511,1,bird,1,bird,0.9994775731683815,1,bird,0.999851372576246,1,bird,0.36598213277694425,1,bird,0.9969935243193706
train_02512,4,deer,4,deer,0.9847346943019084,4,deer,0.9949678562275976,4,deer,0.3302172063696426,4,deer,0.9929803795355827
train_02513,1,bird,1,bird,0.9957586764350711,1,bird,0.9932873268578783,1,bird,0.34757443620270057,1,bird,0.9982934715706374
train_02514,3,cat,3,cat,0.9741038466129209,3,cat,0.9967702141870043,3,cat,0.33489795373700837,3,cat,0.8831251037985114
train_02515,9,truck,9,truck,0.9708636301630794,9,truck,0.9872105037985044,9,truck,0.3745253911273194,9,truck,0.995010157483238
train_02516,4,deer,4,deer,0.7700809906902013,4,deer,0.9972149254235401,4,deer,0.3518840071632819,4,deer,0.9691082171155463
train_02517,4,deer,4,deer,0.9895298524854059,4,deer,0.9975760063067529,4,deer,0.344911612149582,4,deer,0.9996229885688807
train_02518,5,dog,5,dog,0.9693147306997456,5,dog,0.98137377449808,5,dog,0.24644412827649226,5,dog,0.8930087321283099
train_02519,2,car,2,car,0.9910100720430832,2,car,0.9997368782149664,2,car,0.30032864931191383,2,car,0.768955591674532
train_02521,2,car,2,car,0.965025342797923,2,car,0.9925778577489723,2,car,0.3220674980363521,2,car,0.9919691478147432
train_02522,5,dog,5,dog,0.9968798043177813,5,dog,0.9955414480649033,5,dog,0.3202558670493002,5,dog,0.9515600681428598
train_02525,6,horse,6,horse,0.7938752048702665,6,horse,0.9113516826548219,6,horse,0.18944605689024174,6,horse,0.473873408256732
train_02526,1,bird,1,bird,0.9994960792333885,1,bird,0.9999211994254794,1,bird,0.3212281055043486,1,bird,0.9958780614581125
train_02529,0,airplane,0,airplane,0.980433313293704,0,airplane,0.9958069422190656,0,airplane,0.3855849612497634,0,airplane,0.970868991739336
train_02530,1,bird,1,bird,0.9348737049314284,1,bird,0.9998298653564475,1,bird,0.2844988666208114,1,bird,0.9897307959558114
train_02531,0,airplane,0,airplane,0.9311437476367168,0,airplane,0.956578101701879,0,airplane,0.453644968183034,0,airplane,0.9245094238861353
train_02532,1,bird,1,bird,0.9998947485441707,1,bird,0.9999275544635097,1,bird,0.2765092982094031,1,bird,0.9943450736211168
train_02533,3,cat,3,cat,0.9988898784214896,3,cat,0.9996758596990549,3,cat,0.24259474999533628,3,cat,0.9291998637945572
train_02534,5,dog,5,dog,0.9775725616339055,5,dog,0.9967780528857652,5,dog,0.342206311210694,5,dog,0.9687819364908647
train_02535,4,deer,4,deer,0.9517226240005834,4,deer,0.9991354962646533,4,deer,0.38434792150253705,4,deer,0.998615510444529
train_02539,5,dog,5,dog,0.9987465586296033,5,dog,0.994476369483424,5,dog,0.30211734985954336,5,dog,0.9025114876931584
train_02542,0,airplane,0,airplane,0.9543845824931055,0,airplane,0.994733624786639,0,airplane,0.37885549626402726,0,airplane,0.9494865962546167
train_02543,5,dog,5,dog,0.9305171497694837,5,dog,0.995208773942226,5,dog,0.2859602985927171,5,dog,0.9817580765743816
train_02544,1,bird,1,bird,0.9764360159786363,1,bird,0.995755663524328,1,bird,0.29099048738148436,1,bird,0.9907934582767317
train_02545,1,bird,1,bird,0.7026272481892867,1,bird,0.9960644250922046,1,bird,0.41976716135651865,1,bird,0.9966195979031418
train_02548,9,truck,9,truck,0.9809108815067257,9,truck,0.9980057959526802,9,truck,0.3362858428405967,9,truck,0.9907492262477541
train_02550,8,ship,8,ship,0.9886256471265205,8,ship,0.9996310067319404,8,ship,0.3677248384207077,8,ship,0.9934081050095251
train_02552,3,cat,3,cat,0.8799374143082312,3,cat,0.9950749037087178,3,cat,0.29647777524503993,3,cat,0.7165818037841736
train_02553,5,dog,5,dog,0.9861959158816833,5,dog,0.9816999642423923,5,dog,0.2699962984857663,5,dog,0.9704946356940622
train_02555,5,dog,5,dog,0.9503475362697615,5,dog,0.990210433390357,5,dog,0.3061820383596099,5,dog,0.9720870264382039
train_02556,7,monkey,7,monkey,0.9585067080807097,7,monkey,0.9967059177591626,7,monkey,0.41449970994809854,7,monkey,0.9996562392124823
train_02557,1,bird,1,bird,0.9841620223549759,1,bird,0.9971225987758023,1,bird,0.29729114979808513,1,bird,0.9688726780188281
train_02558,8,ship,8,ship,0.9827729201150236,8,ship,0.9990803865029438,8,ship,0.45925313219377395,8,ship,0.9903520446387138
train_02559,6,horse,6,horse,0.995232411724387,6,horse,0.9933760654285982,6,horse,0.34907968812269813,6,horse,0.9906498169089466
train_02560,6,horse,6,horse,0.9985930718338764,6,horse,0.9994589912134725,6,horse,0.36712774731487335,6,horse,0.9988356882968193
train_02561,7,monkey,7,monkey,0.9118220112167515,7,monkey,0.9632190871958666,7,monkey,0.2547623588430528,7,monkey,0.9703862232859725
train_02562,0,airplane,0,airplane,0.9895927249352108,0,airplane,0.9996873503362643,0,airplane,0.413204427033113,0,airplane,0.9874181041302814
train_02563,6,horse,6,horse,0.9219017431035512,6,horse,0.995454005374405,6,horse,0.28933784633162546,6,horse,0.9972175752968194
train_02564,6,horse,6,horse,0.9957667715100885,6,horse,0.9996947841202004,6,horse,0.3594999072653751,6,horse,0.9981723811103845
train_02565,7,monkey,7,monkey,0.9760864952765006,7,monkey,0.9989721924553792,7,monkey,0.23298610411967666,7,monkey,0.9823038838477748
train_02567,8,ship,8,ship,0.9713321522602507,8,ship,0.9997302069229145,8,ship,0.42116160416816445,8,ship,0.9887339881054634
train_02568,3,cat,3,cat,0.9727284455237413,3,cat,0.9999846660030007,3,cat,0.27949268538867805,3,cat,0.7914039864155992
train_02569,5,dog,5,dog,0.9095979185117095,5,dog,0.9886307528902305,5,dog,0.24903674127333414,5,dog,0.6790718675024401
train_02570,6,horse,6,horse,0.9830109954353811,6,horse,0.9974110955106462,6,horse,0.30421939393539704,6,horse,0.9916767721623176
train_02571,5,dog,5,dog,0.9869828073690775,5,dog,0.9594870108388581,5,dog,0.3431271052433759,5,dog,0.9699334632292498
train_02573,7,monkey,7,monkey,0.9501993152287365,7,monkey,0.9720113680776904,7,monkey,0.3508698615100078,7,monkey,0.9992137108521421
train_02574,9,truck,9,truck,0.9805207639916209,9,truck,0.9995344859666871,9,truck,0.33509971380706133,9,truck,0.9843594834618944
train_02575,9,truck,9,truck,0.9956356538478622,9,truck,0.9997706423236973,9,truck,0.4102697731386446,9,truck,0.9941912984377781
train_02576,8,ship,8,ship,0.8104206577806986,8,ship,0.9954376251137949,8,ship,0.2039372169575542,8,ship,0.8063612636970114
train_02577,6,horse,6,horse,0.999710926335563,6,horse,0.9996962232295616,6,horse,0.3645868678432522,6,horse,0.9920855631075107
train_02578,0,airplane,0,airplane,0.9845183705066455,0,airplane,0.997778937941555,0,airplane,0.30372275562348394,0,airplane,0.9322418642536529
train_02579,2,car,2,car,0.9996494558427687,2,car,0.9999627957507613,2,car,0.38670105443157526,2,car,0.9925781232094493
train_02580,8,ship,8,ship,0.9889678045085286,8,ship,0.9999322219755364,8,ship,0.4518371197358727,8,ship,0.9950047254675823
train_02582,2,car,2,car,0.985563616713375,2,car,0.9990197408527749,2,car,0.3137219309724031,2,car,0.930888519129225
train_02585,4,deer,4,deer,0.973646127685645,4,deer,0.9981836984098106,4,deer,0.3950722646504604,4,deer,0.9993618088196473
train_02586,4,deer,4,deer,0.9867818396293413,4,deer,0.9993265924755382,4,deer,0.3027610252241775,4,deer,0.9925044693773033
train_02587,9,truck,9,truck,0.9843870465101363,9,truck,0.9997585093068687,9,truck,0.4079082441772272,9,truck,0.9932871379889078
train_02588,0,airplane,0,airplane,0.973041549130743,0,airplane,0.9998075324047846,0,airplane,0.4104681049159925,0,airplane,0.9627502453792673
train_02590,0,airplane,0,airplane,0.9665879694421916,0,airplane,0.9944010214117472,0,airplane,0.3499052259346647,0,airplane,0.9816743170195559
train_02591,5,dog,5,dog,0.9938003791531248,5,dog,0.9949203550615552,5,dog,0.31104468299740734,5,dog,0.9386757602154233
train_02593,4,deer,4,deer,0.9563666875973268,4,deer,0.9494167816493376,4,deer,0.3616511400269866,4,deer,0.9965549265415539
train_02594,4,deer,4,deer,0.9727396065709335,4,deer,0.9996389804009431,4,deer,0.35920956373994045,4,deer,0.9986200978214707
train_02595,7,monkey,7,monkey,0.9672305292844108,7,monkey,0.9995573585492205,7,monkey,0.31804459391509,7,monkey,0.9965735530823305
train_02596,7,monkey,7,monkey,0.988237599452635,7,monkey,0.9993383191579555,7,monkey,0.308763701732782,7,monkey,0.9941642280021317
train_02597,6,horse,6,horse,0.9427877083514216,6,horse,0.9903333738562902,6,horse,0.22297518449043346,6,horse,0.8728730505153847
train_02599,3,cat,3,cat,0.9745254167175972,3,cat,0.9848228916813517,3,cat,0.315021977458682,3,cat,0.985400126938772
train_02600,3,cat,3,cat,0.9853968424606223,3,cat,0.9992191500483004,3,cat,0.29674624785842113,3,cat,0.9840200839834243
train_02601,3,cat,3,cat,0.756714311404933,3,cat,0.94921402968264,3,cat,0.22072497284655734,4,deer,0.378482882052835
train_02602,9,truck,9,truck,0.9937854954596944,9,truck,0.9912679394326053,9,truck,0.2789783317553588,9,truck,0.7992318146217805
train_02603,2,car,2,car,0.998153982278281,2,car,0.9996070023328227,2,car,0.40145005450836097,2,car,0.9620775640217413
train_02604,5,dog,5,dog,0.987473827778398,5,dog,0.9906135005583582,5,dog,0.23927644630560185,5,dog,0.6824004968987814
train_02607,2,car,2,car,0.9985336774504276,2,car,0.9995043860065467,2,car,0.2151297499965971,2,car,0.9364253011356576
train_02608,7,monkey,7,monkey,0.7615233397364162,7,monkey,0.8207505875940079,7,monkey,0.17507429539986125,7,monkey,0.8262972788925764
train_02610,0,airplane,0,airplane,0.9914152476631503,0,airplane,0.9956014859455317,0,airplane,0.3382821949328333,0,airplane,0.9805060412946351
train_02612,9,truck,9,truck,0.9936830659163205,9,truck,0.9992769553610729,9,truck,0.3446074687635084,9,truck,0.9954762288754785
train_02613,2,car,2,car,0.9992763478077615,2,car,0.9999394293339702,2,car,0.372687770470251,2,car,0.9882101038666652
train_02614,8,ship,8,ship,0.9810439814125023,8,ship,0.9978931853084968,8,ship,0.34553647309036867,8,ship,0.9931007133833969
train_02616,2,car,2,car,0.996654447587765,2,car,0.9999695566274162,2,car,0.36709639474552114,2,car,0.993254510578427
train_02618,9,truck,9,truck,0.9703543129071861,9,truck,0.9963435915272925,9,truck,0.3797084443802529,9,truck,0.9903460056488048
train_02619,2,car,2,car,0.9948794346364114,2,car,0.9997211286535058,2,car,0.35618871017945836,2,car,0.9825183666860042
train_02620,8,ship,8,ship,0.9372745517446066,8,ship,0.9965003733517322,8,ship,0.4135124658832595,8,ship,0.9905446895151852
train_02622,4,deer,4,deer,0.8903894723156952,4,deer,0.9995035650435241,4,deer,0.3867916540393885,4,deer,0.996933223885341
train_02624,4,deer,4,deer,0.9975430395506695,4,deer,0.9969526489518699,4,deer,0.32857842944970844,4,deer,0.9978504655105055
train_02625,6,horse,6,horse,0.7977250353625395,6,horse,0.9981022157277543,6,horse,0.2711755151867072,6,horse,0.7467741309218697
train_02626,4,deer,4,deer,0.9738583183456133,4,deer,0.9995052950897884,4,deer,0.41377981316229545,4,deer,0.9991725907190541
train_02627,4,deer,4,deer,0.9870137062039525,4,deer,0.9962269124163714,4,deer,0.301908259461339,4,deer,0.9970175643952
train_02628,7,monkey,7,monkey,0.9865380801481263,7,monkey,0.99934007943661,7,monkey,0.40668052694407736,7,monkey,0.9997474310302377
train_02629,7,monkey,7,monkey,0.9859213824328544,7,monkey,0.998846390620612,7,monkey,0.39203405403869396,7,monkey,0.9982609690396895
train_02630,9,truck,9,truck,0.9837389014592144,9,truck,0.9955289495974323,9,truck,0.3151901558372141,9,truck,0.9863305533387519
train_02631,8,ship,8,ship,0.9649483190412683,8,ship,0.9995058509059355,8,ship,0.3649523018070497,8,ship,0.9901564416462331
train_02632,4,deer,4,deer,0.9617385699869856,4,deer,0.9986502913214022,4,deer,0.3960698912278805,4,deer,0.9986891587427021
train_02633,2,car,2,car,0.9495771291632736,2,car,0.9828071514285397,2,car,0.16741134437693012,2,car,0.7576224491447624
train_02634,4,deer,4,deer,0.9074222043599454,4,deer,0.9583905322023498,4,deer,0.3350156435805785,4,deer,0.997972220464474
train_02636,9,truck,9,truck,0.9877000467554482,9,truck,0.9985340393378417,9,truck,0.4073439052173896,9,truck,0.9950583115528262
train_02637,6,horse,6,horse,0.9955963853081836,6,horse,0.9991684341010633,6,horse,0.26494132464895637,6,horse,0.9525474575041397
train_02638,5,dog,5,dog,0.9685729396672662,5,dog,0.9485992813297678,5,dog,0.30706253701598374,5,dog,0.9187660944902278
train_02639,5,dog,5,dog,0.9305735516458894,5,dog,0.9898891179402853,5,dog,0.31036760755904846,5,dog,0.9728564680772772
train_02640,2,car,2,car,0.9918183356433895,2,car,0.9889743726367282,2,car,0.17298174494365698,2,car,0.8175327535343672
train_02641,8,ship,8,ship,0.9342014474638172,8,ship,0.996005707453823,8,ship,0.4012764153650651,8,ship,0.9875848377623034
train_02642,8,ship,8,ship,0.9855540511055686,8,ship,0.9949238390760091,8,ship,0.4793891255342824,8,ship,0.9966389709135559
train_02643,2,car,2,car,0.9575675572942368,2,car,0.9846451147395338,2,car,0.328926473903693,2,car,0.9326114095153393
train_02644,3,cat,3,cat,0.8772582232556808,3,cat,0.9968062643373365,3,cat,0.262233360729571,4,deer,0.7984976085353073
train_02645,2,car,2,car,0.9375171630926147,2,car,0.9892839582608236,9,truck,0.22035919198223686,9,truck,0.6108249464611645
train_02646,4,deer,4,deer,0.9651772939342831,4,deer,0.9962644800802058,4,deer,0.4492141835640783,4,deer,0.9973774423715706
train_02647,3,cat,3,cat,0.9893156250182401,3,cat,0.9999404705090135,3,cat,0.33518394913792976,3,cat,0.9180249804750933
train_02649,7,monkey,7,monkey,0.9772152591114948,7,monkey,0.9989900420202967,7,monkey,0.3196169177732473,7,monkey,0.9979527694516428
train_02651,4,deer,4,deer,0.9450800670361438,4,deer,0.9870938993657207,4,deer,0.38157030075183435,4,deer,0.9651754688102729
train_02652,6,horse,6,horse,0.9310070254412659,6,horse,0.9958704683440185,6,horse,0.3467008573377917,6,horse,0.9942425509017662
train_02653,3,cat,3,cat,0.9758878797150609,3,cat,0.9924364273333978,3,cat,0.36113912479310656,3,cat,0.9352132767010013
train_02654,9,truck,9,truck,0.97061796360552,9,truck,0.9782935782777115,9,truck,0.3533626057193936,9,truck,0.9826873680484234
train_02655,6,horse,6,horse,0.9462873206719703,6,horse,0.9978626553515526,6,horse,0.32533187345930786,6,horse,0.941657606541099
train_02656,4,deer,4,deer,0.9768588210976387,4,deer,0.9927588691410177,4,deer,0.26833005767164775,4,deer,0.9894043580295037
train_02657,5,dog,5,dog,0.9460078105953172,5,dog,0.9830295228326814,5,dog,0.24366665684193387,5,dog,0.8196231902235802
train_02658,4,deer,4,deer,0.9469315050799993,4,deer,0.9940781509816945,4,deer,0.3144870386478274,4,deer,0.9978215112623061
train_02659,1,bird,1,bird,0.9294387015744235,1,bird,0.7767345550629384,1,bird,0.15733666116356795,1,bird,0.7862148232761947
train_02660,4,deer,4,deer,0.9793831771719071,4,deer,0.9989642683563708,4,deer,0.35839962368436484,4,deer,0.9984316387411574
train_02661,7,monkey,7,monkey,0.9091961630960325,7,monkey,0.8601464835070455,7,monkey,0.19664013902918986,7,monkey,0.9436637356588712
train_02665,2,car,2,car,0.930722344700945,2,car,0.9895309023712174,2,car,0.3539430094394504,2,car,0.9761891487462248
train_02666,5,dog,5,dog,0.9929701041694584,5,dog,0.9848343908312542,5,dog,0.3165753170746422,5,dog,0.8820582742515767
train_02667,1,bird,1,bird,0.9994951422260923,1,bird,0.9991408030151205,1,bird,0.26214568424622836,1,bird,0.9921166672572478
train_02668,0,airplane,0,airplane,0.993004660863743,0,airplane,0.9998840017548002,0,airplane,0.3790060088746239,0,airplane,0.9696110663825107
train_02669,1,bird,1,bird,0.9967532497815533,1,bird,0.9995681565309454,1,bird,0.3946219667219991,1,bird,0.9988157688002569
train_02670,5,dog,5,dog,0.973193454354663,5,dog,0.9948732549016166,5,dog,0.2451339590533185,5,dog,0.5013326377132034
train_02671,5,dog,5,dog,0.978604972661557,5,dog,0.9894218482176522,5,dog,0.36496959245746885,5,dog,0.9832545119098676
train_02672,2,car,2,car,0.8170528678352673,2,car,0.7716015800460918,2,car,0.2355675999858121,9,truck,0.5902700641732663
train_02673,7,monkey,7,monkey,0.9957831927617469,7,monkey,0.9998493956470518,7,monkey,0.32963210440927593,7,monkey,0.9950348531574547
train_02674,5,dog,5,dog,0.9699732768422747,5,dog,0.9958499897369413,5,dog,0.34887309113423787,5,dog,0.9551564883223782
train_02677,0,airplane,0,airplane,0.9914550212363055,0,airplane,0.9999577880332796,0,airplane,0.39566004609451433,0,airplane,0.976468389775795
train_02678,0,airplane,0,airplane,0.965055783152502,0,airplane,0.997185734754206,0,airplane,0.35997715102637956,0,airplane,0.9852379011201355
train_02680,3,cat,3,cat,0.8499587838630097,3,cat,0.9879106970980585,3,cat,0.2480327185621761,3,cat,0.9208061010019275
train_02682,0,airplane,0,airplane,0.9886685067493671,0,airplane,0.9959329698212599,0,airplane,0.35525992577305326,0,airplane,0.9865462739214251
train_02683,4,deer,4,deer,0.9937526579177888,4,deer,0.9992465566799427,4,deer,0.4172557138146509,4,deer,0.9992179351319127
train_02684,9,truck,9,truck,0.9829151701775011,9,truck,0.9998668562978579,9,truck,0.34516178705216183,9,truck,0.9803681709651185
train_02685,5,dog,5,dog,0.9571041350274151,5,dog,0.9934729467891832,5,dog,0.2702154550511136,5,dog,0.9758169250467486
train_02686,8,ship,8,ship,0.9163819483402165,8,ship,0.9446779208778874,8,ship,0.2522463671992093,8,ship,0.9868708068794277
train_02688,5,dog,5,dog,0.9714558385185533,5,dog,0.999581516464836,5,dog,0.27387167904610665,5,dog,0.9518985369193664
train_02689,4,deer,4,deer,0.9752271249845834,4,deer,0.9912450445528931,4,deer,0.3473743764311687,4,deer,0.9865292361341345
train_02690,4,deer,4,deer,0.9812933596071837,4,deer,0.9952138099280056,4,deer,0.3435726380905058,4,deer,0.9985849259311547
train_02691,1,bird,1,bird,0.9966424607387131,1,bird,0.9991787660249185,1,bird,0.41471129715774274,1,bird,0.9993253984124993
train_02692,4,deer,4,deer,0.8743176524822571,4,deer,0.9900869841125881,4,deer,0.31251496193623474,4,deer,0.9958379613603199
train_02693,7,monkey,7,monkey,0.9926225340070652,7,monkey,0.9998850842038377,7,monkey,0.34923022582195384,7,monkey,0.9995621635928381
train_02694,9,truck,9,truck,0.9832967417702111,9,truck,0.9993675939592522,9,truck,0.2855626396996885,9,truck,0.9473962611929482
train_02696,3,cat,3,cat,0.9686759722955509,3,cat,0.9986258898979276,3,cat,0.30260404693942844,3,cat,0.9812983624039734
train_02697,2,car,2,car,0.9931173758818563,2,car,0.999260304157206,2,car,0.33365347288858477,2,car,0.945360445562964
train_02698,3,cat,3,cat,0.508867906376474,3,cat,0.7872440324564883,3,cat,0.22426357498623606,3,cat,0.5714130797957143
train_02699,5,dog,5,dog,0.968973553028122,5,dog,0.9456578526312233,5,dog,0.32392539764741446,5,dog,0.9832977099644462
train_02700,3,cat,3,cat,0.8014720895416318,3,cat,0.840686688892056,3,cat,0.26874011010072507,3,cat,0.9014923715775816
train_02701,1,bird,1,bird,0.9721691552593132,1,bird,0.9993580627160312,1,bird,0.29261199598091886,1,bird,0.9902941715584768
train_02702,3,cat,3,cat,0.9973959058788451,3,cat,0.9999086510393967,3,cat,0.3497677284851783,3,cat,0.9212489562029573
train_02703,4,deer,4,deer,0.9727739432388878,4,deer,0.9990384483915021,4,deer,0.34701223555295774,4,deer,0.9990100135738788
train_02704,6,horse,6,horse,0.99699248108493,6,horse,0.9949300989020117,6,horse,0.2829846923144172,6,horse,0.9853224840801524
train_02705,5,dog,5,dog,0.9318138193618062,5,dog,0.6997446691185895,5,dog,0.24823323697910898,5,dog,0.9430890223442604
train_02706,5,dog,5,dog,0.9539152275308684,5,dog,0.9686316437503881,5,dog,0.26325220067677896,5,dog,0.9644695174513592
train_02707,5,dog,5,dog,0.9866976840794656,5,dog,0.9959169855439179,5,dog,0.3570443291850394,5,dog,0.9461912944126606
train_02708,6,horse,6,horse,0.9978384309414413,6,horse,0.9997806414707539,6,horse,0.3609848336884965,6,horse,0.9988677072747316
train_02709,6,horse,6,horse,0.9953215736219893,6,horse,0.9997473938693293,6,horse,0.34968816490618526,6,horse,0.9973539258847173
train_02710,0,airplane,0,airplane,0.9691731301059369,0,airplane,0.9997971577008035,0,airplane,0.40140221531944603,0,airplane,0.959381949262482
train_02711,7,monkey,7,monkey,0.9502703128951735,7,monkey,0.8848435817000099,7,monkey,0.3358278647867657,7,monkey,0.9796301623196572
train_02712,7,monkey,7,monkey,0.9194655803022201,7,monkey,0.9942823123644303,1,bird,0.26571809431116117,7,monkey,0.6141524859975888
train_02713,8,ship,8,ship,0.9819264932322955,8,ship,0.999687900499372,8,ship,0.4044705108723965,8,ship,0.9974037502621669
train_02714,3,cat,3,cat,0.9750237172699329,3,cat,0.9997650914263642,3,cat,0.3584201667014061,3,cat,0.8900631818114555
train_02715,9,truck,9,truck,0.9857898519423643,9,truck,0.9997863355438559,9,truck,0.2505227853171619,9,truck,0.6924052447991975
train_02716,6,horse,6,horse,0.9929230191884953,6,horse,0.9974833117936702,6,horse,0.4012759587789022,6,horse,0.9958369777882412
train_02717,3,cat,3,cat,0.8780734694482927,3,cat,0.9342139912124908,3,cat,0.20997179419928952,3,cat,0.544040192518482
train_02718,7,monkey,7,monkey,0.8979402481043351,7,monkey,0.9321313869316178,7,monkey,0.26573380319880197,7,monkey,0.6156698144305963
train_02719,0,airplane,0,airplane,0.9826379070765157,0,airplane,0.9998405604441926,0,airplane,0.38637527817488804,0,airplane,0.9793872783821534
train_02720,7,monkey,7,monkey,0.9686010778391984,7,monkey,0.9904448513415871,7,monkey,0.1694314455907962,1,bird,0.5236590728928767
train_02721,3,cat,3,cat,0.830250572870601,3,cat,0.7928527083922232,3,cat,0.210232702351118,7,monkey,0.49638514585860927
train_02723,0,airplane,0,airplane,0.9588392972663532,0,airplane,0.9987439083952059,0,airplane,0.4486482758496094,0,airplane,0.9626542185482249
train_02724,9,truck,9,truck,0.9889905601404969,9,truck,0.9996633099201335,9,truck,0.399633905774884,9,truck,0.9961165073701995
train_02725,7,monkey,7,monkey,0.9908892631435612,7,monkey,0.9993917440997045,7,monkey,0.29821174016625845,7,monkey,0.8472545436845481
train_02726,3,cat,3,cat,0.9371105173855077,3,cat,0.9966322826201554,3,cat,0.33010886335322837,3,cat,0.9869699761136991
train_02727,2,car,2,car,0.9599601697997124,2,car,0.9960611709779733,2,car,0.23865364197210534,2,car,0.9453877716112599
train_02728,5,dog,5,dog,0.987952872703125,5,dog,0.9993236271146968,5,dog,0.33052881167439835,5,dog,0.9569487474440044
train_02729,1,bird,1,bird,0.993938785111764,1,bird,0.9949502562153818,1,bird,0.37756469507475765,1,bird,0.9990597473892464
train_02730,6,horse,6,horse,0.938414337306637,6,horse,0.9906445438870928,6,horse,0.320399594392174,6,horse,0.9945020840565526
train_02731,1,bird,1,bird,0.999166803167965,1,bird,0.999870931916184,1,bird,0.3201749944025561,1,bird,0.9968710415552274
train_02732,5,dog,5,dog,0.9827316292710778,5,dog,0.9913854329837685,5,dog,0.32183291763095884,5,dog,0.9683579497625282
train_02733,6,horse,6,horse,0.972399345983881,6,horse,0.9991443474466344,6,horse,0.2890814410585147,6,horse,0.9989986951486858
train_02734,4,deer,4,deer,0.9669488446075056,4,deer,0.9973370819805158,4,deer,0.31063826814770723,4,deer,0.9957128711351904
train_02735,1,bird,1,bird,0.891832975031379,1,bird,0.9943290190998852,1,bird,0.3405574244280127,1,bird,0.9865862093782811
train_02736,1,bird,1,bird,0.8825120252585905,1,bird,0.9949737899158451,1,bird,0.265240061824944,1,bird,0.9938936283089191
train_02737,4,deer,4,deer,0.971909151495411,4,deer,0.9984786481113399,4,deer,0.3607091922889385,4,deer,0.9992343307851655
train_02738,9,truck,9,truck,0.9820068821170986,9,truck,0.999646949830358,9,truck,0.3369231799979721,9,truck,0.9899782826213226
train_02739,1,bird,1,bird,0.9967009408382135,1,bird,0.70387499735194,1,bird,0.24630336800663527,1,bird,0.8804635975058698
train_02741,0,airplane,0,airplane,0.9846739819302744,0,airplane,0.9993619441561657,0,airplane,0.38935444528477064,0,airplane,0.9427262787436104
train_02743,1,bird,1,bird,0.9896638916429467,1,bird,0.9987714300398162,1,bird,0.30099965490328207,1,bird,0.9940709253916636
train_02744,7,monkey,7,monkey,0.9851700823744529,7,monkey,0.9998629126458106,7,monkey,0.3713167713382275,7,monkey,0.9989130700300275
train_02745,2,car,2,car,0.9540202256594432,2,car,0.9957034069505946,2,car,0.39472664287473264,2,car,0.9679194870714618
train_02746,8,ship,8,ship,0.975839599880266,8,ship,0.9876591092872135,8,ship,0.46419483246479437,8,ship,0.9961189635772643
train_02747,7,monkey,7,monkey,0.8289118602859087,7,monkey,0.9999428036358213,7,monkey,0.2743126592765599,7,monkey,0.9642715008551421
train_02748,7,monkey,7,monkey,0.9827520071908911,7,monkey,0.9978592956137673,7,monkey,0.37080736449928914,7,monkey,0.9992361401890794
train_02749,6,horse,6,horse,0.5048933234347494,6,horse,0.9758105808695714,6,horse,0.29461781221415034,6,horse,0.9991057847900178
train_02750,5,dog,5,dog,0.7826074822312598,5,dog,0.9660683388385655,5,dog,0.25940582075992624,5,dog,0.9515684448830142
train_02751,5,dog,5,dog,0.9695447851024737,5,dog,0.9733710786240891,5,dog,0.25366609430331505,5,dog,0.7205634850018858
train_02753,5,dog,5,dog,0.9962284199584285,5,dog,0.9995069026173273,5,dog,0.35821635533489066,5,dog,0.9633572951081416
train_02754,6,horse,6,horse,0.9902957734022253,6,horse,0.9982242510331848,6,horse,0.33486159695599704,6,horse,0.9981956927885394
train_02755,0,airplane,0,airplane,0.9877681409662447,0,airplane,0.9991227695455148,0,airplane,0.40031137246073784,0,airplane,0.852884689580098
train_02756,6,horse,6,horse,0.9927935847133046,6,horse,0.9972114289535873,6,horse,0.3313401670237216,6,horse,0.9883363021814368
train_02759,2,car,2,car,0.9519196834437501,2,car,0.9913407068427927,2,car,0.392593933407301,2,car,0.9813332747042878
train_02760,2,car,2,car,0.8377698736701169,2,car,0.9874876724753481,2,car,0.27760634663894523,2,car,0.5724499213177118
train_02762,1,bird,1,bird,0.9939157483251013,1,bird,0.9995836398176032,1,bird,0.37053921941882834,1,bird,0.9929009127201013
train_02763,6,horse,6,horse,0.9286456398509546,6,horse,0.9979595158178809,6,horse,0.3268436115331446,6,horse,0.9916343045236792
train_02765,4,deer,4,deer,0.9539328977192439,4,deer,0.9985126720287828,4,deer,0.38087756642698495,4,deer,0.9899518659116133
train_02766,3,cat,3,cat,0.9494490591602762,3,cat,0.9909781515307932,3,cat,0.36444065978310175,3,cat,0.9537672770904148
train_02767,6,horse,6,horse,0.9803318986135581,6,horse,0.9989422843448132,6,horse,0.2963344950963985,6,horse,0.9943522084888458
train_02768,3,cat,3,cat,0.9026330974313858,3,cat,0.9974693854447721,3,cat,0.3452239093273356,3,cat,0.9514086511923715
train_02769,9,truck,9,truck,0.9768198978864542,9,truck,0.985472998306628,9,truck,0.30763812207868213,9,truck,0.9605756437390157
train_02772,2,car,2,car,0.995627359984468,2,car,0.9999096345206675,2,car,0.36742647383160865,2,car,0.9486531446282411
train_02773,1,bird,1,bird,0.9627829919722577,1,bird,0.9975424135427796,1,bird,0.3532334339936583,1,bird,0.9962588254339059
train_02774,5,dog,5,dog,0.977869692104596,5,dog,0.972712869370639,5,dog,0.3358241089056965,5,dog,0.9548841096712104
train_02777,9,truck,9,truck,0.994808080268774,9,truck,0.9994330430607343,9,truck,0.41595464881753186,9,truck,0.9933288672878557
train_02778,9,truck,9,truck,0.9155590581424455,9,truck,0.883879343400066,9,truck,0.2533276423887584,9,truck,0.9549692808471794
train_02780,4,deer,4,deer,0.9899399635127116,4,deer,0.9936666344339872,4,deer,0.1477283187885184,7,monkey,0.3278188886985074
train_02785,6,horse,6,horse,0.9816753817627224,6,horse,0.9891295921359976,6,horse,0.33154013883924216,6,horse,0.9936805825309514
train_02787,4,deer,4,deer,0.9352218017786492,4,deer,0.9905437961690587,4,deer,0.36313126395057693,4,deer,0.9982075622651749
train_02788,8,ship,8,ship,0.974898171298938,8,ship,0.9951910288230752,8,ship,0.41449537123185404,8,ship,0.9935833248969576
train_02789,2,car,2,car,0.9967085524010039,2,car,0.9989982415921828,2,car,0.3813403921581277,2,car,0.9663683575871029
train_02790,4,deer,4,deer,0.8762391843322247,4,deer,0.9915408186054654,4,deer,0.39952291727260225,4,deer,0.9976203485671518
train_02791,0,airplane,0,airplane,0.9475231238669901,0,airplane,0.9958129315199948,0,airplane,0.3218504410918484,0,airplane,0.8009564325810425
train_02793,9,truck,9,truck,0.9786931142331149,9,truck,0.9995305446415538,9,truck,0.41490962634902295,9,truck,0.9949322034133429
train_02795,8,ship,8,ship,0.9809906678473804,8,ship,0.9945165468196785,8,ship,0.3953097965981817,8,ship,0.9964144942428724
train_02796,8,ship,8,ship,0.9329900571893441,8,ship,0.9974774034653427,8,ship,0.32309095274429345,8,ship,0.9781744716577871
train_02797,0,airplane,0,airplane,0.991976780773086,0,airplane,0.998664242625719,0,airplane,0.38184337667703283,0,airplane,0.9571729546961281
train_02799,2,car,2,car,0.9997247563293233,2,car,0.9997776359022781,2,car,0.40565217486128063,2,car,0.9934214003371432
train_02800,9,truck,9,truck,0.9812307227987217,9,truck,0.9973334120405598,9,truck,0.3419111664197979,9,truck,0.9917393264827883
train_02802,2,car,2,car,0.9955225430976365,2,car,0.9999199811228784,2,car,0.3276690783238176,2,car,0.9948590436884096
train_02803,9,truck,9,truck,0.9748501933654135,9,truck,0.9997962550412428,9,truck,0.357293722702044,9,truck,0.9944460080395147
train_02804,8,ship,8,ship,0.954987168877189,8,ship,0.9774438920580024,8,ship,0.43002023430823777,8,ship,0.9976877695173921
train_02805,7,monkey,7,monkey,0.964636090760473,7,monkey,0.9956811920844532,7,monkey,0.29076868007019113,7,monkey,0.785699795082469
train_02806,2,car,2,car,0.9809306599269944,2,car,0.998964367905108,2,car,0.2815388304815127,2,car,0.9465089865055819
train_02807,8,ship,8,ship,0.9844298095647399,8,ship,0.9768516322900701,8,ship,0.4453921708631575,8,ship,0.9971903023563015
train_02808,4,deer,4,deer,0.8305499867778271,4,deer,0.9471713786770789,4,deer,0.3046692630227497,4,deer,0.9990785091422997
train_02809,4,deer,4,deer,0.9331793919618144,4,deer,0.9883130517522756,4,deer,0.3227733946336532,4,deer,0.9991674914876046
train_02812,4,deer,4,deer,0.9755638090870722,4,deer,0.9976391132936302,4,deer,0.35607828047754775,4,deer,0.9912768293911313
train_02813,8,ship,8,ship,0.987858505888393,8,ship,0.9992585310530543,8,ship,0.46731141423810013,8,ship,0.995584540293304
train_02814,4,deer,4,deer,0.9840902703367111,4,deer,0.9440824066347385,4,deer,0.34686431506868376,4,deer,0.998871690299246
train_02815,9,truck,9,truck,0.9916895192954136,9,truck,0.9991943476732065,9,truck,0.32976440953993985,9,truck,0.9875268723239136
train_02816,6,horse,6,horse,0.9988291374119839,6,horse,0.9986760882608202,6,horse,0.3072859109839996,6,horse,0.9666385056869528
train_02818,1,bird,1,bird,0.9903604532271536,1,bird,0.8790906322611028,1,bird,0.36075935024772504,1,bird,0.9960683782892193
train_02820,6,horse,6,horse,0.9514956361658718,6,horse,0.9841940601172035,6,horse,0.3103607356383155,6,horse,0.9914573324968972
train_02821,6,horse,6,horse,0.8753256708753074,6,horse,0.9957484516304728,6,horse,0.34521939067924146,6,horse,0.9989245255574359
train_02822,6,horse,6,horse,0.9796695604336177,6,horse,0.9977750711706601,6,horse,0.36540136201245854,6,horse,0.9995540700479661
train_02823,5,dog,5,dog,0.9149254653152208,5,dog,0.9824216345942409,5,dog,0.30103476718369604,5,dog,0.9731240790408622
train_02824,7,monkey,7,monkey,0.9657228151505726,7,monkey,0.9856525811476441,7,monkey,0.3872864056070802,7,monkey,0.99886684585851
train_02825,6,horse,6,horse,0.9642970499178694,6,horse,0.9969585951881653,6,horse,0.31292783381309447,6,horse,0.9990363269285407
train_02826,1,bird,1,bird,0.9693314649270665,1,bird,0.9605099365653214,1,bird,0.2038403248213759,1,bird,0.9644007083395766
train_02827,5,dog,5,dog,0.9992589613005627,5,dog,0.9012725125800303,5,dog,0.3135927177936257,5,dog,0.9745332359238829
train_02828,2,car,2,car,0.9983022584174157,2,car,0.9998424124579676,2,car,0.3792372802194169,2,car,0.9648341698579668
train_02829,2,car,2,car,0.9630122740811137,2,car,0.9832983242427402,2,car,0.3545204298566935,2,car,0.9894151766281638
train_02830,7,monkey,7,monkey,0.9893831930237909,7,monkey,0.9986323593750911,7,monkey,0.36238044928328694,7,monkey,0.998239014393466
train_02831,2,car,2,car,0.9636782841827849,2,car,0.9974163710844662,2,car,0.2581489353645946,9,truck,0.615263219860558
train_02832,9,truck,9,truck,0.9465854159715682,9,truck,0.9792493240513961,9,truck,0.34350402106456007,9,truck,0.9436312978987145
train_02833,8,ship,8,ship,0.9920466829820795,8,ship,0.9998267043118572,8,ship,0.49211196999477075,8,ship,0.9948387016126707
train_02834,5,dog,5,dog,0.9666984271818215,5,dog,0.9998244931487907,5,dog,0.3495479389221314,5,dog,0.9693649827693279
train_02836,8,ship,8,ship,0.7273866732961729,8,ship,0.8536976301536108,8,ship,0.33003260284900815,8,ship,0.9848627339304705
train_02837,3,cat,3,cat,0.9939963062378337,3,cat,0.9999943125682393,3,cat,0.35942437439665736,3,cat,0.9720597932249639
train_02838,5,dog,5,dog,0.9666211977369383,5,dog,0.9948943653410811,5,dog,0.29348818043207564,5,dog,0.945930755762308
train_02839,0,airplane,0,airplane,0.996795233002081,0,airplane,0.9972751437322986,0,airplane,0.34463261879835544,0,airplane,0.9267643630922527
train_02840,8,ship,8,ship,0.9981100161783399,8,ship,0.9991476323797063,8,ship,0.4293007323140294,8,ship,0.9890550768524602
train_02841,6,horse,6,horse,0.979879932062601,6,horse,0.9949919460868304,6,horse,0.2975811307161364,6,horse,0.9634768073693167
train_02842,9,truck,9,truck,0.9979277223362298,9,truck,0.9877933370640056,9,truck,0.2876815910099328,9,truck,0.9369736091964491
train_02843,6,horse,6,horse,0.9942126622357367,6,horse,0.9998237145795181,6,horse,0.39251815505609106,6,horse,0.996784113119646
train_02844,5,dog,5,dog,0.9944735256117093,5,dog,0.9521157685986167,5,dog,0.29660401789995555,5,dog,0.9122527027859901
train_02846,1,bird,1,bird,0.9911765590266848,1,bird,0.9973979370526914,1,bird,0.3939883023382965,1,bird,0.997888376532194
train_02847,0,airplane,0,airplane,0.9921467947510466,0,airplane,0.9997546301303462,0,airplane,0.42016203115503176,0,airplane,0.9816565212836641
train_02848,3,cat,3,cat,0.9045836418148059,3,cat,0.9901879812020051,3,cat,0.28703046457541614,3,cat,0.545974717019888
train_02849,7,monkey,7,monkey,0.9714786116058718,7,monkey,0.9985722075852995,7,monkey,0.3571878219416713,7,monkey,0.998549310878521
train_02850,6,horse,6,horse,0.9726783242497467,6,horse,0.997577364223321,6,horse,0.2630645809270281,6,horse,0.9489828860806063
train_02851,9,truck,9,truck,0.9771658009703307,9,truck,0.9935360507771585,9,truck,0.26650692635442735,9,truck,0.9719769219487208
train_02852,4,deer,4,deer,0.9910753318122586,4,deer,0.9933158271493343,4,deer,0.46076421383771476,4,deer,0.9982207913461967
train_02853,4,deer,4,deer,0.9829873548312139,4,deer,0.9962055390987016,4,deer,0.3129783684283762,4,deer,0.9926167550548225
train_02854,4,deer,4,deer,0.962095877956762,4,deer,0.9989475258979466,4,deer,0.3311629237758828,4,deer,0.994783284740347
train_02855,6,horse,6,horse,0.9943183227534907,6,horse,0.9979174997894483,6,horse,0.3795555452027701,6,horse,0.9988440448807822
train_02856,5,dog,5,dog,0.9725595805289918,5,dog,0.9975367684256958,5,dog,0.3256587783457994,5,dog,0.977342064857592
train_02857,8,ship,8,ship,0.9786123717900694,8,ship,0.9969417403149456,8,ship,0.4028113856361752,8,ship,0.9963618820580675
train_02858,1,bird,1,bird,0.9964557780154403,1,bird,0.9982568266090815,1,bird,0.2961292555327975,1,bird,0.9967278646424554
train_02859,8,ship,8,ship,0.9940270382428141,8,ship,0.9997762180005547,8,ship,0.505177137169728,8,ship,0.9955925875230702
train_02861,7,monkey,7,monkey,0.9940340606889739,7,monkey,0.9983190819710032,7,monkey,0.43718856278204715,7,monkey,0.9995232179979364
train_02862,3,cat,3,cat,0.9859859399419862,3,cat,0.9989470613204766,3,cat,0.3327947911395756,3,cat,0.9900098314049067
train_02863,4,deer,4,deer,0.9687449325809022,4,deer,0.9914310671220107,4,deer,0.365752531519807,4,deer,0.9907004118657105
train_02864,3,cat,3,cat,0.9600549259967761,3,cat,0.9973714389988569,6,horse,0.17479096533109506,6,horse,0.7654803539444672
train_02865,3,cat,3,cat,0.9705794454072625,3,cat,0.9998488264901647,3,cat,0.27544206644630437,3,cat,0.8577535917071001
train_02866,5,dog,5,dog,0.9873795945496557,5,dog,0.9963048505883617,5,dog,0.38205952124515374,5,dog,0.9824815889391104
train_02867,1,bird,1,bird,0.8793891212976345,1,bird,0.9931068427474402,1,bird,0.20910412480651627,1,bird,0.9549706117383074
train_02868,8,ship,8,ship,0.9868560730428586,8,ship,0.9996708295003547,8,ship,0.4076447558503367,8,ship,0.9938605756854427
train_02869,2,car,2,car,0.9303355958204401,2,car,0.9965920526264607,2,car,0.3480835960674506,2,car,0.9900218602712246
train_02871,6,horse,6,horse,0.909632905910987,6,horse,0.986720622323878,6,horse,0.3594976901789437,6,horse,0.9967792496076929
train_02872,4,deer,4,deer,0.9811137724045376,4,deer,0.9966987313282837,4,deer,0.35361365648482573,4,deer,0.9441202575797257
train_02874,6,horse,6,horse,0.6747184156837961,6,horse,0.9350603739704055,6,horse,0.25701088157682384,6,horse,0.9943393355207097
train_02875,4,deer,4,deer,0.9912910675253248,4,deer,0.9906774463165793,4,deer,0.4480902527034036,4,deer,0.9971441729637958
train_02878,7,monkey,7,monkey,0.8188487902624412,7,monkey,0.9816525929200238,7,monkey,0.23278354122216915,1,bird,0.5379067841817007
train_02879,3,cat,3,cat,0.9383717415151033,3,cat,0.9984796247511144,3,cat,0.32901213346997976,3,cat,0.8194900945359023
train_02880,8,ship,8,ship,0.9947576432844822,8,ship,0.9975048364793369,8,ship,0.3233604406899887,8,ship,0.9987827793499162
train_02881,6,horse,6,horse,0.9962087092493158,6,horse,0.9996469014249643,6,horse,0.395154420160832,6,horse,0.9946442029297218
train_02882,4,deer,4,deer,0.9708153087013559,4,deer,0.9702198687107828,4,deer,0.4060065361652651,4,deer,0.9937795175507393
train_02883,8,ship,8,ship,0.975876296759188,8,ship,0.9872430541188669,8,ship,0.27904254232214926,8,ship,0.983180731372917
train_02884,7,monkey,7,monkey,0.9614792176780484,7,monkey,0.9753452204425749,7,monkey,0.367040599184636,7,monkey,0.9995062510682661
train_02885,9,truck,9,truck,0.9945177049507063,9,truck,0.9992241071780388,9,truck,0.41111545993688386,9,truck,0.9951452083900145
train_02886,3,cat,3,cat,0.9422096257058492,3,cat,0.9897983524145052,3,cat,0.24295635931070558,7,monkey,0.6076960352152856
train_02888,8,ship,8,ship,0.9967204208078955,8,ship,0.999571545852353,8,ship,0.4658566427488858,8,ship,0.9952963803684464
train_02889,5,dog,5,dog,0.9536228824925248,5,dog,0.9981850973809994,5,dog,0.2805750458836531,5,dog,0.9569606074779197
train_02890,8,ship,8,ship,0.969297593658325,8,ship,0.9984485798115361,8,ship,0.3294117328987585,8,ship,0.995301239559944
train_02894,4,deer,4,deer,0.9804792305942079,4,deer,0.9992491562358119,4,deer,0.42709846239809074,4,deer,0.9994909910323253
train_02896,8,ship,8,ship,0.95726955696208,8,ship,0.9950839836541516,8,ship,0.46038754501645096,8,ship,0.9946563621076645
train_02899,7,monkey,7,monkey,0.9095598509859654,7,monkey,0.9524912563047798,7,monkey,0.3510425206314566,7,monkey,0.9966273888300288
train_02900,9,truck,9,truck,0.9733487183192501,9,truck,0.9987810729808809,9,truck,0.365219409843694,9,truck,0.9972058320236382
train_02901,1,bird,1,bird,0.8738550080800729,1,bird,0.6615666840873946,1,bird,0.23444851184117663,1,bird,0.9969661627103635
train_02902,4,deer,4,deer,0.7013457701972272,4,deer,0.9473105215231862,4,deer,0.24113398489119903,4,deer,0.9589544904979037
train_02903,2,car,2,car,0.9940890098192283,2,car,0.9999906508628416,2,car,0.4041075808626625,2,car,0.9898682714820509
train_02904,3,cat,3,cat,0.8948660627422309,3,cat,0.9920988272299534,3,cat,0.2946767236322307,3,cat,0.9748956509179136
train_02905,1,bird,1,bird,0.985660834494782,1,bird,0.9808167815914244,1,bird,0.1977937135049358,1,bird,0.9528758214347902
train_02906,5,dog,5,dog,0.9193395820280603,5,dog,0.8443574132401876,5,dog,0.3292116790393261,5,dog,0.9727397522648955
train_02907,2,car,2,car,0.9274785427892437,2,car,0.9802747049816105,2,car,0.2834285319951693,2,car,0.6772404970943309
train_02908,7,monkey,7,monkey,0.9855242738499858,7,monkey,0.9945429989056848,7,monkey,0.3976645671905379,7,monkey,0.9997903521168077
train_02909,0,airplane,0,airplane,0.9961304186568033,0,airplane,0.9980050539218974,0,airplane,0.346374654879492,0,airplane,0.9333294253786512
train_02910,0,airplane,0,airplane,0.9978897509972916,0,airplane,0.9993790138650905,0,airplane,0.3381688935329359,0,airplane,0.9685822510271008
train_02911,9,truck,9,truck,0.9926707920724971,9,truck,0.999048998765333,9,truck,0.34050278302736847,9,truck,0.9933698874485801
train_02912,2,car,2,car,0.9806572280191903,2,car,0.9972366095251467,2,car,0.33116788476191733,2,car,0.964872962681679
train_02913,6,horse,6,horse,0.9756659290741756,6,horse,0.9990062116025027,6,horse,0.3416494863138443,6,horse,0.999368884225527
train_02914,7,monkey,7,monkey,0.9735745954349675,7,monkey,0.998549022472493,7,monkey,0.2520301062677915,7,monkey,0.8832724908647054
train_02915,7,monkey,7,monkey,0.9763414220246631,7,monkey,0.9993356497496705,7,monkey,0.35447273464906975,7,monkey,0.9858936248463194
train_02917,7,monkey,7,monkey,0.9640673199903971,7,monkey,0.9980726485605395,7,monkey,0.32937196207943054,7,monkey,0.9972137507506158
train_02919,8,ship,8,ship,0.9957917310128197,8,ship,0.9997085785594672,8,ship,0.4779706713809981,8,ship,0.9914869093918975
train_02920,4,deer,4,deer,0.9605746310817769,4,deer,0.9927379326306877,4,deer,0.414926249486474,4,deer,0.9811620789639225
train_02921,9,truck,9,truck,0.9687849473809063,9,truck,0.9981264680867893,9,truck,0.3965674318474976,9,truck,0.9960737043127953
train_02923,4,deer,4,deer,0.8988413495519949,4,deer,0.9964967503588613,4,deer,0.4395610046491169,4,deer,0.991399035777889
train_02924,8,ship,8,ship,0.9879496233421062,8,ship,0.9978281081358988,8,ship,0.43124838319536923,8,ship,0.9907541050846507
train_02925,4,deer,4,deer,0.8031398866040658,4,deer,0.9090145851689989,4,deer,0.26194636340182675,4,deer,0.9813777898371386
train_02926,2,car,2,car,0.9948132076397097,2,car,0.9997612777352639,2,car,0.3833178402284699,2,car,0.987531666467097
train_02928,3,cat,3,cat,0.9986438491586834,3,cat,0.9982678600176184,3,cat,0.2791300363445027,3,cat,0.960155304362294
train_02929,8,ship,8,ship,0.9904138238009982,8,ship,0.9996841922590064,8,ship,0.49018388882015956,8,ship,0.9977498722201156
train_02931,1,bird,1,bird,0.9517700113351886,1,bird,0.9962372282868104,1,bird,0.35796792588981974,1,bird,0.9937424930984653
train_02932,0,airplane,0,airplane,0.6183738705714678,0,airplane,0.7952775281673912,0,airplane,0.19041639699992888,8,ship,0.513225202358733
train_02934,0,airplane,0,airplane,0.9952596586639467,0,airplane,0.9981156202460959,0,airplane,0.3136114743689327,0,airplane,0.9865066687573758
train_02935,7,monkey,7,monkey,0.9732298925265732,7,monkey,0.9993364124870111,7,monkey,0.33648053331890354,7,monkey,0.9986905805179701
train_02936,9,truck,9,truck,0.976715251990208,9,truck,0.9959850472590567,9,truck,0.31344583797656733,9,truck,0.960068915191014
train_02937,7,monkey,7,monkey,0.9584435133811628,7,monkey,0.9945749621310228,7,monkey,0.2924168906219073,7,monkey,0.9754632799797344
train_02939,4,deer,4,deer,0.8105541656224984,4,deer,0.9361591279360734,4,deer,0.2602732287801278,4,deer,0.9985532533594746
train_02940,1,bird,1,bird,0.9667960908334532,1,bird,0.866406741444439,1,bird,0.28447015077949667,1,bird,0.9918517490460507
train_02941,5,dog,5,dog,0.965364987274323,5,dog,0.9938807745822598,5,dog,0.305057850257528,5,dog,0.904318625844408
train_02942,9,truck,9,truck,0.7489624037586242,9,truck,0.944033403026424,9,truck,0.18715079952379218,9,truck,0.6850072570867687
train_02944,9,truck,9,truck,0.9941193209458453,9,truck,0.9948882090157514,9,truck,0.2757860768656138,9,truck,0.9683444569469873
train_02945,1,bird,1,bird,0.9274196799679136,1,bird,0.9996239318001281,1,bird,0.36306475911400665,1,bird,0.9782746663840505
train_02946,1,bird,1,bird,0.9939729900781502,1,bird,0.917722017068852,1,bird,0.34120963213377414,1,bird,0.9959249773476493
train_02948,4,deer,4,deer,0.9418810624039595,4,deer,0.9497438102692802,4,deer,0.29389174735093154,4,deer,0.9960964688144899
train_02950,5,dog,5,dog,0.9869575565649986,5,dog,0.9985956740982406,5,dog,0.3711410477079556,5,dog,0.8415015736826399
train_02953,0,airplane,0,airplane,0.9896166740124858,0,airplane,0.9972056187934941,0,airplane,0.35537594178591536,0,airplane,0.9148476229736086
train_02954,8,ship,8,ship,0.9878621003424441,8,ship,0.9975631219952064,8,ship,0.49060698229027633,8,ship,0.9967871108961006
train_02955,8,ship,8,ship,0.9967272360259303,8,ship,0.9996546519084603,8,ship,0.43531799963652135,8,ship,0.9934099158094181
train_02956,5,dog,5,dog,0.8940430026488657,5,dog,0.9699250866389756,5,dog,0.24535417766339337,5,dog,0.8516899128272606
train_02957,5,dog,5,dog,0.9809845916732146,5,dog,0.9959085207373106,5,dog,0.39565227647666346,5,dog,0.9712827344708036
train_02958,1,bird,1,bird,0.998641806010862,1,bird,0.9977017339752906,1,bird,0.399757410769079,1,bird,0.996119102717608
train_02959,6,horse,6,horse,0.9859582313933725,6,horse,0.9915710014726766,6,horse,0.3435235411943915,6,horse,0.9056291349281744
train_02961,4,deer,4,deer,0.9801331320750983,4,deer,0.9983960246959239,4,deer,0.37170029917198744,4,deer,0.9995264212507642
train_02962,1,bird,1,bird,0.9998731383874234,1,bird,0.999823465981455,1,bird,0.32462038378016145,1,bird,0.9887882865414985
train_02964,1,bird,1,bird,0.9988222340743985,1,bird,0.9912089894055657,1,bird,0.3797747201499186,1,bird,0.9971123653684746
train_02965,1,bird,1,bird,0.9387188212407462,1,bird,0.9889011150310311,1,bird,0.2984169507896882,1,bird,0.9966870541612318
train_02966,8,ship,8,ship,0.9963142738435685,8,ship,0.9995675653368175,8,ship,0.47507678947954246,8,ship,0.9971089345849575
train_02972,9,truck,9,truck,0.9919355237291855,9,truck,0.9969925907879027,9,truck,0.41513189095700653,9,truck,0.996312118093401
train_02973,8,ship,8,ship,0.983494437257825,8,ship,0.9996488544733904,8,ship,0.4247305225130769,8,ship,0.9976494121110828
train_02974,6,horse,6,horse,0.9652725515619042,6,horse,0.996289627657966,6,horse,0.3638835263494116,6,horse,0.9991879017290581
train_02976,5,dog,5,dog,0.9916014422377857,5,dog,0.9827376918451777,5,dog,0.3401126122384485,5,dog,0.9337719955081462
train_02977,7,monkey,7,monkey,0.9867565864997284,7,monkey,0.9982229134943956,7,monkey,0.363906641864767,7,monkey,0.9997465293313119
train_02978,0,airplane,0,airplane,0.9946035431101059,0,airplane,0.9998770476443358,0,airplane,0.366532286385318,0,airplane,0.9878052170838006
train_02979,9,truck,9,truck,0.9683008669705369,9,truck,0.9957036421571945,9,truck,0.2837038907946939,9,truck,0.8071674590076278
train_02980,8,ship,8,ship,0.9666049456498182,8,ship,0.9972868158818232,8,ship,0.40188364100954493,8,ship,0.9965046813795833
train_02981,2,car,2,car,0.9926796706419276,2,car,0.9985797567304696,2,car,0.34349710544880796,2,car,0.9770448237257139
train_02982,2,car,2,car,0.9871530515429281,2,car,0.9994839639717825,2,car,0.3390667896182938,2,car,0.9840115915309812
train_02983,8,ship,8,ship,0.9687723546782906,8,ship,0.9838790325286132,8,ship,0.42537966926451803,8,ship,0.9964564516270727
train_02984,6,horse,6,horse,0.9934109471211652,6,horse,0.9849288972197915,6,horse,0.333073508592091,6,horse,0.9962748914957011
train_02986,5,dog,5,dog,0.9309144438159237,5,dog,0.9956906899456599,5,dog,0.3316787359979071,5,dog,0.973432392585701
train_02987,1,bird,1,bird,0.986519304059434,1,bird,0.9924222409131941,1,bird,0.42310797290172814,1,bird,0.9979383991059705
train_02988,7,monkey,7,monkey,0.9846318162909669,7,monkey,0.9867902928730223,7,monkey,0.36712148595941546,7,monkey,0.9992992144321775
train_02989,4,deer,4,deer,0.9645170410319734,4,deer,0.997866474956971,4,deer,0.453007261211619,4,deer,0.9957867378761761
train_02990,5,dog,5,dog,0.8236077462071376,5,dog,0.8890657912070302,5,dog,0.2872348206409841,5,dog,0.9130135232414638
train_02991,9,truck,9,truck,0.9650959197163358,9,truck,0.991584862685992,9,truck,0.2718716571086824,9,truck,0.8247288394597876
train_02992,8,ship,8,ship,0.9938708024726213,8,ship,0.999974304590569,8,ship,0.4890219253869103,8,ship,0.997528534327703
train_02993,1,bird,1,bird,0.984532617477214,1,bird,0.9615796177343622,1,bird,0.22765643893245147,1,bird,0.9953473216781525
train_02994,3,cat,3,cat,0.979804064030255,3,cat,0.999758921009659,3,cat,0.1917221840395168,4,deer,0.8142371038362104
train_02997,6,horse,6,horse,0.9936998067648695,6,horse,0.9986673082515287,6,horse,0.40424124585431565,6,horse,0.9970662899900091
train_02998,3,cat,3,cat,0.980831398681739,3,cat,0.9994753632234804,3,cat,0.3661183017458226,3,cat,0.9210587115915584
train_02999,6,horse,6,horse,0.9994118748112886,6,horse,0.999845220154544,6,horse,0.3110520541408362,6,horse,0.9895107592593068
train_03000,6,horse,6,horse,0.9379743845739598,6,horse,0.9980747014868873,6,horse,0.39023122559543943,6,horse,0.9987410406103034
train_03002,2,car,2,car,0.9607911701634854,2,car,0.9967598632830792,2,car,0.34890985831060295,2,car,0.9734971729974524
train_03003,1,bird,1,bird,0.9998256450356854,1,bird,0.9997506672662129,1,bird,0.42573023373808805,1,bird,0.9988725443611499
train_03004,1,bird,1,bird,0.9942731665950713,1,bird,0.9187171052738186,1,bird,0.25254770506380214,1,bird,0.9574444482850427
train_03006,8,ship,8,ship,0.9960214137668337,8,ship,0.9999461376847315,8,ship,0.497759463957928,8,ship,0.9977906330337856
train_03007,9,truck,9,truck,0.9954163535295382,9,truck,0.9993544113979911,9,truck,0.3350857779539209,9,truck,0.9766519740371751
train_03008,7,monkey,7,monkey,0.9394793387138921,7,monkey,0.99762793355291,7,monkey,0.30628145080369085,7,monkey,0.9972232782069758
train_03009,1,bird,1,bird,0.9982851727521985,1,bird,0.9999805180535405,1,bird,0.3997401579396783,1,bird,0.9992049577121973
train_03011,4,deer,4,deer,0.90818853670931,4,deer,0.9986799112155743,4,deer,0.3857640521699196,4,deer,0.9934539762414757
train_03013,7,monkey,7,monkey,0.9787362903314214,7,monkey,0.9996535221168508,7,monkey,0.28505208839019447,7,monkey,0.986879523964177
train_03015,8,ship,8,ship,0.9744410610506486,8,ship,0.9871175552421206,8,ship,0.30842034405627317,8,ship,0.9981715166190355
train_03016,1,bird,1,bird,0.9982253893960987,1,bird,0.9999009560295347,1,bird,0.38569979901651147,1,bird,0.9983389298234804
train_03017,9,truck,9,truck,0.9821819926309233,9,truck,0.9997018049522383,9,truck,0.4098742655445524,9,truck,0.9921162188131442
train_03019,3,cat,3,cat,0.9797372462410907,3,cat,0.9994304664188,3,cat,0.332306126732576,3,cat,0.9509459595014864
train_03020,9,truck,9,truck,0.9475087154423312,9,truck,0.9800672623709136,9,truck,0.32382340862106845,9,truck,0.9779118002854491
train_03021,4,deer,4,deer,0.8073740197550322,4,deer,0.9726593524997255,4,deer,0.40192911202109194,4,deer,0.9915633828028032
train_03022,0,airplane,0,airplane,0.9809122818580364,0,airplane,0.9320895399877392,0,airplane,0.29980003858528426,0,airplane,0.8304162124285888
train_03023,4,deer,4,deer,0.8545897274576681,4,deer,0.9401962158835413,4,deer,0.3752479333316204,4,deer,0.9651278001801423
train_03025,0,airplane,0,airplane,0.9568952317798495,0,airplane,0.9978600396809109,0,airplane,0.3535896982882906,0,airplane,0.9842356605272672
train_03026,1,bird,1,bird,0.999381346593756,1,bird,0.9998819815287379,1,bird,0.368668592727981,1,bird,0.9971741035132723
train_03027,9,truck,9,truck,0.995060161558411,9,truck,0.9998298890536989,9,truck,0.3163264848454257,9,truck,0.9771389389130769
train_03028,7,monkey,7,monkey,0.9375801457068746,7,monkey,0.996457996894514,7,monkey,0.17131605710447453,7,monkey,0.6469896821076628
train_03029,9,truck,9,truck,0.9953201117396652,9,truck,0.9998783049316299,9,truck,0.3074220841871571,9,truck,0.959700066895393
train_03030,4,deer,4,deer,0.9886763428450179,4,deer,0.9781032288809748,4,deer,0.2890960230631111,4,deer,0.9975418963502359
train_03031,2,car,2,car,0.9927143397466376,2,car,0.9999847815411903,2,car,0.4124069884498109,2,car,0.9795142284926853
train_03032,6,horse,6,horse,0.9925963384861975,6,horse,0.998909988478008,6,horse,0.3289277180952121,6,horse,0.9980032238096266
train_03033,6,horse,6,horse,0.9991626689443515,6,horse,0.9962234968943036,6,horse,0.26502847277620073,6,horse,0.9656349126739048
train_03034,3,cat,3,cat,0.9945969818711902,3,cat,0.9999533372901696,3,cat,0.3205692744249242,3,cat,0.9808037297902789
train_03035,1,bird,1,bird,0.9989900889591121,1,bird,0.9995608868092338,1,bird,0.4161989096700606,1,bird,0.998623616975304
train_03036,9,truck,9,truck,0.9935809264035528,9,truck,0.9997788655256454,9,truck,0.36572755694146186,9,truck,0.9947742114835252
train_03037,0,airplane,0,airplane,0.9726808522021417,0,airplane,0.999238109892932,0,airplane,0.33040019251779407,0,airplane,0.7620868810372886
train_03038,0,airplane,0,airplane,0.977141893960963,0,airplane,0.9869073352539111,0,airplane,0.3050035321017653,0,airplane,0.8790780507959127
train_03040,5,dog,5,dog,0.9753913318652907,5,dog,0.9988111080818175,5,dog,0.32957267074665086,5,dog,0.8350777937823141
train_03041,5,dog,5,dog,0.787735916578578,5,dog,0.7817790082880052,5,dog,0.3052670661485038,5,dog,0.9600746746320081
train_03042,4,deer,4,deer,0.9941343618538412,4,deer,0.999930392005448,4,deer,0.4343386013169447,4,deer,0.9972547943130873
train_03043,3,cat,3,cat,0.9956918571963186,3,cat,0.9802578641335289,3,cat,0.2843499665804055,3,cat,0.9601489945257804
train_03044,8,ship,8,ship,0.9542000783346313,8,ship,0.9769837601504902,8,ship,0.36906157638717757,8,ship,0.9810997329968115
train_03045,2,car,2,car,0.6744693735103414,2,car,0.8589650416457856,2,car,0.21217935316900255,2,car,0.9247612011816504
train_03046,7,monkey,7,monkey,0.9671187316035191,7,monkey,0.988630486302184,7,monkey,0.38536648876531915,7,monkey,0.9986545427800739
train_03047,2,car,2,car,0.827084254467818,2,car,0.9873881940703968,2,car,0.24412147916398466,2,car,0.5874739989919469
train_03048,9,truck,9,truck,0.9842725774330983,9,truck,0.9995733637000092,9,truck,0.38524182950726665,9,truck,0.9865644825864783
train_03049,7,monkey,7,monkey,0.9182003041778123,7,monkey,0.9959329598318707,7,monkey,0.310140075405812,7,monkey,0.990568645954991
train_03050,0,airplane,8,ship,0.7446289148998909,0,airplane,0.9782863189788502,8,ship,0.22296841304629728,8,ship,0.9235822855446136
train_03052,2,car,2,car,0.9396576373918938,2,car,0.9994145405761715,2,car,0.39413386555095686,2,car,0.9654163521273901
train_03054,4,deer,4,deer,0.967999031308602,4,deer,0.9983687278976234,4,deer,0.46286281217007125,4,deer,0.9939878801608951
train_03055,6,horse,6,horse,0.9717181894095503,6,horse,0.9997484615678505,6,horse,0.32418119499760534,6,horse,0.9925235791037295
train_03056,0,airplane,0,airplane,0.9367305556099943,0,airplane,0.9948429576248883,0,airplane,0.328315393842992,0,airplane,0.9160732613390588
train_03059,5,dog,5,dog,0.9939590541760462,5,dog,0.9775284220003833,5,dog,0.2729583674351796,5,dog,0.9519280728165108
train_03060,4,deer,4,deer,0.9926603818666229,4,deer,0.9996752815989149,4,deer,0.4329321101148391,4,deer,0.9994314215917892
train_03061,0,airplane,0,airplane,0.934768463163155,0,airplane,0.9861156008294064,0,airplane,0.3525805057240409,0,airplane,0.946365381339839
train_03062,3,cat,3,cat,0.9616825346201027,3,cat,0.999917212080941,3,cat,0.3477601919036487,3,cat,0.86918773702576
train_03063,7,monkey,7,monkey,0.9529293965942855,7,monkey,0.9972463811852981,7,monkey,0.3264118032186609,7,monkey,0.9891679484191449
train_03064,9,truck,9,truck,0.9325861649147842,9,truck,0.9809170519826483,9,truck,0.25822063515317606,9,truck,0.6862793215495081
train_03065,8,ship,8,ship,0.9850654768185448,8,ship,0.9900383977521853,8,ship,0.41049086239538957,8,ship,0.9955939997788165
train_03066,5,dog,5,dog,0.9872587185497623,5,dog,0.9995944300157724,5,dog,0.19615106979647148,5,dog,0.7707059258997488
train_03067,6,horse,6,horse,0.9731182032533817,6,horse,0.9988050911719639,6,horse,0.2736366363804602,6,horse,0.9585908403974006
train_03068,2,car,2,car,0.9719299159295075,2,car,0.9991046750204106,2,car,0.3910308572245652,2,car,0.9399411969186625
train_03069,7,monkey,7,monkey,0.9902031800088484,7,monkey,0.9996823692726562,7,monkey,0.37827189798573707,7,monkey,0.9994844028866613
train_03070,8,ship,8,ship,0.9768860911416247,8,ship,0.9990400109636389,8,ship,0.3928436381057174,8,ship,0.9980864742622712
train_03071,3,cat,3,cat,0.9721517016887943,3,cat,0.9999376891624039,3,cat,0.3647930264475827,3,cat,0.8442754901883021
train_03072,6,horse,6,horse,0.9711377258744346,6,horse,0.9995673845610972,6,horse,0.3625331619240844,6,horse,0.9976344196539626
train_03075,5,dog,5,dog,0.9879722386919965,5,dog,0.8826608483637913,5,dog,0.3245838005453209,5,dog,0.9508022541508606
train_03076,6,horse,6,horse,0.9557700055802554,6,horse,0.9972254830589481,6,horse,0.30903579853873575,6,horse,0.9781886846348739
train_03077,2,car,2,car,0.9785414478324241,2,car,0.9956332502365796,2,car,0.25748878441565126,2,car,0.9226593425333183
train_03078,8,ship,8,ship,0.9868731055151869,8,ship,0.999924629408933,8,ship,0.5034645130343549,8,ship,0.9985117433731152
train_03079,6,horse,6,horse,0.9987643852344033,6,horse,0.9980645591190652,6,horse,0.29882022342506176,6,horse,0.9926955427822928
train_03080,8,ship,8,ship,0.9834599101865562,8,ship,0.9998905882821998,8,ship,0.4467535923079865,8,ship,0.9949280757498452
train_03081,0,airplane,0,airplane,0.9749839383881683,0,airplane,0.9995370421048638,0,airplane,0.3268058551720842,0,airplane,0.8931948707321771
train_03083,3,cat,3,cat,0.9947756287067636,3,cat,0.9762318472535011,3,cat,0.28237696130168743,3,cat,0.9675550511886509
train_03084,2,car,2,car,0.9947822168212564,2,car,0.9996124998764087,2,car,0.3951125527209537,2,car,0.989254424674039
train_03085,1,bird,1,bird,0.9997109341430253,1,bird,0.9999201505499149,1,bird,0.43143466845652734,1,bird,0.9992254731456699
train_03087,8,ship,8,ship,0.9859628067735415,8,ship,0.9997802620816676,8,ship,0.42601923660881913,8,ship,0.9947581883515977
train_03088,8,ship,8,ship,0.9786945201158308,8,ship,0.9993672746215292,8,ship,0.460060767031528,8,ship,0.99476576350623
train_03090,4,deer,4,deer,0.7282367303317022,4,deer,0.9860802496453673,4,deer,0.22608464196456218,4,deer,0.950371757109656
train_03091,3,cat,3,cat,0.8040757161129435,3,cat,0.997043563625489,3,cat,0.24645376782009162,4,deer,0.6741869447676848
train_03092,0,airplane,0,airplane,0.9978196024890091,0,airplane,0.9993577301801212,0,airplane,0.3547081925173228,0,airplane,0.690099424202182
train_03093,6,horse,6,horse,0.9089976452660192,6,horse,0.9842101432768698,6,horse,0.25669863083496114,6,horse,0.6374197633187096
train_03094,6,horse,6,horse,0.9722918885295525,6,horse,0.9580009007431125,4,deer,0.18329200537537935,6,horse,0.8195767717337891
train_03095,3,cat,3,cat,0.988549356815915,3,cat,0.9994864989733967,3,cat,0.2878152737092857,3,cat,0.8392264320907119
train_03097,0,airplane,0,airplane,0.9937841126242397,0,airplane,0.9981373265224732,0,airplane,0.3515251555779108,0,airplane,0.9702481496505558
train_03098,8,ship,8,ship,0.9840750785928244,8,ship,0.999914363724582,8,ship,0.4998413817826228,8,ship,0.9985198252010677
train_03099,1,bird,1,bird,0.9532191907109573,1,bird,0.9992839571510702,1,bird,0.4080589694462623,1,bird,0.9975353025152756
train_03101,8,ship,8,ship,0.9913291487481545,8,ship,0.9979658429793364,8,ship,0.4049864182437177,8,ship,0.9893307664660519
train_03102,8,ship,8,ship,0.9967544314802894,8,ship,0.9999147017976843,8,ship,0.47024077408952875,8,ship,0.9930989351448071
train_03104,4,deer,4,deer,0.9788726864846553,4,deer,0.9923213145602399,4,deer,0.40972227255737703,4,deer,0.9983443904827577
train_03105,3,cat,3,cat,0.9447976214796087,3,cat,0.9985024497351639,3,cat,0.31796433641781513,3,cat,0.9817205355764735
train_03106,2,car,2,car,0.9989306217161179,2,car,0.9972973814634352,2,car,0.24174692735819042,2,car,0.9584697551090702
train_03107,6,horse,6,horse,0.9426629401882549,6,horse,0.9994606082556428,6,horse,0.36223300926205937,6,horse,0.9989114556102404
train_03108,3,cat,3,cat,0.9922000486258127,3,cat,0.999948427194713,3,cat,0.2791121635061079,3,cat,0.8668129765959823
train_03109,8,ship,8,ship,0.9980845347210647,8,ship,0.9990298860951945,8,ship,0.4168613802132915,8,ship,0.9991442163934557
train_03110,0,airplane,0,airplane,0.9466208886596124,0,airplane,0.9978140391328173,0,airplane,0.34407475383854813,0,airplane,0.9842215491618462
train_03111,5,dog,5,dog,0.5344863148341937,5,dog,0.8838821289931998,5,dog,0.29191058987266433,5,dog,0.9147104661734471
train_03112,6,horse,6,horse,0.9904656813376856,6,horse,0.9986711048569907,6,horse,0.3433871169307427,6,horse,0.9981237171998925
train_03113,0,airplane,0,airplane,0.9172576591624582,0,airplane,0.9865952730756151,0,airplane,0.33076880541885495,0,airplane,0.9767994068207759
train_03114,8,ship,8,ship,0.98340252145225,8,ship,0.9752520688831969,8,ship,0.3091128700722667,8,ship,0.9822982150773999
train_03115,8,ship,8,ship,0.9769026530186851,8,ship,0.8390116473267281,8,ship,0.257924355654885,8,ship,0.9448203725223651
train_03116,4,deer,4,deer,0.9248397796741485,4,deer,0.9957702448887974,4,deer,0.37187966418194335,4,deer,0.9996600471810088
train_03118,2,car,2,car,0.9534148233385882,2,car,0.9938058850135605,2,car,0.34849739338162816,2,car,0.9374289683034714
train_03119,5,dog,5,dog,0.9432394400592112,5,dog,0.9970771159195122,5,dog,0.3285274478690272,5,dog,0.9747768912038963
train_03120,3,cat,3,cat,0.9733974128858301,3,cat,0.9962163204264739,3,cat,0.25773371951022583,3,cat,0.6806676874911407
train_03122,5,dog,5,dog,0.9368708874898459,5,dog,0.9983569900585975,5,dog,0.331977734947115,5,dog,0.9675916509813952
train_03123,8,ship,8,ship,0.9656264706279362,8,ship,0.9984375288465825,8,ship,0.37312953618887273,8,ship,0.9969171696850913
train_03124,3,cat,3,cat,0.9714526226167985,3,cat,0.9999756861730803,3,cat,0.33603844881901274,3,cat,0.8243925878607531
train_03125,0,airplane,0,airplane,0.6945309856588585,0,airplane,0.888419222271235,0,airplane,0.21142791383500167,8,ship,0.7163231491961352
train_03126,4,deer,4,deer,0.9710186759587993,4,deer,0.9992998697847533,4,deer,0.3858507069032655,4,deer,0.9989288409197876
train_03127,6,horse,6,horse,0.9503158794581076,6,horse,0.9981032395790025,6,horse,0.356315321315123,6,horse,0.9350560511372754
train_03128,0,airplane,0,airplane,0.9358671809422098,0,airplane,0.9849351449577449,0,airplane,0.3460420958117908,0,airplane,0.9192681019529721
train_03129,4,deer,4,deer,0.9347620035686952,4,deer,0.999455151220211,4,deer,0.4831287465635599,4,deer,0.9959948407795736
train_03130,7,monkey,7,monkey,0.9973960450749806,7,monkey,0.9994297743214648,7,monkey,0.41703781139631607,7,monkey,0.9997842649735572
train_03131,5,dog,5,dog,0.9839727528016597,5,dog,0.9740378512751009,5,dog,0.2304046231931352,5,dog,0.7704862410629474
train_03132,2,car,2,car,0.9723121045010162,2,car,0.997289771088355,2,car,0.3211949499686326,2,car,0.9846490404562281
train_03134,1,bird,1,bird,0.9966406479259428,1,bird,0.9973108082121951,1,bird,0.3183344439091309,1,bird,0.9973723155605771
train_03135,2,car,2,car,0.9993560127980744,2,car,0.9999068710525966,2,car,0.32822937626262116,2,car,0.9773425914773677
train_03136,2,car,2,car,0.9927339400051639,2,car,0.9994906468844111,2,car,0.346953315649794,2,car,0.9717613361238597
train_03137,4,deer,4,deer,0.9714931860988416,4,deer,0.9908052865216417,4,deer,0.35246798090900044,4,deer,0.9987049201689437
train_03138,5,dog,5,dog,0.9906673580592327,5,dog,0.9820832841558181,5,dog,0.273124530748215,5,dog,0.7379573408249309
train_03139,4,deer,4,deer,0.9589886236589006,4,deer,0.9091252455349037,4,deer,0.4492401270369446,4,deer,0.9930436690413218
train_03140,7,monkey,7,monkey,0.977176094941953,7,monkey,0.9991634431406108,7,monkey,0.3766064088998383,7,monkey,0.9995556833443172
train_03141,2,car,2,car,0.9928681461428094,2,car,0.9998932106303047,2,car,0.3876417456097914,2,car,0.9691523167707903
train_03142,5,dog,5,dog,0.7691959964919436,5,dog,0.9378358753294408,5,dog,0.21944154209205527,5,dog,0.4905702708302436
train_03143,1,bird,1,bird,0.9998758549113438,1,bird,0.9996108902205536,1,bird,0.33832260621397475,1,bird,0.9971603048853769
train_03145,1,bird,1,bird,0.9970495790152375,1,bird,0.999988809214937,1,bird,0.41061726314395774,1,bird,0.9927486610216912
train_03147,4,deer,4,deer,0.9517830532176428,4,deer,0.9871637710003152,4,deer,0.3832014607414875,4,deer,0.9975671382623701
train_03148,3,cat,3,cat,0.986034094476771,3,cat,0.9977856953596944,3,cat,0.3703290624647559,3,cat,0.7972784388246462
train_03150,0,airplane,0,airplane,0.8978027086334254,0,airplane,0.9951374447045415,0,airplane,0.3640428332567059,0,airplane,0.9574343477252296
train_03151,2,car,2,car,0.994102980157705,2,car,0.9998121117115776,2,car,0.3646771184593273,2,car,0.8858135835028685
train_03152,4,deer,4,deer,0.9647143952182031,4,deer,0.9988342990280741,4,deer,0.3778777198414021,4,deer,0.999261367725834
train_03153,9,truck,9,truck,0.9894932787721268,9,truck,0.9957673747067921,9,truck,0.2934626898687317,9,truck,0.9849288411369472
train_03154,3,cat,3,cat,0.8346044304465707,3,cat,0.7723210685473765,1,bird,0.28554145835916084,1,bird,0.9887940600013967
train_03156,7,monkey,7,monkey,0.9714563769114033,7,monkey,0.998653485044436,7,monkey,0.3522094444696955,7,monkey,0.9753142548203237
train_03157,6,horse,6,horse,0.9584578800840079,6,horse,0.9941382057029089,6,horse,0.24796033436822668,6,horse,0.7987704988226869
train_03160,6,horse,6,horse,0.9645974049530999,6,horse,0.9990158713749496,6,horse,0.3334958638509435,6,horse,0.9975472814021122
train_03161,0,airplane,0,airplane,0.9482900845456997,0,airplane,0.9794221794805278,0,airplane,0.2654065057554769,0,airplane,0.9239041088748142
train_03164,6,horse,6,horse,0.9893243011269984,6,horse,0.9927130637834294,6,horse,0.2604486687597648,6,horse,0.9958770982560003
train_03165,8,ship,8,ship,0.6924484596938572,8,ship,0.9745453324159306,8,ship,0.3031090818941473,8,ship,0.9969022858004257
train_03166,6,horse,6,horse,0.9980989739733841,6,horse,0.997332313998141,6,horse,0.3750722981477914,6,horse,0.9984353395369271
train_03167,5,dog,5,dog,0.9772610255061364,5,dog,0.8713592174577459,3,cat,0.22472185980564005,3,cat,0.7855346528063079
train_03168,9,truck,9,truck,0.9747068808296051,9,truck,0.9984822022354276,9,truck,0.2709218822658783,9,truck,0.8814462816325105
train_03169,3,cat,3,cat,0.96950711622209,3,cat,0.9978298469917918,3,cat,0.2898300939698677,3,cat,0.890301842577154
train_03170,8,ship,8,ship,0.9747516720994294,8,ship,0.9984321246189934,8,ship,0.2281255863385769,8,ship,0.9893012447248843
train_03171,1,bird,1,bird,0.9997297851577269,1,bird,0.9585526135042072,1,bird,0.33532133221380356,1,bird,0.996298059536923
train_03172,3,cat,3,cat,0.9964872064529846,3,cat,0.9993849182185729,3,cat,0.36785223451710825,3,cat,0.9243717214088325
train_03173,5,dog,5,dog,0.9125994800522275,5,dog,0.983656104469512,5,dog,0.31354379809107635,5,dog,0.5504617491416912
train_03174,2,car,2,car,0.9409891190808939,2,car,0.9776777094432448,2,car,0.34269419303978843,2,car,0.9816374414151574
train_03177,6,horse,6,horse,0.9436773907140587,6,horse,0.8445489002468223,6,horse,0.2822133515814432,6,horse,0.978127086642067
train_03178,3,cat,3,cat,0.9448680047972808,3,cat,0.9990451379244508,3,cat,0.22297129606130336,4,deer,0.7205519895876515
train_03179,6,horse,6,horse,0.9944358664990278,6,horse,0.9938570082144581,6,horse,0.3689609304379946,6,horse,0.9944414111786726
train_03180,2,car,2,car,0.9705014966361247,2,car,0.992761365365798,2,car,0.2490093604474084,2,car,0.7651718753563485
train_03183,9,truck,9,truck,0.9903110272792074,9,truck,0.9986852234380982,9,truck,0.2733961339868706,9,truck,0.9088683434967831
train_03185,5,dog,5,dog,0.9918631392229529,5,dog,0.9959057064114093,5,dog,0.34132067386129905,5,dog,0.9790654471317785
train_03186,2,car,2,car,0.9978759720758221,2,car,0.9999846400816196,2,car,0.4228934554834413,2,car,0.9934024895817904
train_03187,4,deer,4,deer,0.9430217011415221,4,deer,0.9897694918497988,4,deer,0.3594882642780459,4,deer,0.987915546034616
train_03188,3,cat,3,cat,0.914337252038037,3,cat,0.9547412603205683,3,cat,0.2504273564994199,3,cat,0.3403673685780227
train_03189,8,ship,8,ship,0.985774823068837,8,ship,0.9917866184176578,8,ship,0.4690265628222273,8,ship,0.9941247530491777
train_03190,8,ship,8,ship,0.9783901692433505,8,ship,0.9579719833593129,8,ship,0.21692878337884433,8,ship,0.9382842113473757
train_03193,4,deer,4,deer,0.9633576510124874,4,deer,0.9902109973490892,4,deer,0.38753512700512527,4,deer,0.9764376502755516
train_03194,1,bird,1,bird,0.9887042038555923,1,bird,0.9870539685413744,1,bird,0.1738759818167516,1,bird,0.9124280575043476
train_03195,3,cat,3,cat,0.9631934806496392,3,cat,0.9997433256754701,3,cat,0.2864744181924093,3,cat,0.8988014430213193
train_03196,5,dog,5,dog,0.9966047433504915,5,dog,0.9939845886114467,5,dog,0.34277529499137727,5,dog,0.9927326922091513
train_03197,6,horse,6,horse,0.6399841242389893,6,horse,0.9857793297776308,6,horse,0.2396980539228867,6,horse,0.9881229167479659
train_03198,2,car,2,car,0.992382191844495,2,car,0.9989828804117085,2,car,0.36199052599244375,2,car,0.9953478004615169
train_03199,9,truck,9,truck,0.9705296484095638,9,truck,0.992071347359255,9,truck,0.3112517198985124,9,truck,0.9657348145827922
train_03200,1,bird,1,bird,0.958398905045369,1,bird,0.979344354054688,1,bird,0.36700300395545843,1,bird,0.9990562867949017
train_03203,3,cat,3,cat,0.9992747657527887,3,cat,0.9991808671863429,3,cat,0.2847666329060169,3,cat,0.977120554486982
train_03204,6,horse,6,horse,0.9994343353953338,6,horse,0.9990113931796912,6,horse,0.38763782889001386,6,horse,0.9985812383033796
train_03205,4,deer,4,deer,0.9607653790818237,4,deer,0.9995534591479638,4,deer,0.4027485247481349,4,deer,0.9985781601533865
train_03206,8,ship,8,ship,0.9908239979199371,8,ship,0.9997808125842891,8,ship,0.39865334349045123,8,ship,0.9976477195576594
train_03207,9,truck,9,truck,0.9831850296011868,9,truck,0.998478476346413,9,truck,0.39460705677412855,9,truck,0.9882206294049496
train_03208,1,bird,1,bird,0.9384266414985591,1,bird,0.9961406404306278,1,bird,0.23878723034162083,1,bird,0.979186496786287
train_03209,9,truck,9,truck,0.9822142604055925,9,truck,0.9741332885241376,9,truck,0.2994420515009457,9,truck,0.9448390064899269
train_03210,6,horse,6,horse,0.8357631294548182,6,horse,0.894704416877934,6,horse,0.2868544463606801,6,horse,0.9966518325221342
train_03211,3,cat,3,cat,0.9902506426481903,3,cat,0.9968342367296201,3,cat,0.300718906782907,3,cat,0.9722966397643777
train_03212,8,ship,8,ship,0.9302017915433699,8,ship,0.9987439646747364,8,ship,0.21764659746869483,8,ship,0.7997797647205815
train_03213,4,deer,4,deer,0.9837475659228191,4,deer,0.9978427276294146,4,deer,0.33713656374329926,4,deer,0.9986628539966993
train_03214,9,truck,9,truck,0.9919983474798252,9,truck,0.9988421709792114,9,truck,0.3528301734695183,9,truck,0.9886053825380142
train_03215,8,ship,8,ship,0.9984087164083459,8,ship,0.9999274170922149,8,ship,0.4896688954233709,8,ship,0.9962274970571329
train_03216,5,dog,5,dog,0.9971131481323404,5,dog,0.9863523846894525,5,dog,0.32938171203577127,5,dog,0.9821523030170164
train_03218,8,ship,8,ship,0.9807616516513751,8,ship,0.9905889776797777,8,ship,0.43490098205816535,8,ship,0.9969672295713896
train_03219,0,airplane,0,airplane,0.914296954648151,0,airplane,0.9314949721063175,0,airplane,0.2762923644523069,0,airplane,0.8210856054816622
train_03220,3,cat,3,cat,0.9909166374619416,3,cat,0.9997279427918655,3,cat,0.27529842613788624,3,cat,0.9471025036714117
train_03221,2,car,2,car,0.9862127383496722,2,car,0.9928443803175291,2,car,0.307535210542779,2,car,0.9788563022193164
train_03223,8,ship,8,ship,0.9453232615342925,8,ship,0.988386375130108,8,ship,0.39717622985318757,8,ship,0.9841654907012009
train_03225,8,ship,8,ship,0.9517483446868794,8,ship,0.9937095418788979,8,ship,0.32843230455433436,8,ship,0.9958268752704721
train_03226,2,car,2,car,0.976160922752207,2,car,0.9998121092997615,2,car,0.32878156467802394,2,car,0.9684655766808312
train_03228,0,airplane,0,airplane,0.9743444676780597,0,airplane,0.9996611967545028,0,airplane,0.42284051388308785,0,airplane,0.9858495438576742
train_03229,3,cat,3,cat,0.993830303520767,3,cat,0.9962155653252863,3,cat,0.27710868804978883,3,cat,0.9721679657626708
train_03230,4,deer,4,deer,0.9802554501867959,4,deer,0.9989570676707686,4,deer,0.30317129199495857,4,deer,0.9928875857633385
train_03231,4,deer,4,deer,0.9634136303887498,4,deer,0.9949717638104982,4,deer,0.2629156861337946,4,deer,0.965007519937899
train_03233,0,airplane,0,airplane,0.9644885510289081,0,airplane,0.9979159469244355,0,airplane,0.3137877400666358,8,ship,0.5067212954308948
train_03234,0,airplane,0,airplane,0.9856049702547229,0,airplane,0.9998875706277558,0,airplane,0.4077220292111745,0,airplane,0.9420415393513085
train_03235,2,car,2,car,0.9814130424357329,2,car,0.9748195019158374,2,car,0.39651354676354383,2,car,0.9945253720738367
train_03237,9,truck,9,truck,0.9816820848610562,9,truck,0.945304994667187,9,truck,0.26568908499315275,9,truck,0.9598471229054039
train_03238,6,horse,6,horse,0.9963664184803805,6,horse,0.9986292392521525,6,horse,0.39023295978103917,6,horse,0.994049313165055
train_03239,7,monkey,7,monkey,0.9776057211952447,7,monkey,0.9997476255293711,7,monkey,0.35348355314870195,7,monkey,0.999732211554628
train_03240,0,airplane,0,airplane,0.950089084428432,0,airplane,0.9892455474967948,0,airplane,0.3742810965964988,0,airplane,0.8055851818416228
train_03241,3,cat,3,cat,0.9871612980931127,3,cat,0.9999553282416618,3,cat,0.32274307857517315,3,cat,0.9067812641107196
train_03242,2,car,2,car,0.9938879491725394,2,car,0.9999922467316861,2,car,0.40941206519524825,2,car,0.9102844651645324
train_03243,2,car,2,car,0.9983117122248718,2,car,0.999929387744516,2,car,0.36563169170125437,2,car,0.9974415701000522
train_03244,7,monkey,7,monkey,0.9729451553475701,7,monkey,0.9786498589789865,7,monkey,0.3929662611823115,7,monkey,0.9995642711743361
train_03245,5,dog,5,dog,0.9971498090622286,5,dog,0.9897513581307671,5,dog,0.31248185264585693,5,dog,0.960481796932892
train_03246,3,cat,3,cat,0.9300375686756467,3,cat,0.8930549161646215,3,cat,0.23464324223257021,3,cat,0.9598276278188278
train_03247,0,airplane,0,airplane,0.9821149122460834,0,airplane,0.9998302395758296,0,airplane,0.37798695222178824,0,airplane,0.9659314107372771
train_03248,1,bird,1,bird,0.9968101724025601,1,bird,0.9492856115479895,1,bird,0.32037827604311797,1,bird,0.9982313987018445
train_03249,1,bird,1,bird,0.9583566275669632,1,bird,0.7841880113615283,1,bird,0.32185526682011345,1,bird,0.9784540015040912
train_03251,6,horse,6,horse,0.9711552286719422,6,horse,0.9954536744971577,6,horse,0.39227763271971106,6,horse,0.9959468147271981
train_03253,2,car,2,car,0.972512154629653,2,car,0.9966275643307397,2,car,0.38459546575474257,2,car,0.9777922845838534
train_03254,5,dog,5,dog,0.9471461748025304,5,dog,0.9974277924140665,5,dog,0.31876875255477116,5,dog,0.8160491045518792
train_03255,5,dog,5,dog,0.9912212992371218,5,dog,0.9968694883968445,5,dog,0.3596065173232747,5,dog,0.9293511509129615
train_03256,0,airplane,0,airplane,0.9478780797614227,0,airplane,0.9696262735434336,0,airplane,0.33853678051684283,0,airplane,0.9166848473055617
train_03257,6,horse,6,horse,0.9514930966258904,6,horse,0.9950280295525291,6,horse,0.3183640359074863,6,horse,0.9503421769457899
train_03258,1,bird,1,bird,0.9336828107592866,1,bird,0.9991208957712927,1,bird,0.29475764013346506,1,bird,0.984996518958759
train_03259,0,airplane,0,airplane,0.9841760258620513,0,airplane,0.9985898145494734,0,airplane,0.41207183722491797,0,airplane,0.9947716809112004
train_03260,5,dog,5,dog,0.9882032638106177,5,dog,0.9989132272279415,5,dog,0.3603534904964744,5,dog,0.9786720358911773
train_03262,5,dog,5,dog,0.9910521458050849,5,dog,0.9897828960440921,5,dog,0.3239550694636086,5,dog,0.9786542333086289
train_03263,7,monkey,7,monkey,0.9563839034425407,7,monkey,0.996311658424897,7,monkey,0.43091953306344094,7,monkey,0.9994582606212699
train_03264,9,truck,9,truck,0.9576757558958828,9,truck,0.9514856304963665,9,truck,0.22140915879279807,9,truck,0.5284887625464563
train_03265,7,monkey,7,monkey,0.971003932293619,7,monkey,0.9993833095786667,7,monkey,0.3002049366156987,7,monkey,0.9989692274262733
train_03266,8,ship,8,ship,0.9966430443928089,8,ship,0.9975301119117531,8,ship,0.47293766075111504,8,ship,0.9974519357505515
train_03267,0,airplane,0,airplane,0.942450385049185,0,airplane,0.998346162181532,0,airplane,0.28410930048842625,0,airplane,0.7342604671262716
train_03268,6,horse,6,horse,0.9973341422829893,6,horse,0.9993666416318625,6,horse,0.3837100693734825,6,horse,0.9987780366017572
train_03269,7,monkey,7,monkey,0.9567750854595103,7,monkey,0.9988260882610022,7,monkey,0.2798637953916571,7,monkey,0.9898157153333313
train_03270,1,bird,1,bird,0.9889397244009872,1,bird,0.999747738406635,1,bird,0.3041885843652026,1,bird,0.9761488171721177
train_03271,1,bird,1,bird,0.9358684690786622,1,bird,0.9944894433718237,1,bird,0.3200344883142686,1,bird,0.9830515081430715
train_03272,9,truck,9,truck,0.955619719070402,9,truck,0.9928835127629425,9,truck,0.4190664871765976,9,truck,0.9884606221520096
train_03273,7,monkey,7,monkey,0.9926658845337742,7,monkey,0.9477219233568199,7,monkey,0.26683736525419016,7,monkey,0.8260287931868598
train_03274,2,car,2,car,0.9529584358479483,2,car,0.9994386390016181,2,car,0.329722403690409,2,car,0.9937756464250436
train_03275,8,ship,8,ship,0.9721941488276229,8,ship,0.996513780920501,8,ship,0.41775932110267056,8,ship,0.9818337203094856
train_03276,9,truck,9,truck,0.9729674296233175,9,truck,0.9987485226729139,9,truck,0.372909303505138,9,truck,0.9961696736219465
train_03278,7,monkey,7,monkey,0.9620627944137263,7,monkey,0.996397816747787,7,monkey,0.39850254214777625,7,monkey,0.999872023313716
train_03279,4,deer,4,deer,0.9766217806493662,4,deer,0.9988687726293433,4,deer,0.3724288848490503,4,deer,0.9939075777173916
train_03280,0,airplane,0,airplane,0.9563596523542376,0,airplane,0.997622040823805,0,airplane,0.3398597856853377,0,airplane,0.8367564322909946
train_03281,9,truck,9,truck,0.9850987621934668,9,truck,0.9918652357743558,9,truck,0.2729672746437531,9,truck,0.8220194393300293
train_03282,1,bird,1,bird,0.853597710703669,1,bird,0.9988637311100154,1,bird,0.4179929972817599,1,bird,0.9990069002497031
train_03284,0,airplane,0,airplane,0.8944929042953621,0,airplane,0.9956486518787514,0,airplane,0.33581853397899225,0,airplane,0.9706144068048049
train_03285,7,monkey,7,monkey,0.9508456730719116,7,monkey,0.9951916561090446,7,monkey,0.41931504709037876,7,monkey,0.9997408728222466
train_03286,8,ship,8,ship,0.9786791905219594,8,ship,0.999970086303089,8,ship,0.48263769293434755,8,ship,0.9989625211419683
train_03287,2,car,2,car,0.9974760626902626,2,car,0.9971283772604931,2,car,0.31041105070530833,2,car,0.9959546490250233
train_03288,2,car,2,car,0.9745871754940962,2,car,0.9975866658037637,2,car,0.22662245267629424,2,car,0.8748093815032102
train_03289,2,car,2,car,0.9960057074348849,2,car,0.9999599669890186,2,car,0.4632434070534123,2,car,0.9958184816333988
train_03290,9,truck,9,truck,0.9929301089729736,9,truck,0.9928961150076183,9,truck,0.26234032562509896,9,truck,0.9132398617593597
train_03291,9,truck,9,truck,0.9974860931442784,9,truck,0.9964767199949423,9,truck,0.23055536548343936,9,truck,0.8017755314139183
train_03292,3,cat,3,cat,0.8556812105914101,3,cat,0.9987021824572904,3,cat,0.207598858354046,3,cat,0.5143698607713546
train_03293,1,bird,1,bird,0.9989992191473868,1,bird,0.9998989340837507,1,bird,0.3869006531763512,1,bird,0.995162769391888
train_03295,1,bird,1,bird,0.6285311407926809,1,bird,0.7522717828092808,1,bird,0.2509957211007373,1,bird,0.9845795158296466
train_03296,7,monkey,7,monkey,0.9725917109474284,7,monkey,0.9952305070872639,7,monkey,0.34329118193245345,7,monkey,0.9991360649503287
train_03297,0,airplane,0,airplane,0.9920744098693252,0,airplane,0.9993953778532718,0,airplane,0.34314416175923923,0,airplane,0.9162380440617285
train_03298,2,car,2,car,0.9393578869254045,2,car,0.9965621817924744,2,car,0.3736609405590383,2,car,0.9831658534102505
train_03299,1,bird,1,bird,0.9548765476319444,1,bird,0.9989062798685252,1,bird,0.3667018899751331,1,bird,0.9967765163256763
train_03301,5,dog,5,dog,0.9334650965084514,5,dog,0.9962309555479051,5,dog,0.28415097749728047,5,dog,0.9806757002524912
train_03302,7,monkey,7,monkey,0.9868776008631714,7,monkey,0.9981684667562076,7,monkey,0.36376480091635693,7,monkey,0.9971982401147853
train_03304,8,ship,8,ship,0.9948698748407372,8,ship,0.9995902561472813,8,ship,0.4962073384526156,8,ship,0.9964753325421044
train_03305,4,deer,4,deer,0.9703379667871516,4,deer,0.9958647416501197,4,deer,0.4217027748064847,4,deer,0.9910066060186952
train_03306,9,truck,9,truck,0.9968572331747751,9,truck,0.9991754398480726,9,truck,0.3672962235538129,9,truck,0.9799169676099664
train_03307,4,deer,4,deer,0.8639232276550105,4,deer,0.996960675129427,4,deer,0.37690436930348675,4,deer,0.9991061805645545
train_03308,6,horse,6,horse,0.9656935220527928,6,horse,0.9840774996617491,6,horse,0.34376579088059117,6,horse,0.9756891973501525
train_03309,9,truck,9,truck,0.9943903254304067,9,truck,0.9997728445695401,9,truck,0.40331859676304394,9,truck,0.9961467812506986
train_03310,7,monkey,7,monkey,0.9841825088278349,7,monkey,0.9896032468179817,7,monkey,0.3136090513629243,7,monkey,0.9797408117557839
train_03311,2,car,2,car,0.9994580706176406,2,car,0.9999816077371572,2,car,0.33653656683074745,2,car,0.9943183147778024
train_03312,3,cat,3,cat,0.9867610661091928,3,cat,0.9947677773708693,3,cat,0.2737222491302045,3,cat,0.9791129776862029
train_03315,3,cat,3,cat,0.981789884174662,3,cat,0.789831715752386,3,cat,0.26873268174274545,3,cat,0.9688778777598545
train_03316,9,truck,9,truck,0.8814450556118161,9,truck,0.923139595953839,9,truck,0.2145825555453481,9,truck,0.780168706115159
train_03317,5,dog,5,dog,0.9831100293944026,5,dog,0.8482048524829746,5,dog,0.2594930354240631,5,dog,0.9581861892799567
train_03318,9,truck,9,truck,0.9606355052329784,9,truck,0.9960364522159778,9,truck,0.3256220385650485,9,truck,0.9845880295485178
train_03319,7,monkey,7,monkey,0.9868844854432436,7,monkey,0.9991026386783521,7,monkey,0.37884560473451406,7,monkey,0.9992336715043522
train_03320,6,horse,6,horse,0.7780716430716088,6,horse,0.6757789205661564,7,monkey,0.19360436405866482,1,bird,0.40075470278777864
train_03321,3,cat,3,cat,0.9999204030010195,3,cat,0.9993896406784166,3,cat,0.30338679675482066,3,cat,0.9729284631648859
train_03322,6,horse,6,horse,0.9980133297912784,6,horse,0.9977297237862298,6,horse,0.37747037703121444,6,horse,0.9991123224402587
train_03325,2,car,2,car,0.9930541764077497,2,car,0.9970476814294645,2,car,0.2450934081065158,2,car,0.9248875536481478
train_03326,1,bird,1,bird,0.951027894219846,1,bird,0.9942168538753284,1,bird,0.39404297206761807,1,bird,0.9979299786934712
train_03327,5,dog,5,dog,0.9256864810076008,5,dog,0.9583592610741403,5,dog,0.2812063515535633,5,dog,0.614680964441452
train_03330,1,bird,1,bird,0.8316852783833827,1,bird,0.9926043905963169,1,bird,0.22831824375739465,1,bird,0.9853249984115016
train_03331,7,monkey,7,monkey,0.9915407460355742,7,monkey,0.9998925964057018,7,monkey,0.34858694239061766,7,monkey,0.9817318206627181
train_03332,0,airplane,0,airplane,0.9970546814117891,0,airplane,0.9973604771140082,0,airplane,0.39743290840189494,0,airplane,0.971975946669259
train_03333,1,bird,1,bird,0.9918901786633774,1,bird,0.9984509065842995,1,bird,0.26749019865672063,1,bird,0.9890763171168511
train_03335,8,ship,8,ship,0.9858631641363965,8,ship,0.9977868439780885,8,ship,0.45409855061795856,8,ship,0.9984483641416302
train_03336,3,cat,3,cat,0.9799343294192582,3,cat,0.9995905116844812,3,cat,0.38001877987402394,3,cat,0.9267046848112541
train_03337,6,horse,6,horse,0.872925854022816,6,horse,0.9969288945994609,6,horse,0.28644272157774275,6,horse,0.9448838957655031
train_03339,9,truck,9,truck,0.9343493342740015,9,truck,0.9980151745219241,9,truck,0.3004936925124919,9,truck,0.977490856927031
train_03340,2,car,2,car,0.9796174354968398,2,car,0.9998476437302533,2,car,0.4151119146539865,2,car,0.9873382493570985
train_03341,0,airplane,0,airplane,0.9897913550545079,0,airplane,0.9994581176514915,0,airplane,0.29180651669582114,0,airplane,0.87194552204268
train_03342,7,monkey,7,monkey,0.9224734234518921,7,monkey,0.9580324642723347,7,monkey,0.4027823322251037,7,monkey,0.9990745787893721
train_03345,2,car,2,car,0.942002735631064,2,car,0.999899951474278,2,car,0.3230239174571304,2,car,0.9704049251514445
train_03346,4,deer,4,deer,0.9931644207993613,4,deer,0.9994725830523088,4,deer,0.4258972526075972,4,deer,0.999036141498244
train_03348,7,monkey,7,monkey,0.9590739216248876,7,monkey,0.9100625002466753,7,monkey,0.3760067451489497,7,monkey,0.9991940707580712
train_03349,5,dog,5,dog,0.9992542434660089,5,dog,0.9997684266376602,5,dog,0.3333547754907016,5,dog,0.9714554414320338
train_03350,5,dog,5,dog,0.9966593364463593,5,dog,0.9746896451397482,5,dog,0.30581707209582,5,dog,0.88182302768048
train_03352,1,bird,1,bird,0.9473327006783533,1,bird,0.9719452731846296,1,bird,0.236767629303141,1,bird,0.9919258660938111
train_03353,8,ship,8,ship,0.9953188207793947,8,ship,0.9997093758018762,8,ship,0.48218599310143356,8,ship,0.9944056490951435
train_03355,6,horse,6,horse,0.9850732912480789,6,horse,0.9915388088398386,6,horse,0.2594463204841453,6,horse,0.945485460321599
train_03356,0,airplane,0,airplane,0.9946649344369781,0,airplane,0.9995411730983924,0,airplane,0.40648188798181706,0,airplane,0.9776197637017475
train_03357,6,horse,6,horse,0.9984751012854554,6,horse,0.9986919533182864,6,horse,0.3699420497424746,6,horse,0.9947465528467806
train_03358,1,bird,1,bird,0.9332493856380372,1,bird,0.7741942429039014,1,bird,0.23726371194366874,1,bird,0.9892161626444476
train_03359,1,bird,1,bird,0.9590549880284389,1,bird,0.9986930605183384,1,bird,0.21643272862088675,1,bird,0.94402285737175
train_03360,9,truck,9,truck,0.9751939812270964,9,truck,0.9976365788674285,9,truck,0.36303619072906357,9,truck,0.9906544719347787
train_03362,6,horse,6,horse,0.9847143027396549,6,horse,0.9981128168932385,6,horse,0.3123295254880939,6,horse,0.9950926307442982
train_03363,1,bird,1,bird,0.9905826498255088,1,bird,0.9999033814379632,1,bird,0.4027851891497724,1,bird,0.9992727673968282
train_03364,6,horse,6,horse,0.9968800200646857,6,horse,0.9997614927058095,6,horse,0.3398140378360876,6,horse,0.9955151649458859
train_03366,7,monkey,7,monkey,0.9801269425131554,7,monkey,0.9883129862636539,7,monkey,0.30982011997134584,7,monkey,0.9991302622916618
train_03367,6,horse,6,horse,0.9995005314105955,6,horse,0.9990544118592631,6,horse,0.3773931283297221,6,horse,0.9945343662844017
train_03368,2,car,2,car,0.9750741278384606,2,car,0.9956454838455159,2,car,0.3510156952676729,2,car,0.9803573586151184
train_03369,6,horse,6,horse,0.9989870166380568,6,horse,0.9978339588634149,6,horse,0.29882449334163247,6,horse,0.9992575978804797
train_03370,5,dog,5,dog,0.9933550782853048,5,dog,0.9983528516208331,5,dog,0.36176875612791615,5,dog,0.9738728149157272
train_03371,2,car,2,car,0.9912403126030057,2,car,0.9992676057839517,2,car,0.3282008738122051,2,car,0.9274058158255646
train_03372,2,car,2,car,0.9884164279135118,2,car,0.9998489400251112,2,car,0.35990942948624144,2,car,0.9699980733358645
train_03373,0,airplane,0,airplane,0.9770154437776608,0,airplane,0.9987001075476535,0,airplane,0.3687308454820997,0,airplane,0.9491026326391032
train_03374,4,deer,4,deer,0.9774339433517194,4,deer,0.9999028844419425,4,deer,0.4136976916233,4,deer,0.9985546367987448
train_03375,1,bird,1,bird,0.9742564429969381,1,bird,0.9941778426337815,1,bird,0.1934633783433972,1,bird,0.951052480602605
train_03377,2,car,2,car,0.9882665432754543,2,car,0.996406960654218,2,car,0.29764473922754775,2,car,0.9812747890644511
train_03380,4,deer,4,deer,0.9734238632566569,4,deer,0.9985560146992315,4,deer,0.39659815323779773,4,deer,0.9958727703432133
train_03381,2,car,2,car,0.995753892359234,2,car,0.9993212805633624,2,car,0.34485674825498197,2,car,0.9828020459477967
train_03382,7,monkey,7,monkey,0.9671012685178223,7,monkey,0.9991574144313815,7,monkey,0.39602221105679036,7,monkey,0.9996447947723015
train_03383,2,car,2,car,0.9816650965094126,2,car,0.9855073411927948,2,car,0.26690289545348317,2,car,0.8889763032470918
train_03384,9,truck,9,truck,0.997032184543746,9,truck,0.9982760790745494,9,truck,0.255449058155224,9,truck,0.8307692051334834
train_03385,7,monkey,7,monkey,0.9945024517186608,7,monkey,0.9990544294219774,7,monkey,0.4531421894289925,7,monkey,0.9997375700725202
train_03387,2,car,2,car,0.9951641047805371,2,car,0.9989031743974868,2,car,0.28230803370301083,2,car,0.9758886843952014
train_03388,6,horse,6,horse,0.8876578606955191,6,horse,0.9975562869341809,6,horse,0.31957855919514905,6,horse,0.9870658518274618
train_03389,8,ship,8,ship,0.9977431825020407,8,ship,0.9998580190919074,8,ship,0.4813484842529536,8,ship,0.9966363908209249
train_03390,4,deer,4,deer,0.8646136509267807,4,deer,0.9958531615727579,4,deer,0.2966133345416168,4,deer,0.9984425460460951
train_03392,7,monkey,7,monkey,0.9723346105910421,7,monkey,0.9972688043660576,7,monkey,0.34417332240109194,7,monkey,0.9998108578198229
train_03393,7,monkey,7,monkey,0.9693565611896298,7,monkey,0.9995333346974598,7,monkey,0.2899555413525427,7,monkey,0.9967562325467201
train_03394,7,monkey,7,monkey,0.9591294264322184,7,monkey,0.9980085427557299,7,monkey,0.3190317591864665,7,monkey,0.9958892753468264
train_03395,0,airplane,0,airplane,0.8737128009465388,0,airplane,0.9402286630736679,0,airplane,0.3768959955772779,0,airplane,0.8366701563586721
train_03396,1,bird,1,bird,0.9997046956035082,1,bird,0.9995808804105639,1,bird,0.3277827749565575,1,bird,0.996249555471876
train_03397,8,ship,8,ship,0.9574877543633503,8,ship,0.9990769475877267,8,ship,0.39770595990395496,8,ship,0.9961591973097392
train_03399,8,ship,8,ship,0.9918204677647393,8,ship,0.9995327749878503,8,ship,0.4374387721454868,8,ship,0.9981822364513864
train_03402,5,dog,5,dog,0.9417196436385108,5,dog,0.9931138820477573,5,dog,0.30434578616277647,5,dog,0.4878328867378985
train_03404,1,bird,1,bird,0.9921603713902606,1,bird,0.9998190312590682,1,bird,0.3951143544814738,1,bird,0.9974392820759426
train_03405,7,monkey,7,monkey,0.9536834903481968,7,monkey,0.9985129035401737,7,monkey,0.3979039397177004,7,monkey,0.9997779623952081
train_03407,6,horse,6,horse,0.9651312372966235,6,horse,0.9360897839938602,6,horse,0.287692070166239,6,horse,0.996951692492835
train_03408,6,horse,6,horse,0.7906400037411347,6,horse,0.8480828370347475,6,horse,0.13897026865880444,2,car,0.37004009540229454
train_03410,8,ship,8,ship,0.7988931533194368,8,ship,0.9912535581571112,8,ship,0.3645876484260491,8,ship,0.9963551030586366
train_03411,4,deer,4,deer,0.9770121832749286,4,deer,0.999620699002402,4,deer,0.35090013712520357,4,deer,0.9966482125184067
train_03412,3,cat,3,cat,0.9545471583872369,3,cat,0.9625421867255247,3,cat,0.2870620985540021,3,cat,0.5383143426927212
train_03414,5,dog,5,dog,0.9644934886378873,5,dog,0.9998627461781672,5,dog,0.3189460554924658,5,dog,0.9800754434813187
train_03415,1,bird,1,bird,0.8851559369841997,1,bird,0.9138991110857377,1,bird,0.22295404675373726,1,bird,0.987053387000775
train_03416,3,cat,3,cat,0.9663454178439844,3,cat,0.9999688470388537,3,cat,0.30741276424721165,3,cat,0.9787784682708598
train_03417,9,truck,9,truck,0.9904236498222005,9,truck,0.998952632209785,9,truck,0.4058634057240905,9,truck,0.9943799887774187
train_03418,8,ship,8,ship,0.9505356630119247,8,ship,0.9483869487930751,8,ship,0.2615637696362671,8,ship,0.9948262424601871
train_03419,6,horse,6,horse,0.9998322030633977,6,horse,0.9987013680715915,6,horse,0.32165145606537876,6,horse,0.9838790252066921
train_03420,6,horse,6,horse,0.9488296658885578,6,horse,0.9997944905222859,6,horse,0.3585091217178776,6,horse,0.9974859096375812
train_03421,2,car,2,car,0.9922227541610555,2,car,0.998478920695346,2,car,0.3185318898445924,2,car,0.9493805463698576
train_03422,4,deer,4,deer,0.5739399737160905,4,deer,0.8578452320502405,5,dog,0.18638087225097288,6,horse,0.5166934936008
train_03423,7,monkey,7,monkey,0.9982091102601958,7,monkey,0.9979157234427755,7,monkey,0.3080283413985141,7,monkey,0.9808640841908228
train_03424,0,airplane,0,airplane,0.9966152186178588,0,airplane,0.9999502762179504,0,airplane,0.38596172650924077,0,airplane,0.9752964560066809
train_03425,7,monkey,7,monkey,0.9478968328141232,7,monkey,0.9931731667550635,7,monkey,0.36093609105136315,7,monkey,0.9905576000573917
train_03428,3,cat,3,cat,0.9345834842813762,3,cat,0.9894020497466101,3,cat,0.3619434563715171,3,cat,0.7683638734641154
train_03429,7,monkey,7,monkey,0.9914705585540011,7,monkey,0.9985858201110311,7,monkey,0.3983736106801258,7,monkey,0.99948760869455
train_03430,9,truck,9,truck,0.9923171345945624,9,truck,0.997363277020644,9,truck,0.3514623625611526,9,truck,0.9792401644755419
train_03431,7,monkey,7,monkey,0.9447852475054349,7,monkey,0.9978995666166826,7,monkey,0.39795648002581885,7,monkey,0.9994984231261663
train_03434,2,car,2,car,0.9821973985728016,2,car,0.9997194728313702,2,car,0.2508729035286629,2,car,0.5963537736268173
train_03435,9,truck,9,truck,0.9593069393189113,9,truck,0.9975700551975252,9,truck,0.3076175773984175,9,truck,0.9851001607101596
train_03436,0,airplane,0,airplane,0.9822410479137712,0,airplane,0.9991470193813536,0,airplane,0.3627776243876672,0,airplane,0.9063061792458547
train_03438,0,airplane,0,airplane,0.9548421269149112,0,airplane,0.9971157345323352,0,airplane,0.3272371891870542,0,airplane,0.907809479293943
train_03439,4,deer,4,deer,0.8740543261087017,4,deer,0.9973972876703273,4,deer,0.4193221186515275,4,deer,0.99667336650582
train_03440,4,deer,4,deer,0.9306154947232863,4,deer,0.9985096737604995,4,deer,0.27481401303256703,4,deer,0.9963890980356254
train_03441,4,deer,4,deer,0.9731341932164874,4,deer,0.9997701439993433,4,deer,0.4245938926986975,4,deer,0.9989318206524632
train_03442,7,monkey,7,monkey,0.9731939156445538,7,monkey,0.9932779895344381,7,monkey,0.4022106553041895,7,monkey,0.9996787417841743
train_03443,7,monkey,7,monkey,0.9840663968238245,7,monkey,0.9999185110739082,7,monkey,0.3523627871493317,7,monkey,0.9997570668427237
train_03444,9,truck,9,truck,0.9807788074068764,9,truck,0.9989130626022596,9,truck,0.3458569975505421,9,truck,0.9754989904696877
train_03445,8,ship,8,ship,0.9563883148252914,8,ship,0.996889566255415,8,ship,0.24226926614388128,8,ship,0.8953063151660794
train_03446,2,car,2,car,0.9951238100730849,2,car,0.9991477741721646,2,car,0.25674094618450916,2,car,0.901036397874944
train_03447,0,airplane,0,airplane,0.9943343998593497,0,airplane,0.9999449766468901,0,airplane,0.41406161729807944,0,airplane,0.9672952073142446
train_03449,1,bird,1,bird,0.9977254193632491,1,bird,0.9998509659630807,1,bird,0.3894783341946467,1,bird,0.9982081211898481
train_03450,2,car,2,car,0.9590843468860303,2,car,0.9965048928149435,2,car,0.4113533096105865,2,car,0.9865123425474999
train_03451,3,cat,3,cat,0.9953563427377462,3,cat,0.9994422629318341,3,cat,0.20699966760318192,4,deer,0.6594316065820981
train_03454,9,truck,9,truck,0.8905213146252184,9,truck,0.9794071879883484,9,truck,0.1946603744387029,9,truck,0.5997635319356737
train_03455,3,cat,3,cat,0.9711338262325704,3,cat,0.9991550030853789,3,cat,0.2764970432884182,3,cat,0.968908695877497
train_03456,9,truck,9,truck,0.9907736378505588,9,truck,0.9999697123856967,9,truck,0.377886084827792,9,truck,0.9871972240871069
train_03457,8,ship,8,ship,0.9906490952310703,8,ship,0.9996617677217156,8,ship,0.3837220412564634,8,ship,0.9990184139107754
train_03458,6,horse,6,horse,0.9946330069279292,6,horse,0.9992623763607312,6,horse,0.39155752027205604,6,horse,0.9957984120259653
train_03459,3,cat,3,cat,0.9592665258124412,3,cat,0.9978771414300464,3,cat,0.267631199601986,4,deer,0.8832855880852857
train_03460,2,car,2,car,0.9869107567586008,2,car,0.9998415492856084,2,car,0.3873188085807598,2,car,0.996224956618444
train_03461,3,cat,3,cat,0.9846497133152774,3,cat,0.9960928845158947,3,cat,0.2722496056655674,3,cat,0.9390113321677634
train_03462,8,ship,8,ship,0.9827171433408283,8,ship,0.9954528406994002,8,ship,0.3638457103292782,8,ship,0.9985555111146277
train_03463,3,cat,3,cat,0.8254190682134205,3,cat,0.9519665522019559,3,cat,0.2624170991349411,3,cat,0.9444638193523012
train_03464,9,truck,9,truck,0.9571269142151206,9,truck,0.9992324574913706,9,truck,0.40435470323391826,9,truck,0.9922333559498624
train_03465,3,cat,3,cat,0.9900186114192282,3,cat,0.9999821468532359,3,cat,0.36320189546407466,3,cat,0.8964765833444135
train_03467,2,car,2,car,0.9671780949533819,2,car,0.9956013968689921,2,car,0.35077721858835137,2,car,0.9871485140976631
train_03468,3,cat,3,cat,0.9211837406192538,3,cat,0.9997294277483055,5,dog,0.23328703640669177,3,cat,0.8319691528474004
train_03469,0,airplane,0,airplane,0.9966561117214211,0,airplane,0.9998684245064979,0,airplane,0.3917823338441713,0,airplane,0.9668999570108927
train_03470,0,airplane,0,airplane,0.9794225803492541,0,airplane,0.9907751845896852,0,airplane,0.33747691321707624,0,airplane,0.9135224215141483
train_03471,9,truck,9,truck,0.9675312633396478,9,truck,0.999087508257956,9,truck,0.3978268291166164,9,truck,0.9911078446120009
train_03473,6,horse,6,horse,0.9337168727764852,6,horse,0.9998351535199306,6,horse,0.33479455810771686,6,horse,0.9992793779394856
train_03474,1,bird,1,bird,0.9389903884025151,1,bird,0.99239422237308,1,bird,0.2142810414692106,1,bird,0.9549397535988745
train_03476,9,truck,9,truck,0.9798603482160325,9,truck,0.9995377007162218,9,truck,0.35990564825413857,9,truck,0.9962168101853857
train_03477,5,dog,5,dog,0.8493245658472894,5,dog,0.8613370593526887,5,dog,0.322055063873883,5,dog,0.965842725226582
train_03478,5,dog,5,dog,0.9197325758407647,5,dog,0.9984694969457661,5,dog,0.31052374904454855,5,dog,0.9795084429086164
train_03479,0,airplane,0,airplane,0.9937455064953686,0,airplane,0.9912796451482008,0,airplane,0.40058483953536256,0,airplane,0.9901886406296743
train_03480,4,deer,4,deer,0.9839130462766958,4,deer,0.999637423516669,4,deer,0.4476510299319768,4,deer,0.9987533051344027
train_03481,0,airplane,0,airplane,0.9934369901780519,0,airplane,0.9985013583221214,0,airplane,0.42349895686444006,0,airplane,0.9178315222833194
train_03482,0,airplane,0,airplane,0.9913960365639339,0,airplane,0.9998180862533563,0,airplane,0.3604718018748524,0,airplane,0.9381559275298492
train_03483,8,ship,8,ship,0.9643527173560881,8,ship,0.998173639024363,8,ship,0.38733109354105644,8,ship,0.9978823681048565
train_03484,4,deer,4,deer,0.9644101479443693,4,deer,0.998402212879437,4,deer,0.31161135226214276,4,deer,0.9965955429216434
train_03485,2,car,2,car,0.9915419818570298,2,car,0.9982243286258614,2,car,0.38840856308571015,2,car,0.9756493362591326
train_03486,8,ship,8,ship,0.99712474479814,8,ship,0.9999555804773239,8,ship,0.3145255378907914,8,ship,0.9954177753142862
train_03487,8,ship,8,ship,0.9935186083368188,8,ship,0.9997551361436069,8,ship,0.42950871919585415,8,ship,0.9960695255972757
train_03488,6,horse,6,horse,0.9692240882562858,6,horse,0.9993362801588275,6,horse,0.34489634323048884,6,horse,0.9983313952376226
train_03489,4,deer,4,deer,0.944403856976934,4,deer,0.995433994783335,4,deer,0.3899184120355606,4,deer,0.9995430953192614
train_03491,7,monkey,7,monkey,0.9433918699782221,7,monkey,0.9959353974624253,7,monkey,0.19114552626289613,4,deer,0.27872219542174853
train_03493,6,horse,6,horse,0.9725337541235135,6,horse,0.9668253813620626,6,horse,0.28571925604790704,6,horse,0.9977100913749289
train_03494,8,ship,8,ship,0.9955293722927692,8,ship,0.9999337558427863,8,ship,0.43745000661810846,8,ship,0.9985755861481681
train_03495,2,car,2,car,0.9727247501161671,2,car,0.9991149291969302,2,car,0.3727885511964063,2,car,0.9486994610846676
train_03496,8,ship,8,ship,0.9951196240246204,8,ship,0.9999490379901372,8,ship,0.4778915615488769,8,ship,0.9965970321949729
train_03497,3,cat,3,cat,0.9824779559638399,3,cat,0.9982430577699075,3,cat,0.29873246820851274,3,cat,0.7330095103541356
train_03498,9,truck,9,truck,0.938913872309711,9,truck,0.9722460440944877,9,truck,0.31543065763701067,9,truck,0.9797742257433586
train_03500,4,deer,4,deer,0.9656546879968917,4,deer,0.9538496365766121,4,deer,0.40620618846000445,4,deer,0.99960442528788
train_03502,4,deer,4,deer,0.9840756389453668,4,deer,0.9974171110386914,4,deer,0.4491748789588229,4,deer,0.9991212778193033
train_03503,6,horse,6,horse,0.9990773606619181,6,horse,0.9993788181289498,6,horse,0.3578254126509049,6,horse,0.9975231358591888
train_03504,1,bird,1,bird,0.9976964994852893,1,bird,0.9977491973584478,1,bird,0.3708788163477446,1,bird,0.9986866803049416
train_03506,0,airplane,0,airplane,0.9455645962757362,0,airplane,0.9961749651503827,0,airplane,0.35295728514803115,0,airplane,0.729567191421859
train_03507,9,truck,9,truck,0.9575826574260454,9,truck,0.9015881881282058,9,truck,0.26912875217801835,9,truck,0.9444282986203338
train_03508,6,horse,6,horse,0.9329115739292413,6,horse,0.9991482438246623,6,horse,0.34415648199090965,6,horse,0.9969152873811388
train_03509,0,airplane,0,airplane,0.9513501448534744,0,airplane,0.9972414632825846,0,airplane,0.37161726260178046,0,airplane,0.9571774926409474
train_03510,2,car,2,car,0.9988937791913947,2,car,0.9999350019353066,2,car,0.38292982912086604,2,car,0.9918314651185879
train_03511,2,car,2,car,0.9426874004804685,2,car,0.9989290389244214,2,car,0.3504712291199246,2,car,0.9469372463391836
train_03512,1,bird,1,bird,0.7174210573961183,1,bird,0.7536972708849823,1,bird,0.426859286767261,1,bird,0.9992491013048793
train_03513,8,ship,8,ship,0.9682168812469766,8,ship,0.9833126474736743,8,ship,0.3373862513043763,8,ship,0.9986498809091743
train_03514,3,cat,3,cat,0.9883276642167701,3,cat,0.9998920141466674,3,cat,0.29743733844950776,3,cat,0.544430998504008
train_03515,2,car,2,car,0.9419043127834333,2,car,0.9948323864209606,2,car,0.2775305282813725,2,car,0.9845473994546141
train_03516,9,truck,9,truck,0.9868326416356232,9,truck,0.9988814223716956,9,truck,0.3316460638221029,9,truck,0.9620045570077493
train_03517,1,bird,1,bird,0.9663289347417964,1,bird,0.997565710895902,1,bird,0.37392435338852903,1,bird,0.9980267208101699
train_03518,2,car,2,car,0.9928950480544928,2,car,0.9997495522081133,2,car,0.40112502776578757,2,car,0.9594515889791568
train_03519,6,horse,6,horse,0.9615519030447567,6,horse,0.9966308233330567,6,horse,0.4013860936365707,6,horse,0.9979835716352865
train_03520,6,horse,6,horse,0.9868249874483687,6,horse,0.9956742071354306,6,horse,0.3188916347921517,6,horse,0.9982348768270859
train_03521,6,horse,6,horse,0.9860325703960127,6,horse,0.9990524331300353,6,horse,0.29874377642635896,6,horse,0.9991865487429398
train_03522,1,bird,1,bird,0.9959753417551207,1,bird,0.9973776438006059,1,bird,0.2595992171203501,1,bird,0.9925251918541178
train_03523,9,truck,9,truck,0.9845216393004477,9,truck,0.9949853117336579,9,truck,0.37588302972011206,9,truck,0.9935525251636805
train_03524,5,dog,5,dog,0.9797828954890301,5,dog,0.9910813323650152,5,dog,0.3528627088305322,5,dog,0.9591492672590789
train_03525,9,truck,9,truck,0.9936392525238843,9,truck,0.9959085912352393,9,truck,0.3445312552584103,9,truck,0.987168002338683
train_03526,3,cat,3,cat,0.9783277221201293,3,cat,0.9884653543239194,3,cat,0.27725868823528554,3,cat,0.9743961480712071
train_03527,8,ship,8,ship,0.9967139667233678,8,ship,0.9990670500616714,8,ship,0.4293228771734728,8,ship,0.9964168874190674
train_03528,3,cat,3,cat,0.9982100172664401,3,cat,0.9997620665477674,3,cat,0.28795579873349486,3,cat,0.9658582301269151
train_03529,6,horse,6,horse,0.9740007255862645,6,horse,0.9926099639390344,6,horse,0.41871883631747536,6,horse,0.9990150771949194
train_03531,1,bird,1,bird,0.987713978435488,1,bird,0.7517594106219746,1,bird,0.2253752075470767,1,bird,0.9749831265514658
train_03532,9,truck,9,truck,0.9767045966761293,9,truck,0.999911905830932,9,truck,0.41627095121059315,9,truck,0.986871382628693
train_03533,1,bird,1,bird,0.9988797068810017,1,bird,0.9999110910698703,1,bird,0.30155760181489766,1,bird,0.9955761250843934
train_03534,2,car,2,car,0.9804142323093329,2,car,0.9968726195714902,2,car,0.37037901498303877,2,car,0.9642295196194991
train_03536,2,car,2,car,0.9929364350034138,2,car,0.9991716359558294,2,car,0.3875499098581388,2,car,0.9803457324179392
train_03537,3,cat,3,cat,0.8920515715037788,3,cat,0.9984499592220967,3,cat,0.3057948316136453,3,cat,0.9794619741980086
train_03538,7,monkey,7,monkey,0.9868662849476585,7,monkey,0.9972605581811772,7,monkey,0.237841766830727,7,monkey,0.974056788349454
train_03539,9,truck,9,truck,0.9860222399463271,9,truck,0.9974860019776629,9,truck,0.3876040988986803,9,truck,0.9922755321755162
train_03540,7,monkey,7,monkey,0.9801280123395013,7,monkey,0.9977998767032291,7,monkey,0.3304805177535632,7,monkey,0.9996232421539124
train_03541,4,deer,4,deer,0.9725881841653606,4,deer,0.9995525064449888,4,deer,0.35254003238523607,4,deer,0.9960081595320367
train_03542,2,car,2,car,0.9910790186506713,2,car,0.9995751414172006,2,car,0.40165382979578984,2,car,0.9744207635380988
train_03543,2,car,2,car,0.9806082223741067,2,car,0.9521677212582006,2,car,0.2544271678284845,2,car,0.8637597883218683
train_03544,8,ship,8,ship,0.9981290328349438,8,ship,0.999207366647609,8,ship,0.4258446973534278,8,ship,0.9922478807101353
train_03545,1,bird,1,bird,0.9090942358854796,1,bird,0.9025987937085622,1,bird,0.240239766630324,1,bird,0.9808645814459592
train_03546,2,car,2,car,0.9976678108440916,2,car,0.9988141030639315,2,car,0.2496598928544789,2,car,0.9664473093349688
train_03550,8,ship,8,ship,0.5835060975681534,8,ship,0.9683860831662738,8,ship,0.3252899302038275,8,ship,0.9948749230330783
train_03551,8,ship,8,ship,0.9902270583609578,8,ship,0.9999668687152758,8,ship,0.451802738941381,8,ship,0.9940812517254384
train_03552,0,airplane,0,airplane,0.8108659536885134,0,airplane,0.9954398966728301,0,airplane,0.27825799921122363,0,airplane,0.9028281458543854
train_03553,7,monkey,7,monkey,0.9811093835597549,7,monkey,0.9974037498290208,7,monkey,0.40145912476400014,7,monkey,0.9998349011858462
train_03554,8,ship,8,ship,0.991242116938401,8,ship,0.99977793460437,8,ship,0.4668855689349388,8,ship,0.99455519251168
train_03555,6,horse,6,horse,0.9399965176094308,6,horse,0.9990206932577712,6,horse,0.29251925262844325,6,horse,0.9989403731589254
train_03556,1,bird,1,bird,0.9186135064956691,1,bird,0.9412119533984674,1,bird,0.367541526657285,1,bird,0.9973678245912212
train_03558,7,monkey,7,monkey,0.9424225251158933,7,monkey,0.991615959944096,7,monkey,0.43370773987639727,7,monkey,0.9997774402343972
train_03559,8,ship,8,ship,0.5710602500183705,8,ship,0.9758719683010854,8,ship,0.17679849768162859,8,ship,0.866918742916256
train_03560,1,bird,1,bird,0.968540150329942,1,bird,0.9996608462940691,1,bird,0.4104821514966417,1,bird,0.9989246412467992
train_03561,1,bird,1,bird,0.9820419565200605,1,bird,0.9990389919298468,1,bird,0.2712880321188641,1,bird,0.9980148028337553
train_03562,6,horse,6,horse,0.9419947346032703,6,horse,0.9967203018160795,6,horse,0.3060188925095273,6,horse,0.8368779869932531
train_03563,7,monkey,7,monkey,0.9577176560879458,7,monkey,0.9979659225796166,1,bird,0.13401958073201042,1,bird,0.6693549373790477
train_03565,6,horse,6,horse,0.9910225734622701,6,horse,0.9988924841788742,6,horse,0.3415439891838742,6,horse,0.9982814320316201
train_03566,3,cat,3,cat,0.969085538206574,3,cat,0.9997766421077661,3,cat,0.3290302780464801,3,cat,0.8891039398963816
train_03567,8,ship,8,ship,0.9913483813446693,8,ship,0.9994354399429197,8,ship,0.4851327483926733,8,ship,0.9882972453213869
train_03569,1,bird,1,bird,0.8442012917884701,1,bird,0.9968651895411884,1,bird,0.2989525706472144,1,bird,0.9877138179005502
train_03570,2,car,2,car,0.9613073900600734,2,car,0.9939870823998873,2,car,0.327565239268805,2,car,0.9799602100911531
train_03571,6,horse,6,horse,0.8601362233274203,6,horse,0.9980346394765829,4,deer,0.22472820699416282,4,deer,0.7383353813133302
train_03572,5,dog,5,dog,0.9859965290231612,5,dog,0.9981395604202747,5,dog,0.2803245763747874,5,dog,0.913078842348812
train_03573,9,truck,9,truck,0.9868418791615177,9,truck,0.9979881348514177,9,truck,0.31866835884848116,9,truck,0.9484741627922195
train_03574,9,truck,9,truck,0.9798073813065342,9,truck,0.9917719605840144,9,truck,0.3484087518256537,9,truck,0.9879490271115359
train_03577,0,airplane,0,airplane,0.9986624659485144,0,airplane,0.9998122638099565,0,airplane,0.40617328940963715,0,airplane,0.9890406789098181
train_03578,9,truck,9,truck,0.9732087093522868,9,truck,0.9940140321020818,9,truck,0.36371818484107205,9,truck,0.959592091572474
train_03579,5,dog,5,dog,0.9862860255050211,5,dog,0.9982205765996623,5,dog,0.32829398012438854,5,dog,0.9810929728140378
train_03581,6,horse,6,horse,0.9986760194029976,6,horse,0.9996669909672394,6,horse,0.38172187290049897,6,horse,0.9941549601803146
train_03582,0,airplane,0,airplane,0.9110117474473388,0,airplane,0.9927899112335109,0,airplane,0.3502477268931259,0,airplane,0.9792193919602437
train_03583,1,bird,1,bird,0.8120987792166816,1,bird,0.9420145871514041,1,bird,0.4050118752892191,1,bird,0.9967739750070155
train_03584,5,dog,5,dog,0.8931366597854014,5,dog,0.9158096127529223,5,dog,0.31337604476612985,5,dog,0.9743373958018345
train_03585,5,dog,5,dog,0.9471110449561403,5,dog,0.9753334362771926,5,dog,0.28430479896935407,5,dog,0.9711897839237875
train_03586,4,deer,4,deer,0.9051662662450197,4,deer,0.9786143022170501,4,deer,0.23797760818883712,4,deer,0.7597756869194804
train_03587,4,deer,4,deer,0.6451011351327222,4,deer,0.9330967598784101,4,deer,0.23138352285113742,4,deer,0.8195643039563247
train_03588,0,airplane,0,airplane,0.9544936810308182,0,airplane,0.99560477935605,0,airplane,0.32429843392461094,0,airplane,0.9289089454858557
train_03592,2,car,2,car,0.9855945556385818,2,car,0.9996096449971813,2,car,0.3544647992366799,2,car,0.992728154638509
train_03593,2,car,2,car,0.9977869481814047,2,car,0.9998279380996347,2,car,0.37021084439543955,2,car,0.9949107574330948
train_03594,1,bird,1,bird,0.9528790010180179,1,bird,0.9968745789650996,1,bird,0.3275133395691181,1,bird,0.9966123727809861
train_03595,1,bird,1,bird,0.9761120324832879,1,bird,0.9715836867863111,1,bird,0.34814764102998813,1,bird,0.9964398867687638
train_03597,1,bird,1,bird,0.9020568061739354,1,bird,0.9669422140648785,1,bird,0.1664742181904333,1,bird,0.9491652715227308
train_03598,4,deer,4,deer,0.971500652913401,4,deer,0.9913398562096924,4,deer,0.4034026481932483,4,deer,0.9981856241130906
train_03599,3,cat,3,cat,0.9903875998353449,3,cat,0.9994410308780157,3,cat,0.3486184947171238,3,cat,0.5355735040313027
train_03600,7,monkey,7,monkey,0.9419089704008127,7,monkey,0.9897608484358636,7,monkey,0.25751044129775696,7,monkey,0.9481054869653667
train_03602,5,dog,5,dog,0.9664725412009657,5,dog,0.994885791645279,5,dog,0.3652592404413464,5,dog,0.9862664613456946
train_03603,0,airplane,0,airplane,0.9659665018862672,0,airplane,0.9998881088094331,0,airplane,0.3741506133447087,0,airplane,0.9763570832584484
train_03604,7,monkey,7,monkey,0.9928725827856949,7,monkey,0.9997188942313343,7,monkey,0.38608890953548836,7,monkey,0.9995758141244308
train_03605,5,dog,5,dog,0.9922547003719222,5,dog,0.9946791558994552,5,dog,0.3532208534215661,5,dog,0.9745704172726354
train_03606,3,cat,3,cat,0.9930547843367632,3,cat,0.9987246690507681,3,cat,0.2766914547733634,3,cat,0.950995497444855
train_03607,4,deer,4,deer,0.9836453444461104,4,deer,0.9994106791402197,4,deer,0.38568998626807255,4,deer,0.9996271829286517
train_03608,0,airplane,0,airplane,0.9965878514628488,0,airplane,0.9985946367372005,0,airplane,0.35465293401707665,0,airplane,0.9701161460351799
train_03609,7,monkey,7,monkey,0.9778616474635303,7,monkey,0.9967262557750668,7,monkey,0.3276619471578814,7,monkey,0.9917534596901787
train_03610,8,ship,8,ship,0.9879677822734346,8,ship,0.9909452022986787,8,ship,0.3984172982838229,8,ship,0.9968986117717571
train_03612,8,ship,8,ship,0.9744345998373444,8,ship,0.9987497102997988,8,ship,0.3691730225440805,8,ship,0.9961535395519076
train_03614,6,horse,6,horse,0.9868964208082875,6,horse,0.9962828154608868,6,horse,0.3094063761262186,6,horse,0.9850548217067031
train_03616,0,airplane,0,airplane,0.9737894952338758,0,airplane,0.9992901869905865,0,airplane,0.34100539431291615,0,airplane,0.8799568484819956
train_03617,6,horse,6,horse,0.9845076355315446,6,horse,0.9991877209337618,6,horse,0.3448264930013701,6,horse,0.9829003521701363
train_03618,0,airplane,0,airplane,0.9919694648758349,0,airplane,0.9975224979058174,0,airplane,0.3919654486388098,0,airplane,0.9677453137150528
train_03619,7,monkey,7,monkey,0.9629982985842576,7,monkey,0.9255062537394142,7,monkey,0.41126650155696626,7,monkey,0.9994909056174925
train_03620,8,ship,8,ship,0.9942387184157608,8,ship,0.9986142213310584,8,ship,0.38013198441907853,8,ship,0.9818827885901775
train_03621,8,ship,8,ship,0.9777831581212125,8,ship,0.9998875212658057,8,ship,0.4301616003424894,8,ship,0.99757653091282
train_03622,7,monkey,7,monkey,0.9876174411272706,7,monkey,0.9902500529657421,7,monkey,0.3357340074051146,7,monkey,0.9988235736326073
train_03623,6,horse,6,horse,0.8663790738896139,6,horse,0.9983818702559979,6,horse,0.37453445259492435,6,horse,0.9942645418531922
train_03624,7,monkey,7,monkey,0.9540469253365156,7,monkey,0.9980494810857847,7,monkey,0.3835053446545508,7,monkey,0.9991778642999153
train_03625,1,bird,1,bird,0.9869736782152302,1,bird,0.9998760317069716,1,bird,0.42813904666650826,1,bird,0.9984557664153619
train_03626,3,cat,3,cat,0.9739239501043293,3,cat,0.9882064567620272,3,cat,0.21795246996511078,7,monkey,0.8564982145188231
train_03627,1,bird,1,bird,0.9986914293350292,1,bird,0.9999600325170266,1,bird,0.42882446517409656,1,bird,0.9992393062750654
train_03628,6,horse,6,horse,0.9934771010936783,6,horse,0.9954613184597754,6,horse,0.2829797837075983,6,horse,0.9558884181378927
train_03629,4,deer,4,deer,0.7975408597836866,4,deer,0.9679946588798632,4,deer,0.27801710770067584,4,deer,0.9855701204598591
train_03630,7,monkey,7,monkey,0.9193615461295928,7,monkey,0.9970196630337094,7,monkey,0.40977847249697874,7,monkey,0.9988711174782805
train_03631,5,dog,5,dog,0.6610741456497008,5,dog,0.9865247728369365,4,deer,0.20884508216562336,4,deer,0.929055050374332
train_03632,1,bird,1,bird,0.997339915433592,1,bird,0.999361441137666,1,bird,0.350297316521682,1,bird,0.9950473514414951
train_03633,2,car,2,car,0.9981490158944324,2,car,0.9844682891970477,2,car,0.32698278194311886,2,car,0.9815361913002364
train_03634,9,truck,9,truck,0.9861206971511709,9,truck,0.998754980473047,9,truck,0.42210105238599815,9,truck,0.9947234010947836
train_03635,3,cat,3,cat,0.969855200567156,3,cat,0.995928828318417,3,cat,0.3386139335797693,3,cat,0.8911629232426842
train_03636,4,deer,4,deer,0.9607747974175179,4,deer,0.9925737941472065,4,deer,0.3390293820448081,4,deer,0.9967189730539794
train_03637,5,dog,5,dog,0.9433645162250976,5,dog,0.9975794554412893,5,dog,0.32058225994682427,5,dog,0.9501479657839057
train_03638,9,truck,9,truck,0.9877052175223807,9,truck,0.9366929574513588,9,truck,0.19259088872936417,9,truck,0.5157438456435637
train_03639,3,cat,3,cat,0.9853755319000458,3,cat,0.9999181826702329,3,cat,0.3333285960140836,3,cat,0.9129093594628849
train_03640,6,horse,6,horse,0.9826650852010618,6,horse,0.9982219493074472,6,horse,0.3343039530555691,6,horse,0.9990741544697482
train_03641,5,dog,5,dog,0.9955311430542666,5,dog,0.9953390600346089,5,dog,0.3524055910627469,5,dog,0.9814900321298156
train_03642,9,truck,9,truck,0.9812639981258618,9,truck,0.9953977575191877,9,truck,0.4005230696191536,9,truck,0.9672970804976524
train_03643,7,monkey,7,monkey,0.8752171067225529,7,monkey,0.9874517743367869,4,deer,0.22465179252883052,4,deer,0.7597804481408396
train_03645,6,horse,6,horse,0.9708065130680872,6,horse,0.9961372422865218,6,horse,0.27403066926399955,6,horse,0.9711502856051846
train_03646,4,deer,4,deer,0.9706595598210407,4,deer,0.889483237367052,4,deer,0.22060899971659545,4,deer,0.9444340924702324
train_03647,8,ship,8,ship,0.9920550755255076,8,ship,0.9996070534179854,8,ship,0.3803471253943582,8,ship,0.9919565348025879
train_03648,9,truck,9,truck,0.99055498322151,9,truck,0.9973674294924876,9,truck,0.29783749034386325,9,truck,0.9686008614746862
train_03650,3,cat,3,cat,0.9690482126841597,3,cat,0.9961178131667089,3,cat,0.1812855255828086,4,deer,0.6455728762496398
train_03651,0,airplane,0,airplane,0.9956206533587169,0,airplane,0.9999112792379291,0,airplane,0.3866538409970379,0,airplane,0.9307834727124724
train_03652,0,airplane,0,airplane,0.9943085456470808,0,airplane,0.9998251474553038,0,airplane,0.37815884461943117,0,airplane,0.9905894323636296
train_03653,3,cat,3,cat,0.970143221014983,3,cat,0.9985442674785997,3,cat,0.29040685572630665,3,cat,0.9540865335656121
train_03654,9,truck,9,truck,0.9777344351522718,9,truck,0.971885221708058,9,truck,0.2513381612028903,9,truck,0.9129490493949004
train_03655,8,ship,8,ship,0.9738439829696404,8,ship,0.9996610624334364,8,ship,0.40145624925877643,8,ship,0.9977649875787153
train_03656,3,cat,3,cat,0.9533028920725456,3,cat,0.9908927955517655,3,cat,0.22030859896447347,1,bird,0.3754814255016064
train_03657,7,monkey,7,monkey,0.990891311320562,7,monkey,0.9979673418915846,7,monkey,0.40858951817151734,7,monkey,0.9994089155874734
train_03658,7,monkey,7,monkey,0.9186122161374601,7,monkey,0.9595419218779605,7,monkey,0.4290364913618261,7,monkey,0.9995521865484023
train_03659,9,truck,9,truck,0.9771611763487681,9,truck,0.9940415643754614,9,truck,0.3086563586245838,9,truck,0.8867436659795199
train_03661,8,ship,8,ship,0.9351757538447155,8,ship,0.9946867042275654,8,ship,0.4133284453461242,8,ship,0.9964390466563444
train_03663,8,ship,8,ship,0.9851489581980519,8,ship,0.9993524704488537,8,ship,0.49893274725337616,8,ship,0.993531124177375
train_03665,5,dog,5,dog,0.9810523482486477,5,dog,0.9883789567338344,5,dog,0.3155987458727247,5,dog,0.9774829708439613
train_03667,2,car,2,car,0.9993217495344193,2,car,0.9999711108552864,2,car,0.3739699949791736,2,car,0.9723242594720588
train_03668,2,car,2,car,0.9965122961521733,2,car,0.9996088705473025,2,car,0.24234767867069798,9,truck,0.7152877845313687
train_03669,6,horse,6,horse,0.9163863194719822,6,horse,0.999859569660836,6,horse,0.3592265377096771,6,horse,0.9989731097695042
train_03670,2,car,2,car,0.9728972366423103,2,car,0.8957994367345552,2,car,0.2260681280105732,2,car,0.8661583382439125
train_03671,0,airplane,0,airplane,0.819752764061193,0,airplane,0.9794504475298637,0,airplane,0.2911144880449634,0,airplane,0.874756372890926
train_03672,7,monkey,7,monkey,0.9492456992949587,7,monkey,0.9946071220336504,7,monkey,0.32086662809996286,7,monkey,0.9992117777388991
train_03673,0,airplane,0,airplane,0.9759132340791344,0,airplane,0.9752698544462338,0,airplane,0.40291737573963676,0,airplane,0.7526131227192613
train_03675,4,deer,4,deer,0.9812299797113286,4,deer,0.9994540543707965,4,deer,0.4162924205745574,4,deer,0.9986108819218315
train_03676,5,dog,5,dog,0.935710221463423,5,dog,0.9747644702386397,5,dog,0.3284647412456517,5,dog,0.9169630436048484
train_03677,8,ship,8,ship,0.9926233815575505,8,ship,0.9996851535644777,8,ship,0.4627121876047021,8,ship,0.9979900094103238
train_03679,2,car,2,car,0.9945412767063573,2,car,0.999865515023143,2,car,0.27271668935016535,2,car,0.9147000799478016
train_03680,8,ship,8,ship,0.9878713327076813,8,ship,0.9952606554216955,8,ship,0.42196426520552466,8,ship,0.9974843109463343
train_03681,0,airplane,0,airplane,0.9792613306014275,0,airplane,0.9958969999427749,0,airplane,0.39922544498614027,0,airplane,0.9822121985862418
train_03684,5,dog,5,dog,0.9622288835975279,5,dog,0.9984732784929616,5,dog,0.36983158783032277,5,dog,0.8931664384312328
train_03685,1,bird,1,bird,0.9947019113935376,1,bird,0.9966031389720895,1,bird,0.24838306013229483,1,bird,0.9939176952438113
train_03686,9,truck,9,truck,0.9908503581983102,9,truck,0.9999582327435571,9,truck,0.2862666738254383,9,truck,0.8494284296201697
train_03687,2,car,2,car,0.9969120026240548,2,car,0.9589381857784336,2,car,0.2751217656942635,2,car,0.9696170422712848
train_03688,3,cat,3,cat,0.8141767682865847,3,cat,0.928432121927549,7,monkey,0.20556464064492166,7,monkey,0.7195115644254012
train_03690,8,ship,8,ship,0.9121143447531195,8,ship,0.9207511745049985,8,ship,0.4247378963834484,8,ship,0.9952937257578497
train_03691,1,bird,1,bird,0.9921378441434955,1,bird,0.990181052578668,1,bird,0.34749996206863004,1,bird,0.9882976315053575
train_03692,7,monkey,7,monkey,0.9302199470375683,7,monkey,0.985713225591171,7,monkey,0.26581913162436155,7,monkey,0.9712263667079392
train_03695,9,truck,9,truck,0.958935502590372,9,truck,0.9986162417318714,9,truck,0.41590612838141067,9,truck,0.9974767536458532
train_03696,6,horse,6,horse,0.9907727528881731,6,horse,0.9998433808698021,6,horse,0.3344869833941492,6,horse,0.999414167028602
train_03697,0,airplane,0,airplane,0.9830551492650298,0,airplane,0.9933705888884381,0,airplane,0.32797106180454805,0,airplane,0.7434984410212568
train_03698,5,dog,5,dog,0.9719288620996386,5,dog,0.9903618064918601,5,dog,0.33141391971063394,5,dog,0.9879774275079837
train_03700,6,horse,6,horse,0.9147397021744968,6,horse,0.9993042842824318,6,horse,0.2873889976538929,6,horse,0.9971455073011387
train_03701,4,deer,4,deer,0.985638137188902,4,deer,0.9972946241512777,4,deer,0.3453085937812424,4,deer,0.9855129992952876
train_03702,6,horse,6,horse,0.9963175012887668,6,horse,0.997303575443362,6,horse,0.3592612823451786,6,horse,0.9989436354492033
train_03704,6,horse,6,horse,0.9019067780362512,6,horse,0.9949398629804563,6,horse,0.25910986328450325,6,horse,0.9151666489701374
train_03706,1,bird,1,bird,0.9951664793020149,1,bird,0.9998434283226948,1,bird,0.41717602598330233,1,bird,0.9983131023623004
train_03707,8,ship,8,ship,0.9979667458830299,8,ship,0.9999713323414411,8,ship,0.4738433682617656,8,ship,0.9968557545513562
train_03708,6,horse,6,horse,0.986931267407248,6,horse,0.960032735800003,6,horse,0.3376709855260003,6,horse,0.998598390385688
train_03709,5,dog,5,dog,0.9760061975493275,5,dog,0.9691679626025139,4,deer,0.21261874596643784,4,deer,0.7587976690583006
train_03712,1,bird,1,bird,0.9209269556081896,1,bird,0.9766533126602591,1,bird,0.26971991900546344,1,bird,0.991032850453438
train_03713,1,bird,1,bird,0.8058943325435419,1,bird,0.9756932761564734,1,bird,0.20176883176560945,1,bird,0.90950976981717
train_03715,3,cat,3,cat,0.9671341693392517,3,cat,0.9998889668082346,4,deer,0.1685743228491029,4,deer,0.8309144665443114
train_03716,2,car,2,car,0.9981398503590612,2,car,0.9998688710304825,2,car,0.38295390394073486,2,car,0.9890387829330014
train_03717,6,horse,6,horse,0.8458341197534296,6,horse,0.9859777910245835,6,horse,0.2649562191546099,6,horse,0.9971245198110699
train_03719,2,car,2,car,0.9995216718910879,2,car,0.999984941152977,2,car,0.41086553176541823,2,car,0.9895129718101214
train_03720,9,truck,9,truck,0.9892521043050334,9,truck,0.9994878433389238,9,truck,0.38142354165136283,9,truck,0.9924933200903279
train_03721,3,cat,3,cat,0.991742331332371,3,cat,0.9952894832280177,3,cat,0.28182385305791174,3,cat,0.9685372246297487
train_03722,7,monkey,7,monkey,0.9867142966211947,7,monkey,0.9997408075262988,7,monkey,0.355274783865143,7,monkey,0.9991051506239208
train_03723,6,horse,6,horse,0.989970587062871,6,horse,0.9977544100974451,6,horse,0.40126563003719123,6,horse,0.9977811109461964
train_03724,6,horse,6,horse,0.9924701564655134,6,horse,0.9999068850429875,6,horse,0.39976142581695956,6,horse,0.9994559659535214
train_03725,9,truck,9,truck,0.9826997708892535,9,truck,0.9983385125161527,9,truck,0.2560381049672324,9,truck,0.9872607954242527
train_03726,3,cat,3,cat,0.9763938892189393,3,cat,0.9999498953694478,3,cat,0.36006077808294806,3,cat,0.8667088129528008
train_03728,5,dog,5,dog,0.994455213436339,5,dog,0.9902402108440116,5,dog,0.3202291253080477,5,dog,0.961401417493502
train_03729,1,bird,1,bird,0.9735521530221848,1,bird,0.9943364038203808,1,bird,0.4238450803275611,1,bird,0.9980533086027195
train_03730,4,deer,4,deer,0.9801888184753217,4,deer,0.9995839530310432,4,deer,0.40855288019406943,4,deer,0.9989695687806397
train_03731,4,deer,4,deer,0.9326167708866444,4,deer,0.997614291328576,4,deer,0.32334078690279255,4,deer,0.9963148870352767
train_03732,8,ship,8,ship,0.9859319024289854,8,ship,0.9995977914992591,8,ship,0.4851299484435145,8,ship,0.9977919253045839
train_03733,9,truck,9,truck,0.990340272386366,9,truck,0.9997427904159326,9,truck,0.3503627984442858,9,truck,0.9738741875550678
train_03734,1,bird,1,bird,0.998096263578265,1,bird,0.9998624036300229,1,bird,0.43311756970301307,1,bird,0.9986106831077547
train_03735,8,ship,8,ship,0.9752151273960716,8,ship,0.999170144921712,8,ship,0.41334205737100904,8,ship,0.9927649754489661
train_03736,0,airplane,0,airplane,0.9648431439724513,0,airplane,0.9210149970263313,0,airplane,0.4236157496377226,0,airplane,0.8547254617399778
train_03737,1,bird,1,bird,0.9983865322530012,1,bird,0.9999065470683284,1,bird,0.4223231258418097,1,bird,0.9978966804742145
train_03738,5,dog,5,dog,0.9659849653094329,5,dog,0.9964538757949796,5,dog,0.22140448311118863,5,dog,0.9251907480431423
train_03739,0,airplane,0,airplane,0.9265081610213447,0,airplane,0.9989826012330164,0,airplane,0.3704720003929325,0,airplane,0.9326746471537127
train_03740,4,deer,4,deer,0.9878427177116205,4,deer,0.9984710781290227,4,deer,0.46920770012745766,4,deer,0.9997246743020317
train_03741,9,truck,9,truck,0.965939308784353,9,truck,0.996827699985912,9,truck,0.33611361102161164,9,truck,0.9989950799350137
train_03742,0,airplane,0,airplane,0.9641639935527933,0,airplane,0.9997501871705727,0,airplane,0.34912103322709886,0,airplane,0.9333490858871155
train_03743,4,deer,4,deer,0.515593164279218,4,deer,0.9966555261150307,4,deer,0.2511808543544033,4,deer,0.9840178207442102
train_03744,5,dog,5,dog,0.9267005266146534,5,dog,0.7318807379841173,5,dog,0.35091002016790085,5,dog,0.9694715784439291
train_03745,3,cat,3,cat,0.9910946551960729,3,cat,0.9998971767280272,3,cat,0.3658856014674898,3,cat,0.8645920110945998
train_03746,4,deer,4,deer,0.9914314906214876,4,deer,0.9991448781493215,4,deer,0.35905193764616533,4,deer,0.9995776584166848
train_03747,7,monkey,7,monkey,0.9713567950789027,7,monkey,0.997640237430664,7,monkey,0.41609982791440053,7,monkey,0.9990790447446758
train_03748,1,bird,1,bird,0.9906045513837194,1,bird,0.9983571485640227,1,bird,0.34646595699415644,1,bird,0.9935345016337246
train_03750,6,horse,6,horse,0.9966514909446245,6,horse,0.9995162968916609,6,horse,0.4007821886533198,6,horse,0.998250330904066
train_03751,9,truck,9,truck,0.933571848237309,9,truck,0.993453876923008,9,truck,0.29440036364835254,9,truck,0.947152240504355
train_03752,9,truck,9,truck,0.8746377565640497,9,truck,0.9960852324151797,9,truck,0.29279656334759874,9,truck,0.9742165038068633
train_03753,4,deer,4,deer,0.9254273178064526,4,deer,0.84132267437378,4,deer,0.2827611503272205,4,deer,0.9982729981631572
train_03754,9,truck,9,truck,0.8445955872701071,9,truck,0.9964214140406195,9,truck,0.3078426028185607,9,truck,0.951395924811525
train_03755,8,ship,8,ship,0.9644625880193725,8,ship,0.9723680520222624,8,ship,0.2509133040820492,8,ship,0.9811994464955259
train_03756,7,monkey,7,monkey,0.9477174538768863,7,monkey,0.9977274715518533,7,monkey,0.3539697861591294,7,monkey,0.999187003996579
train_03757,8,ship,8,ship,0.9949793540540417,8,ship,0.9996734792622947,8,ship,0.4854895519276378,8,ship,0.9961833218734701
train_03758,1,bird,1,bird,0.9975481571009047,1,bird,0.999942017000961,1,bird,0.36752725538166475,1,bird,0.9981168535618352
train_03759,7,monkey,7,monkey,0.9879998873825698,7,monkey,0.9851698541850907,7,monkey,0.3545795418205499,7,monkey,0.998910940995438
train_03760,2,car,2,car,0.9785956977480357,2,car,0.9988268773986378,2,car,0.2554683644480414,2,car,0.893594870778362
train_03761,1,bird,1,bird,0.7849400595825353,1,bird,0.6818567719734293,1,bird,0.2142050184394713,1,bird,0.9767259315447495
train_03762,8,ship,8,ship,0.9525788251276207,8,ship,0.998689730087052,8,ship,0.4234527654260576,8,ship,0.9960755072347622
train_03763,1,bird,1,bird,0.9995088995458488,1,bird,0.9999946220687289,1,bird,0.35462173000908026,1,bird,0.9973837716986789
train_03765,0,airplane,0,airplane,0.9441277644949427,0,airplane,0.9976803560105801,0,airplane,0.39240984822285185,0,airplane,0.9710189940556337
train_03768,5,dog,5,dog,0.9798412988778523,5,dog,0.997730634780253,5,dog,0.3676240520561009,5,dog,0.8776610389319243
train_03769,7,monkey,7,monkey,0.9834169937097974,7,monkey,0.9995672191641914,7,monkey,0.3595782695272149,7,monkey,0.9980182024219428
train_03770,1,bird,1,bird,0.9969139116602256,1,bird,0.9976202033407922,1,bird,0.30101987637534505,1,bird,0.9972295034141412
train_03771,3,cat,3,cat,0.9926311082766504,3,cat,0.9991634520707363,3,cat,0.30264954633788627,3,cat,0.9716948472414674
train_03772,9,truck,9,truck,0.9632947728518629,9,truck,0.9708618827898512,9,truck,0.30605395506970856,9,truck,0.9623836037657697
train_03773,5,dog,5,dog,0.9048633470417008,5,dog,0.9870665183886235,5,dog,0.3213507776455141,5,dog,0.8973094037851413
train_03774,7,monkey,7,monkey,0.9582857923386096,7,monkey,0.9980631900153228,7,monkey,0.4002273744032767,7,monkey,0.9995306653692679
train_03775,3,cat,3,cat,0.9915551397309649,3,cat,0.9998394457823491,3,cat,0.3160943431068969,3,cat,0.8117576222149033
train_03776,3,cat,3,cat,0.8637042849703155,3,cat,0.9628270738101509,3,cat,0.3170971549697011,3,cat,0.7037495125025278
train_03777,4,deer,4,deer,0.988243872175235,4,deer,0.9951623377973653,4,deer,0.3073813569708159,4,deer,0.9917654276703108
train_03778,8,ship,8,ship,0.9711363207015263,8,ship,0.9947185497185929,8,ship,0.3470622355188648,8,ship,0.9940660082250838
train_03779,2,car,2,car,0.9804399990331892,2,car,0.9995874312641484,2,car,0.3848952367427913,2,car,0.9908511539048639
train_03781,6,horse,6,horse,0.9914303569707869,6,horse,0.9997387770587219,6,horse,0.3474148281205099,6,horse,0.9940852367056212
train_03782,5,dog,5,dog,0.9894136487934945,5,dog,0.9715010217445468,5,dog,0.340520469652246,5,dog,0.9682786861217978
train_03784,5,dog,5,dog,0.9921105793210454,5,dog,0.9033472242325681,5,dog,0.2153932862759237,1,bird,0.5493460259140456
train_03785,1,bird,1,bird,0.9740636787737224,1,bird,0.9998777441682205,1,bird,0.36144364321661665,1,bird,0.9983775878947514
train_03786,6,horse,6,horse,0.9579563214152136,6,horse,0.999073513497093,6,horse,0.33079353864430916,6,horse,0.9858228173166025
train_03787,6,horse,6,horse,0.9989910132694112,6,horse,0.9999132111463651,6,horse,0.3731115710809944,6,horse,0.9957809543273535
train_03788,9,truck,9,truck,0.9633849862577165,9,truck,0.9992873640911969,9,truck,0.2152194684866582,9,truck,0.9547529685989411
train_03789,7,monkey,7,monkey,0.9840052670379327,7,monkey,0.9986733486108582,7,monkey,0.42182829316559417,7,monkey,0.9996482444569182
train_03790,8,ship,8,ship,0.9876946898737505,8,ship,0.9976330093841383,8,ship,0.4292089944164642,8,ship,0.9943859352101495
train_03792,5,dog,5,dog,0.9487265132007533,5,dog,0.9979197643151557,5,dog,0.36435229656769125,5,dog,0.9781991405646561
train_03793,3,cat,3,cat,0.9798308807675595,3,cat,0.9997450172692841,3,cat,0.3133528262206802,3,cat,0.9761362559368456
train_03794,2,car,2,car,0.9635557362188176,2,car,0.9907552657976699,2,car,0.3828472385599409,2,car,0.9390473852153789
train_03795,5,dog,5,dog,0.9081664234782697,5,dog,0.9896886207901718,5,dog,0.34102580560521806,5,dog,0.961541022132814
train_03797,1,bird,1,bird,0.99706950533386,1,bird,0.9998346693784241,1,bird,0.4100916837149791,1,bird,0.9989393550442874
train_03798,4,deer,4,deer,0.9859790436421157,4,deer,0.9997652911342721,4,deer,0.4474717520521086,4,deer,0.9992707976071112
train_03799,7,monkey,7,monkey,0.8788011552241918,7,monkey,0.9779376462944465,6,horse,0.21040036285101515,6,horse,0.946106571965352
train_03800,0,airplane,0,airplane,0.9961422078122203,0,airplane,0.9996120058428513,0,airplane,0.30559944590514765,0,airplane,0.9430083607478517
train_03801,4,deer,4,deer,0.9340562392711325,4,deer,0.9969151334738178,4,deer,0.4356064828116322,4,deer,0.9994645507742094
train_03802,9,truck,9,truck,0.9179249317088543,9,truck,0.9846672902181631,9,truck,0.26218976295867813,9,truck,0.7315088343704457
train_03803,4,deer,4,deer,0.9726950096907595,4,deer,0.9950268273908899,4,deer,0.4555554229437905,4,deer,0.9992876021343214
train_03804,4,deer,4,deer,0.9647582919795284,4,deer,0.998087263671623,4,deer,0.45598837117874164,4,deer,0.9991650773449289
train_03805,9,truck,9,truck,0.9882123397614796,9,truck,0.999826342719547,9,truck,0.4021078401835862,9,truck,0.984606739719223
train_03806,5,dog,5,dog,0.9391870941600323,5,dog,0.8539730260600571,5,dog,0.254734319734138,5,dog,0.9590357533320593
train_03807,7,monkey,7,monkey,0.9613037496692755,7,monkey,0.9959884822585262,7,monkey,0.4087779439110065,7,monkey,0.9996415901457083
train_03809,6,horse,6,horse,0.9716284514315944,6,horse,0.9959644701519539,6,horse,0.3862811470063169,6,horse,0.9988678291641709
train_03810,3,cat,3,cat,0.9600361765068944,3,cat,0.9983511342001841,3,cat,0.32017305933242024,3,cat,0.987992443905995
train_03811,4,deer,4,deer,0.9374131499840017,4,deer,0.9939061264572738,4,deer,0.2858492796635807,4,deer,0.9949053732556037
train_03812,6,horse,6,horse,0.9779653994129104,6,horse,0.9951383344938963,6,horse,0.38247452299325263,6,horse,0.9986965234782348
train_03814,8,ship,8,ship,0.9654362525818528,8,ship,0.9971787503463254,8,ship,0.42380498085820406,8,ship,0.9951997083971249
train_03815,5,dog,5,dog,0.9804042069218669,5,dog,0.999088351713945,5,dog,0.364286828502733,5,dog,0.9473070017633555
train_03816,4,deer,3,cat,0.5144083242389988,4,deer,0.8275984044250051,4,deer,0.30931198176776376,4,deer,0.9982591956133604
train_03817,9,truck,9,truck,0.9648821876844069,9,truck,0.9727161448486618,9,truck,0.2623597988967099,9,truck,0.7765009824367276
train_03818,8,ship,8,ship,0.9925573488610494,8,ship,0.9887862039622044,8,ship,0.43252702574629415,8,ship,0.9956151631874521
train_03819,7,monkey,7,monkey,0.9832651185899252,7,monkey,0.999386780032363,7,monkey,0.3915951684197127,7,monkey,0.9994713784290319
train_03821,9,truck,9,truck,0.9891708378192328,9,truck,0.9999584469790938,9,truck,0.3164632032901405,9,truck,0.989322435615434
train_03822,0,airplane,0,airplane,0.9434873511413957,0,airplane,0.9700902201722973,0,airplane,0.3884188225735178,0,airplane,0.9784715354742745
train_03823,4,deer,4,deer,0.698584053913386,4,deer,0.9614836149339102,4,deer,0.35483434785464607,4,deer,0.9993922946185279
train_03824,8,ship,8,ship,0.9946344428732468,8,ship,0.9997000434690716,8,ship,0.4705642035022107,8,ship,0.9989513168419207
train_03825,2,car,2,car,0.9976433179342972,2,car,0.9997790675323239,2,car,0.3671214986819044,2,car,0.9850168363598216
train_03826,7,monkey,7,monkey,0.919888776934827,7,monkey,0.9981389970160851,7,monkey,0.43128391712661146,7,monkey,0.9989358942341289
train_03827,3,cat,3,cat,0.987327276158306,3,cat,0.9999939183406676,3,cat,0.3377618559271283,3,cat,0.9146209744591061
train_03828,5,dog,5,dog,0.9857109546473787,5,dog,0.9320707882718186,5,dog,0.32238100411778564,5,dog,0.9823607947602837
train_03829,2,car,2,car,0.9930218256728787,2,car,0.9989681496153179,2,car,0.3934721589288114,2,car,0.9901073373446609
train_03832,8,ship,8,ship,0.9724665491288866,8,ship,0.9990952005122268,8,ship,0.4139482782606953,8,ship,0.9864210313110175
train_03833,5,dog,5,dog,0.9175046218525563,5,dog,0.9751523377369121,5,dog,0.2220195893969725,5,dog,0.5733601015142531
train_03834,1,bird,1,bird,0.988454553219021,1,bird,0.9485084856317144,1,bird,0.3033862773857683,1,bird,0.9970644961046516
train_03835,4,deer,4,deer,0.9896911084427114,4,deer,0.9984125180577585,4,deer,0.4651804775569348,4,deer,0.9988374568728365
train_03837,8,ship,8,ship,0.9601689776956079,8,ship,0.9987493623350067,8,ship,0.42641656453935783,8,ship,0.9931200129817652
train_03838,9,truck,9,truck,0.9861952274496952,9,truck,0.9996722095746967,9,truck,0.2872167033345362,9,truck,0.8672132597569958
train_03839,8,ship,8,ship,0.8762280385558643,8,ship,0.9959420614400714,8,ship,0.3106695870433346,8,ship,0.9919139505913571
train_03840,0,airplane,0,airplane,0.6885369531220434,0,airplane,0.9453604980476907,0,airplane,0.25687637748322445,0,airplane,0.5280433401325307
train_03841,2,car,2,car,0.9958822030125528,2,car,0.9986445300499988,2,car,0.3773910033098304,2,car,0.9837186048287507
train_03842,7,monkey,7,monkey,0.9934187497223246,7,monkey,0.9997354928752259,7,monkey,0.40717418213335127,7,monkey,0.9991679640085306
train_03843,0,airplane,0,airplane,0.937175307287338,0,airplane,0.9981866601696989,0,airplane,0.2944612546504059,0,airplane,0.9357571251215336
train_03844,7,monkey,7,monkey,0.9569541916182714,7,monkey,0.9934854640327355,7,monkey,0.29093898772178683,7,monkey,0.9224720639511303
train_03845,4,deer,4,deer,0.9740508535206083,4,deer,0.9898150927405633,4,deer,0.39944696563429133,4,deer,0.999081094135592
train_03846,7,monkey,7,monkey,0.9830328509846662,7,monkey,0.9996257251522787,7,monkey,0.3830952197114805,7,monkey,0.9992084546004989
train_03847,2,car,2,car,0.9907863959051499,2,car,0.9946714639052067,2,car,0.2948777607653006,2,car,0.9943139646949536
train_03848,0,airplane,0,airplane,0.950901795515728,0,airplane,0.9816480329183804,0,airplane,0.3151172048721544,0,airplane,0.9327888176440932
train_03849,0,airplane,0,airplane,0.9789927978610778,0,airplane,0.9990412535354017,0,airplane,0.33456712187456467,0,airplane,0.9704115614190351
train_03850,3,cat,3,cat,0.9284732121783658,3,cat,0.9736732035440788,3,cat,0.23473415126403246,3,cat,0.5511968958448035
train_03852,0,airplane,0,airplane,0.9001787752923673,0,airplane,0.9304285821397632,0,airplane,0.13638999001393623,0,airplane,0.3479562652375431
train_03855,5,dog,5,dog,0.9681341316902027,5,dog,0.9978277160128688,5,dog,0.3558917837615297,5,dog,0.9787070936168953
train_03856,6,horse,6,horse,0.9812437335372795,6,horse,0.9994998382609712,6,horse,0.3193590208481648,6,horse,0.9840961881120439
train_03857,1,bird,1,bird,0.9594576834609694,1,bird,0.9944421121926077,1,bird,0.2774950962931611,1,bird,0.9941327710441259
train_03858,3,cat,3,cat,0.9846852157570481,3,cat,0.9989868063375601,3,cat,0.30833189653874987,3,cat,0.9725815997655289
train_03859,0,airplane,0,airplane,0.9864949294385778,0,airplane,0.9988878485455932,0,airplane,0.39266175785956275,0,airplane,0.9621171077367751
train_03860,8,ship,8,ship,0.980885559810893,8,ship,0.9983618215326382,8,ship,0.41587160368299025,8,ship,0.9948495211421808
train_03861,3,cat,3,cat,0.9912472393493592,3,cat,0.9853314098857536,3,cat,0.2888103213102296,3,cat,0.9150074571468234
train_03862,6,horse,6,horse,0.9886169996580066,6,horse,0.9919431197781557,6,horse,0.3098133968775104,6,horse,0.9962391050142692
train_03863,9,truck,9,truck,0.9888970343389217,9,truck,0.9926667382482897,9,truck,0.3501282057824326,9,truck,0.992672110988714
train_03864,3,cat,3,cat,0.9820400773465016,3,cat,0.9916471368899265,3,cat,0.30408013980781895,3,cat,0.96749344760642
train_03865,7,monkey,7,monkey,0.9928657814467355,7,monkey,0.9996565579966465,7,monkey,0.29675649847107416,7,monkey,0.9389574896017365
train_03866,0,airplane,0,airplane,0.9859639296477393,0,airplane,0.9998637270460794,0,airplane,0.41218077861045954,0,airplane,0.9435602293169875
train_03867,3,cat,7,monkey,0.5176894819149779,3,cat,0.9690403541260658,7,monkey,0.2591484167825478,7,monkey,0.8562554708909484
train_03869,1,bird,1,bird,0.992014641662351,1,bird,0.9999067886649953,1,bird,0.3505142707980473,1,bird,0.9827749865747428
train_03872,6,horse,6,horse,0.8962652315028734,6,horse,0.9328662289031354,6,horse,0.188629323348565,6,horse,0.9048431036421991
train_03873,7,monkey,7,monkey,0.9323993239469712,7,monkey,0.9937259319081851,7,monkey,0.4024645017590112,7,monkey,0.9917758998531354
train_03875,0,airplane,0,airplane,0.7750724149761795,0,airplane,0.876830313306269,0,airplane,0.38095759010753766,0,airplane,0.9106731962837162
train_03876,5,dog,5,dog,0.8347581824011664,5,dog,0.9655960452119227,5,dog,0.37006618761435384,5,dog,0.9756150311969786
train_03877,1,bird,1,bird,0.9259439395315286,1,bird,0.9971965706212607,1,bird,0.39157239015700973,1,bird,0.9975131508792577
train_03878,9,truck,9,truck,0.9884359138016932,9,truck,0.9991855100540175,9,truck,0.40160441304071737,9,truck,0.996599096556997
train_03879,3,cat,3,cat,0.9083373031278188,3,cat,0.9997479852635606,3,cat,0.21615987167770853,4,deer,0.6971465898979081
train_03880,4,deer,4,deer,0.9727932983862508,4,deer,0.997454449029687,4,deer,0.4115933755411436,4,deer,0.9991684807362149
train_03881,7,monkey,7,monkey,0.9829704848570978,7,monkey,0.9997676329087121,7,monkey,0.3300028762404314,7,monkey,0.9994475750055317
train_03882,2,car,2,car,0.9886420597923511,2,car,0.9985049595447189,2,car,0.2940463962819092,2,car,0.9310205690113208
train_03883,6,horse,6,horse,0.9643875298025743,6,horse,0.9996769071990159,6,horse,0.34566660786421266,6,horse,0.9905502449413671
train_03885,5,dog,5,dog,0.9781236176380164,5,dog,0.9982978399291359,5,dog,0.34854923233183044,5,dog,0.9629149908538298
train_03886,4,deer,4,deer,0.9703803210573241,4,deer,0.9953114007500334,4,deer,0.40311686417409726,4,deer,0.9878426033619933
train_03887,4,deer,4,deer,0.9919000644798628,4,deer,0.9650243435518117,4,deer,0.21903618669327787,4,deer,0.6089204455112032
train_03888,3,cat,3,cat,0.9660314040290549,3,cat,0.9994162145830916,4,deer,0.22485081109895252,4,deer,0.9759549386863033
train_03889,1,bird,1,bird,0.9996815983248258,1,bird,0.9982462243899451,1,bird,0.36339830905978315,1,bird,0.9976902804126347
train_03890,3,cat,3,cat,0.9870450059351809,3,cat,0.9999166763359036,3,cat,0.34640801475001193,3,cat,0.8718001254822866
train_03891,7,monkey,7,monkey,0.9802223660595873,7,monkey,0.9993793390498786,7,monkey,0.37345996100480344,7,monkey,0.9995069105883783
train_03892,5,dog,5,dog,0.9968278008364674,5,dog,0.9927067064543874,5,dog,0.3167799562012536,5,dog,0.9929403920627913
train_03893,2,car,2,car,0.9807669341508415,2,car,0.9893231891452872,2,car,0.16798986692069223,2,car,0.39061632192548196
train_03894,8,ship,8,ship,0.991775211917044,8,ship,0.9996204497517541,8,ship,0.4670992966041918,8,ship,0.9921104335890744
train_03895,5,dog,5,dog,0.9374172297936003,5,dog,0.9941886570202124,5,dog,0.3054983621019588,5,dog,0.9441999349177338
train_03896,4,deer,4,deer,0.9871739202358119,4,deer,0.9964123947915465,4,deer,0.3742677381941707,4,deer,0.9990675275936667
train_03897,3,cat,3,cat,0.9972213371566537,3,cat,0.9966332653040606,3,cat,0.29103258135845983,3,cat,0.9726473750934621
train_03898,9,truck,9,truck,0.8752602334204493,9,truck,0.985360359820823,9,truck,0.2326373173269787,9,truck,0.9008624579364081
train_03899,6,horse,6,horse,0.997768642874491,6,horse,0.998616604807725,6,horse,0.4201828944445986,6,horse,0.9988496034405786
train_03900,2,car,2,car,0.998384704884877,2,car,0.9998599138367616,2,car,0.4125341913312452,2,car,0.9738302786392117
train_03901,4,deer,4,deer,0.9734332554653427,4,deer,0.9686183084434649,4,deer,0.39838379018548375,4,deer,0.9985992673485884
train_03902,4,deer,4,deer,0.9104647610311144,4,deer,0.9961164261251267,4,deer,0.3680677115202561,4,deer,0.9987573565383561
train_03904,4,deer,4,deer,0.9809064266329335,4,deer,0.9893902248410583,4,deer,0.417513437329281,4,deer,0.9989020056567625
train_03905,7,monkey,7,monkey,0.9905914394681739,7,monkey,0.9715259591203197,7,monkey,0.4321486906554772,7,monkey,0.9994375478836556
train_03906,3,cat,3,cat,0.9994726179669129,3,cat,0.9997183864562168,3,cat,0.3064856670214761,3,cat,0.9707060201478375
train_03907,0,airplane,0,airplane,0.9613164276884835,0,airplane,0.9993029182375402,0,airplane,0.2929578150038835,0,airplane,0.9003169251705931
train_03908,5,dog,5,dog,0.9808697103092238,5,dog,0.9978367057585572,5,dog,0.3640104071023512,5,dog,0.9750242044312778
train_03910,6,horse,6,horse,0.9619008126840924,6,horse,0.9997556134768047,6,horse,0.3773587188871749,6,horse,0.9995096616638958
train_03911,2,car,2,car,0.9934398144073815,2,car,0.9994399958689092,2,car,0.36784144811917474,2,car,0.9839646040605319
train_03912,2,car,2,car,0.9612651857619231,2,car,0.9980788051379449,2,car,0.2618814651227634,2,car,0.9787904490391093
train_03913,7,monkey,7,monkey,0.94530274625702,7,monkey,0.9976308288840758,7,monkey,0.28276258411839766,7,monkey,0.9840666224619591
train_03914,9,truck,9,truck,0.9674518996495747,9,truck,0.9970172735538086,9,truck,0.26747103641626463,9,truck,0.8132350186850212
train_03915,5,dog,5,dog,0.9943120913961313,5,dog,0.9733815878720643,5,dog,0.37207760243517934,5,dog,0.979166969355273
train_03916,6,horse,6,horse,0.9780455677028269,6,horse,0.9800950751176323,6,horse,0.30785654566889925,6,horse,0.9949515654076959
train_03919,3,cat,3,cat,0.998578971933596,3,cat,0.999980170984868,3,cat,0.3277318971375622,3,cat,0.636097686463449
train_03920,0,airplane,0,airplane,0.9978656149607854,0,airplane,0.9997678580290377,0,airplane,0.3678200324319607,0,airplane,0.9053618718930974
train_03921,8,ship,8,ship,0.9309416976246073,8,ship,0.9993208976255342,8,ship,0.4057128138885428,8,ship,0.9948900814564985
train_03922,3,cat,3,cat,0.8949684157629466,3,cat,0.9999099228258193,3,cat,0.24821693578685294,3,cat,0.43616948791489346
train_03923,2,car,2,car,0.9955164071197663,2,car,0.992923814621268,2,car,0.3713044397809929,2,car,0.9699373179320342
train_03924,4,deer,4,deer,0.9749981563842703,4,deer,0.9992913361304141,4,deer,0.36546484426709713,4,deer,0.9988649644861384
train_03925,9,truck,9,truck,0.9821171487681872,9,truck,0.9984366768509392,9,truck,0.32403917538474336,9,truck,0.9747603598674623
train_03926,9,truck,9,truck,0.9628851842944157,9,truck,0.9947499529137448,9,truck,0.27666471193064457,9,truck,0.8582286151987226
train_03927,8,ship,8,ship,0.9680647024924427,8,ship,0.9915873854489783,8,ship,0.38638055011419503,8,ship,0.9953803140350668
train_03928,1,bird,1,bird,0.9942964119434441,1,bird,0.994594329630203,1,bird,0.3005560738391017,1,bird,0.9933008117029793
train_03929,0,airplane,0,airplane,0.9959713282097372,0,airplane,0.9995228905291419,0,airplane,0.36876938147959887,0,airplane,0.980497850467299
train_03930,4,deer,4,deer,0.9842909471455082,4,deer,0.9988843574391363,4,deer,0.3854241164246092,4,deer,0.9983569243585548
train_03931,9,truck,9,truck,0.9885676433596992,9,truck,0.9879818602125238,9,truck,0.20616798414694967,9,truck,0.8556241028415568
train_03932,5,dog,5,dog,0.9588781809140573,5,dog,0.9883508126918535,5,dog,0.339694083232776,5,dog,0.8787300339544919
train_03933,1,bird,1,bird,0.9951031544380595,1,bird,0.999940968948989,1,bird,0.39180996822122166,1,bird,0.9990124951473702
train_03934,8,ship,8,ship,0.9930444017353911,8,ship,0.998059479531805,8,ship,0.4174670721469512,8,ship,0.996826064557744
train_03935,8,ship,8,ship,0.7689767859657726,8,ship,0.7125457565017955,8,ship,0.29709659579703623,8,ship,0.9923135652708989
train_03936,8,ship,8,ship,0.9887189444512265,8,ship,0.9979738580127293,8,ship,0.470291239441212,8,ship,0.9968160562392753
train_03937,5,dog,5,dog,0.9989437074070167,5,dog,0.9964615111733109,5,dog,0.38225899256945184,5,dog,0.9776726464776807
train_03938,1,bird,1,bird,0.9998603242407411,1,bird,0.9998642762088635,1,bird,0.3701538711083093,1,bird,0.9969245618696662
train_03940,8,ship,8,ship,0.9920988738053182,8,ship,0.9993645715184082,8,ship,0.42981935733311233,8,ship,0.9978102225556068
train_03941,0,airplane,0,airplane,0.9969897186600784,0,airplane,0.9999147951704092,0,airplane,0.42204580313425166,0,airplane,0.9872707339594305
train_03943,6,horse,6,horse,0.9641245905297579,6,horse,0.9974375090976271,6,horse,0.34990780435361246,6,horse,0.9969730960929111
train_03944,8,ship,8,ship,0.9705194225200305,8,ship,0.9579213888634929,8,ship,0.3924914657235884,8,ship,0.9935453740628244
train_03945,9,truck,9,truck,0.9885678368087867,9,truck,0.9939892663112264,9,truck,0.25556502418124843,9,truck,0.7975411241287282
train_03947,0,airplane,0,airplane,0.9441492145132113,0,airplane,0.9956911618104198,0,airplane,0.2067690124375724,0,airplane,0.6140864027033429
train_03948,9,truck,9,truck,0.9980209480030435,9,truck,0.9992040219112589,9,truck,0.3825418580212715,9,truck,0.9930414982942908
train_03949,3,cat,3,cat,0.9732239737766224,3,cat,0.9992641136787425,3,cat,0.25964467951925524,3,cat,0.9902240921555172
train_03950,1,bird,1,bird,0.9922903358471051,1,bird,0.9757718918931013,1,bird,0.27224743459066075,1,bird,0.9910288222967907
train_03951,0,airplane,0,airplane,0.9610404830012685,0,airplane,0.9981861271985426,0,airplane,0.35239670448858795,0,airplane,0.9596150143702121
train_03952,8,ship,8,ship,0.9311356891674947,8,ship,0.9968988644706033,8,ship,0.4433907105965381,8,ship,0.9974256831667464
train_03953,8,ship,8,ship,0.9885507234683806,8,ship,0.9996651581778689,8,ship,0.42734414992920616,8,ship,0.9990171907853689
train_03954,9,truck,0,airplane,0.6246174408315099,9,truck,0.993151917962921,9,truck,0.34673162302566357,9,truck,0.959902743866548
train_03955,4,deer,4,deer,0.8695123722186022,4,deer,0.9829603516572211,4,deer,0.34082842400333396,4,deer,0.9996163878670922
train_03956,3,cat,3,cat,0.9431296114050661,3,cat,0.9973863090828157,4,deer,0.23332325930552847,4,deer,0.9775159574589157
train_03957,7,monkey,7,monkey,0.8757315378523237,7,monkey,0.7296487605016504,7,monkey,0.15070923066779035,1,bird,0.5121976622933209
train_03958,6,horse,6,horse,0.9335765857190428,6,horse,0.9996417189935802,6,horse,0.3702669057971347,6,horse,0.9994932709629373
train_03959,3,cat,3,cat,0.9881334109135388,3,cat,0.9978093758470352,3,cat,0.2717379997343822,3,cat,0.8632392849979874
train_03962,0,airplane,0,airplane,0.9916281946969732,0,airplane,0.9996878881228446,0,airplane,0.4096018791033961,0,airplane,0.9858957842460696
train_03963,9,truck,9,truck,0.9708480539179458,9,truck,0.99052984354669,9,truck,0.34002664811416083,9,truck,0.9884124987214051
train_03964,0,airplane,0,airplane,0.8927261376657227,0,airplane,0.98946619028551,0,airplane,0.37737212738406856,0,airplane,0.9479430600717417
train_03965,5,dog,5,dog,0.9718944353947343,5,dog,0.9713399240537075,5,dog,0.35489964700739185,5,dog,0.9698951834055962
train_03966,2,car,2,car,0.9936161955588928,2,car,0.9729593278650207,2,car,0.2897223683863802,2,car,0.9835304418654943
train_03967,0,airplane,0,airplane,0.9825439461880082,0,airplane,0.9998716439268639,0,airplane,0.378530956343003,0,airplane,0.9816867646841515
train_03968,7,monkey,7,monkey,0.9564613044917307,7,monkey,0.9978794356910967,7,monkey,0.3838773789928826,7,monkey,0.9993365959951415
train_03969,9,truck,9,truck,0.8702331662315457,9,truck,0.8480902899894173,9,truck,0.28371076458427363,9,truck,0.9873913598785653
train_03970,5,dog,5,dog,0.9275289968976768,5,dog,0.974741247481299,5,dog,0.2626749020069334,5,dog,0.8824733917880544
train_03971,0,airplane,0,airplane,0.9797462832752296,0,airplane,0.9955031077242167,0,airplane,0.3343497389633114,0,airplane,0.9594129713462363
train_03972,6,horse,6,horse,0.9117037033672847,6,horse,0.8559912011662903,6,horse,0.32835425373092836,6,horse,0.9982667095321182
train_03974,9,truck,9,truck,0.9936399832550475,9,truck,0.9998938283588779,9,truck,0.32182331111482454,9,truck,0.9683591666475492
train_03975,1,bird,1,bird,0.9997929470183325,1,bird,0.9999697404525193,1,bird,0.4368870701039427,1,bird,0.999026608111712
train_03976,5,dog,5,dog,0.994744785340956,5,dog,0.9991115468865116,5,dog,0.4032588773785278,5,dog,0.9841602593407042
train_03977,4,deer,4,deer,0.9753524590279116,4,deer,0.9840340872430253,4,deer,0.3815602627667861,4,deer,0.9985218982757975
train_03979,8,ship,8,ship,0.974949445858732,8,ship,0.9986120783687584,8,ship,0.4577724086042595,8,ship,0.9985410954063133
train_03980,5,dog,5,dog,0.9889267808506123,5,dog,0.9571623300081251,5,dog,0.2745016034143835,5,dog,0.9622485809076773
train_03982,3,cat,3,cat,0.9852756500932285,3,cat,0.963975545109067,3,cat,0.2906350360331541,3,cat,0.9745018641381225
train_03985,2,car,2,car,0.9979835624658133,2,car,0.9999325718074927,2,car,0.41029585326215084,2,car,0.9827854358241751
train_03988,2,car,2,car,0.9742210765286912,2,car,0.9989412041945027,2,car,0.41450542798368883,2,car,0.9897089897785342
train_03989,7,monkey,7,monkey,0.9784472054914785,7,monkey,0.9951578121342393,7,monkey,0.3147935703291448,7,monkey,0.9978885772425847
train_03990,7,monkey,7,monkey,0.9745384083711052,7,monkey,0.9997673885822883,7,monkey,0.32412693787968994,7,monkey,0.9994070264599795
train_03992,3,cat,3,cat,0.8744135873472842,3,cat,0.7735162344446231,7,monkey,0.16080012926224976,7,monkey,0.4457361043297175
train_03993,5,dog,5,dog,0.9666672904501948,5,dog,0.9886834972550888,5,dog,0.1775402942826401,3,cat,0.442936734307067
train_03994,7,monkey,7,monkey,0.9885092181872961,7,monkey,0.9993156721277561,7,monkey,0.3500199861444,7,monkey,0.9995150539378314
train_03995,1,bird,1,bird,0.9905478500433774,1,bird,0.9999714213686741,1,bird,0.2944792235136199,1,bird,0.9884760224730861
train_03996,5,dog,5,dog,0.9727031377958256,5,dog,0.9851447473101488,5,dog,0.23069832096407836,5,dog,0.9345759706853217
train_03997,2,car,2,car,0.9920997052410157,2,car,0.9692184789295143,2,car,0.2771091452284687,2,car,0.8480441033585275
train_03998,2,car,2,car,0.997328002110661,2,car,0.9992507619396196,2,car,0.26880074795322445,2,car,0.9580995068928173
train_04000,3,cat,3,cat,0.9505384571360795,3,cat,0.9989714761118532,3,cat,0.25820783256210134,4,deer,0.7252806002117408
train_04002,0,airplane,0,airplane,0.9491578277418847,0,airplane,0.9985555152008224,0,airplane,0.36011008073516704,0,airplane,0.9750446439394537
train_04003,0,airplane,0,airplane,0.9956604323150672,0,airplane,0.9999762815127422,0,airplane,0.40773888813597065,0,airplane,0.9718312918729839
train_04004,9,truck,9,truck,0.8901651907274379,9,truck,0.9885674072951357,2,car,0.19213052232808425,2,car,0.7012555121989824
train_04005,7,monkey,7,monkey,0.9776107782661616,7,monkey,0.9998413988094644,7,monkey,0.3116735338165557,7,monkey,0.9983850815357339
train_04006,9,truck,9,truck,0.9845347201671644,9,truck,0.9999060582410276,9,truck,0.33498641947242686,9,truck,0.9599188473750508
train_04007,1,bird,1,bird,0.9921872871868043,1,bird,0.9994234180905894,1,bird,0.4048341135649331,1,bird,0.9988954017456246
train_04009,4,deer,4,deer,0.9919419194503156,4,deer,0.9931572586069257,4,deer,0.376113541694251,4,deer,0.9956689901091513
train_04011,6,horse,6,horse,0.9049460121469172,6,horse,0.8103076374120106,6,horse,0.29873029384623073,6,horse,0.996550131012892
train_04012,1,bird,1,bird,0.995903159539227,1,bird,0.9718891541461455,7,monkey,0.21891654906459698,1,bird,0.7511732802732226
train_04014,8,ship,8,ship,0.8020619351142118,8,ship,0.9954442106160813,8,ship,0.35552543410076715,8,ship,0.9989025082232199
train_04015,2,car,2,car,0.9643129893680851,2,car,0.9998193681993767,2,car,0.39802615170806166,2,car,0.9932867794517043
train_04017,2,car,2,car,0.8773652576771881,2,car,0.9968130660529338,2,car,0.26710363321546926,2,car,0.8322250230742841
train_04019,6,horse,6,horse,0.999599421004118,6,horse,0.9932000457422657,6,horse,0.2825950256739122,6,horse,0.9529287033793383
train_04021,3,cat,3,cat,0.9976953529783432,3,cat,0.9959848570969779,3,cat,0.2844074231706684,3,cat,0.9380384341854362
train_04022,1,bird,1,bird,0.997236318042467,1,bird,0.9897363522073545,1,bird,0.33886663121345145,1,bird,0.997294382907418
train_04024,5,dog,5,dog,0.9756676745503885,5,dog,0.9900625319548375,5,dog,0.3389409080259582,5,dog,0.9813446954285405
train_04025,0,airplane,0,airplane,0.9658198217196171,0,airplane,0.9888388644157369,0,airplane,0.3793944599680578,0,airplane,0.8892590543607843
train_04026,6,horse,6,horse,0.9947936562791436,6,horse,0.9929652023870117,6,horse,0.29283968157855705,6,horse,0.9705153960491071
train_04027,2,car,2,car,0.9845801676175352,2,car,0.9865623909730926,2,car,0.32535801906310197,2,car,0.9847581105082334
train_04030,7,monkey,7,monkey,0.9904657158983615,7,monkey,0.9999455243766499,7,monkey,0.4180973664913542,7,monkey,0.9997436121416708
train_04031,5,dog,5,dog,0.99989436504817,5,dog,0.9996326980111587,5,dog,0.35651404402282416,5,dog,0.9519444577358479
train_04032,6,horse,6,horse,0.9996416690130911,6,horse,0.9998645720288543,6,horse,0.3897448042974023,6,horse,0.9977699653482959
train_04033,6,horse,6,horse,0.998818429779575,6,horse,0.957671707915613,6,horse,0.3850093442100217,6,horse,0.9976183698717985
train_04034,1,bird,1,bird,0.9730358314194598,1,bird,0.9965572227142518,1,bird,0.27334150883097735,1,bird,0.9910386370947926
train_04035,8,ship,8,ship,0.9540967304275163,8,ship,0.998194807090953,8,ship,0.40203484292845393,8,ship,0.9948874506255315
train_04036,4,deer,4,deer,0.9394342674412584,4,deer,0.9964518150638844,4,deer,0.3316465010973834,4,deer,0.9989163379936212
train_04037,0,airplane,0,airplane,0.7573348004497227,0,airplane,0.9853558644392754,0,airplane,0.29240867221994876,0,airplane,0.8080086424463913
train_04038,6,horse,6,horse,0.9963657806839968,6,horse,0.9774740763977874,6,horse,0.3239223519638991,6,horse,0.9918379824722169
train_04039,2,car,2,car,0.9790409234780028,2,car,0.9431166761989559,2,car,0.24730217997867862,2,car,0.855255055380354
train_04040,2,car,2,car,0.9385639682061655,2,car,0.9994315584023689,2,car,0.32079626441250536,2,car,0.9721172091906898
train_04041,0,airplane,0,airplane,0.958935602056791,0,airplane,0.9990586907390702,0,airplane,0.3649603523153723,0,airplane,0.9261918555369484
train_04042,6,horse,6,horse,0.9191688977839854,6,horse,0.9915877426669194,6,horse,0.3279133555489777,6,horse,0.9988946211188499
train_04043,0,airplane,0,airplane,0.9851227493048706,0,airplane,0.9951689679310043,0,airplane,0.34583455340659813,0,airplane,0.9411344448598216
train_04044,2,car,2,car,0.9947596853481291,2,car,0.9950214608889958,2,car,0.37722757764504194,2,car,0.9928180525683673
train_04045,2,car,2,car,0.9848834931442547,2,car,0.9940665551939417,2,car,0.32782420424674547,2,car,0.978769028695397
train_04046,7,monkey,7,monkey,0.9789857165572257,7,monkey,0.9998308227810077,7,monkey,0.37427623675113886,7,monkey,0.9995566884377394
train_04047,3,cat,3,cat,0.9402282094735324,3,cat,0.9991630066476074,3,cat,0.30382843906369983,3,cat,0.9722256763422378
train_04048,1,bird,1,bird,0.9963087528274828,1,bird,0.998059584709424,1,bird,0.35002592185987874,1,bird,0.9966970716158401
train_04049,5,dog,5,dog,0.9842613780005797,5,dog,0.9506066107502842,5,dog,0.25027408786472266,5,dog,0.9485229615278912
train_04050,2,car,2,car,0.9973075939596305,2,car,0.9991638905804557,2,car,0.3576097469722616,2,car,0.9946966470877577
train_04051,1,bird,1,bird,0.9993869408118029,1,bird,0.9949853798583325,1,bird,0.3061996580366304,1,bird,0.9948988981409969
train_04052,2,car,2,car,0.9984579183509134,2,car,0.9999533808125668,2,car,0.37869281066203875,2,car,0.9740493565990054
train_04053,2,car,2,car,0.9898509505050145,2,car,0.9997124079243251,2,car,0.35856455761650574,2,car,0.9708489119548269
train_04055,9,truck,9,truck,0.9726335068350972,9,truck,0.9968315592553658,9,truck,0.370376202464981,9,truck,0.997207161281991
train_04057,2,car,2,car,0.9499097495616148,2,car,0.9970233692337964,2,car,0.30498788243653213,2,car,0.9779296305140279
train_04058,9,truck,9,truck,0.8867891614230531,9,truck,0.9980095582794601,9,truck,0.36912605931435366,9,truck,0.9687874002171055
train_04059,5,dog,5,dog,0.957308463869766,5,dog,0.9832486324074008,5,dog,0.34798485091353265,5,dog,0.9623848051326416
train_04060,5,dog,4,deer,0.7294432553797915,5,dog,0.9961693357904072,4,deer,0.1605843638766116,4,deer,0.8366974038179578
train_04063,2,car,2,car,0.9926099074352782,2,car,0.9999475567103012,2,car,0.4428125414262866,2,car,0.9933792915811792
train_04064,9,truck,9,truck,0.9908966194653026,9,truck,0.9965840913633944,9,truck,0.34279200172432883,9,truck,0.9715701176629209
train_04065,8,ship,8,ship,0.9506860947194187,8,ship,0.950992525599722,8,ship,0.29158172274944133,8,ship,0.9889939381665989
train_04067,1,bird,1,bird,0.9910689560740652,1,bird,0.9999460185741235,1,bird,0.3821938356882935,1,bird,0.9981790218689252
train_04068,8,ship,8,ship,0.9939985375063373,8,ship,0.9999848651494443,8,ship,0.5117284800621782,8,ship,0.998823400930471
train_04069,7,monkey,7,monkey,0.8952740661053991,7,monkey,0.9729038913022843,7,monkey,0.35669124716842726,7,monkey,0.9949176482774207
train_04070,5,dog,5,dog,0.9781531433072413,5,dog,0.9843144740316504,5,dog,0.2635626559501388,5,dog,0.48965749206281556
train_04071,3,cat,3,cat,0.9993288133530894,3,cat,0.990991281449095,3,cat,0.31318905234779737,3,cat,0.966589892909251
train_04072,2,car,2,car,0.9588059803534842,2,car,0.9982050501497018,2,car,0.2606493219376083,2,car,0.9899697173552636
train_04073,2,car,2,car,0.9762351533135875,2,car,0.9990740365119662,2,car,0.22014762701156032,9,truck,0.6195510226000428
train_04074,5,dog,5,dog,0.8562224321038163,5,dog,0.9901424765478093,5,dog,0.2606518748772577,6,horse,0.5063372935919955
train_04076,1,bird,1,bird,0.998369925062926,1,bird,0.998822082480828,1,bird,0.2838427005424496,1,bird,0.9640227584846227
train_04077,3,cat,3,cat,0.9875778064642722,3,cat,0.9997047604959153,3,cat,0.25856822163430204,7,monkey,0.5131487403904761
train_04082,3,cat,3,cat,0.9996382445250016,3,cat,0.999272377768985,3,cat,0.30208215383755577,3,cat,0.9614852350871826
train_04083,8,ship,8,ship,0.9842357055303469,8,ship,0.9964750838203545,8,ship,0.4797890215388392,8,ship,0.9956327631116176
train_04084,8,ship,8,ship,0.9948702837726775,8,ship,0.9998019924331417,8,ship,0.5007821103353128,8,ship,0.9977780454559254
train_04085,7,monkey,7,monkey,0.9911488221481592,7,monkey,0.9997515793171573,7,monkey,0.437073499107994,7,monkey,0.9996262423990072
train_04086,1,bird,1,bird,0.9578900299387267,1,bird,0.8389938519671261,1,bird,0.3548584703734282,1,bird,0.9954469363402485
train_04087,7,monkey,7,monkey,0.961856303329909,7,monkey,0.9990008111808816,7,monkey,0.3303413550598048,7,monkey,0.997518865603572
train_04088,4,deer,4,deer,0.9927424653320868,4,deer,0.9991564535119327,4,deer,0.31994005386949986,4,deer,0.9984901603830046
train_04089,3,cat,3,cat,0.968646916371945,3,cat,0.995274373541652,3,cat,0.2875876449187976,3,cat,0.9800964892602733
train_04090,2,car,2,car,0.9985864644801585,2,car,0.9993051315769699,2,car,0.3792768701556533,2,car,0.9907081514564557
train_04091,9,truck,9,truck,0.9865339060782808,9,truck,0.9931395818618951,9,truck,0.4194158711132216,9,truck,0.992792324886889
train_04092,1,bird,1,bird,0.9986271956084615,1,bird,0.9999425845962394,1,bird,0.3906740189040638,1,bird,0.9979795974802709
train_04093,3,cat,3,cat,0.9617579923511096,3,cat,0.9962386837119702,3,cat,0.2730835840097745,3,cat,0.929709583133657
train_04095,7,monkey,7,monkey,0.9608034945193129,7,monkey,0.9959248984152059,7,monkey,0.3650239085528644,7,monkey,0.9998231913003585
train_04096,4,deer,4,deer,0.9855817297651117,4,deer,0.9996205000488434,4,deer,0.3080045470333528,4,deer,0.9948288854931239
train_04097,3,cat,3,cat,0.9679340088007226,3,cat,0.9993580652411259,3,cat,0.28152821659175614,3,cat,0.9498967605289946
train_04099,3,cat,3,cat,0.6472360285533454,3,cat,0.9958287354903144,5,dog,0.20531980811579278,4,deer,0.4445534307295358
train_04100,7,monkey,7,monkey,0.9777875260442919,7,monkey,0.9956986050447556,7,monkey,0.3573655375198063,7,monkey,0.9982020518085015
train_04101,3,cat,3,cat,0.9315475696728158,3,cat,0.9981911175522523,4,deer,0.2579859789722701,4,deer,0.9910387366758453
train_04104,1,bird,1,bird,0.865920262597669,1,bird,0.9227694309705531,1,bird,0.2244945630365477,1,bird,0.9766024899418279
train_04105,6,horse,6,horse,0.951204519299919,6,horse,0.9841870911088181,6,horse,0.367683638026379,6,horse,0.9958380493972037
train_04106,7,monkey,7,monkey,0.993051609994809,7,monkey,0.9990081405919771,7,monkey,0.3827190951954735,7,monkey,0.9996355730739378
train_04107,1,bird,1,bird,0.8972391823721149,1,bird,0.8830508741431229,1,bird,0.21344614900226355,1,bird,0.9762863074207809
train_04108,7,monkey,7,monkey,0.94614673418784,7,monkey,0.9952225865416157,7,monkey,0.4358015437645628,7,monkey,0.9997560336696617
train_04109,1,bird,1,bird,0.9204222060439438,1,bird,0.8738638840670069,1,bird,0.18721607962420667,1,bird,0.9537903385868174
train_04111,8,ship,8,ship,0.9792437462171693,8,ship,0.9991695268129978,8,ship,0.43276348709667256,8,ship,0.9960903515427226
train_04112,1,bird,1,bird,0.9991331371732177,1,bird,0.9998793671983907,1,bird,0.4190557489723866,1,bird,0.9981035087918648
train_04113,2,car,2,car,0.9962833930921914,2,car,0.9997587968195558,2,car,0.4231480773555454,2,car,0.9880200931302687
train_04114,5,dog,5,dog,0.9923132738951213,5,dog,0.9978836653825972,5,dog,0.30992967950300016,5,dog,0.9536673058204002
train_04115,1,bird,1,bird,0.9994332350523555,1,bird,0.9999448040264917,1,bird,0.4420519164054626,1,bird,0.9992511832155809
train_04116,7,monkey,7,monkey,0.9909705334025959,7,monkey,0.9971858427985082,7,monkey,0.41765510238130255,7,monkey,0.9975093442911722
train_04117,9,truck,9,truck,0.9949323708295578,9,truck,0.9990687402477615,9,truck,0.33515096737941547,9,truck,0.9934163305003648
train_04118,0,airplane,0,airplane,0.9839672040065482,0,airplane,0.999469092188643,0,airplane,0.381458588019337,0,airplane,0.9874702473699595
train_04119,3,cat,3,cat,0.9332720565988811,3,cat,0.9984539649161409,3,cat,0.2294535344769347,7,monkey,0.911748413394387
train_04121,2,car,2,car,0.9961071162594468,2,car,0.9995508776798098,2,car,0.3963349049925478,2,car,0.9912276138397195
train_04122,9,truck,9,truck,0.9939443968735141,9,truck,0.9990354260181329,9,truck,0.42351013503487567,9,truck,0.9961738194410914
train_04123,8,ship,8,ship,0.951807388279307,8,ship,0.9982550898083912,8,ship,0.40815501476809507,8,ship,0.9950749037121539
train_04124,7,monkey,7,monkey,0.8519306450046766,7,monkey,0.9995415876361496,7,monkey,0.2976122269594917,7,monkey,0.9716007149555835
train_04127,9,truck,9,truck,0.9908228444942864,9,truck,0.9482421522662858,9,truck,0.21524120281133313,9,truck,0.6665795511468348
train_04128,4,deer,4,deer,0.9907710773452953,4,deer,0.9994345159367457,4,deer,0.2607223412722579,4,deer,0.9938313560398327
train_04129,6,horse,6,horse,0.9998119119121134,6,horse,0.999851290259895,6,horse,0.39510550373704817,6,horse,0.9948575396772928
train_04130,9,truck,9,truck,0.9702782621819601,9,truck,0.9990836356088965,9,truck,0.2516844015816092,9,truck,0.7139889900203374
train_04131,5,dog,5,dog,0.9006295968113133,5,dog,0.9792895369976073,5,dog,0.242052257250771,6,horse,0.6095482352456245
train_04133,0,airplane,0,airplane,0.9892132966878803,0,airplane,0.9994401319848559,0,airplane,0.38128791067081397,0,airplane,0.9787360829167109
train_04134,1,bird,1,bird,0.999889081931997,1,bird,0.9990179358235365,1,bird,0.38229972290603187,1,bird,0.9976916393439338
train_04136,1,bird,1,bird,0.9484195165523521,1,bird,0.9407767693895408,1,bird,0.24972729478440406,1,bird,0.9893342405948774
train_04137,3,cat,3,cat,0.9133704830502845,3,cat,0.9987579919814754,3,cat,0.3185880502757835,3,cat,0.9781991185146042
train_04139,2,car,2,car,0.9843645161084527,2,car,0.9989885850052022,2,car,0.3744559969733004,2,car,0.9753879652721772
train_04140,3,cat,3,cat,0.9393280359429705,3,cat,0.7991967955182517,4,deer,0.2598948597506778,4,deer,0.9963924333127204
train_04141,9,truck,9,truck,0.9163395227992673,9,truck,0.9974432051368621,9,truck,0.22797878106307287,9,truck,0.7252916549962501
train_04142,7,monkey,7,monkey,0.9914988760556385,7,monkey,0.9987883932297963,7,monkey,0.38481383828272725,7,monkey,0.9995679498053371
train_04143,9,truck,9,truck,0.9867399846947893,9,truck,0.9978970794730793,9,truck,0.2793764439312491,9,truck,0.9736648458454582
train_04144,6,horse,6,horse,0.9659123442828603,6,horse,0.926804679310303,6,horse,0.33885879610783426,6,horse,0.9993086097677013
train_04145,1,bird,1,bird,0.9995077010555502,1,bird,0.999929884562602,1,bird,0.4423822592305081,1,bird,0.9990150484399537
train_04146,4,deer,4,deer,0.9803632944257481,4,deer,0.9992091756969553,4,deer,0.3537673036846355,4,deer,0.9990949993941733
train_04147,6,horse,6,horse,0.9523463791316424,6,horse,0.9890879885413547,6,horse,0.3451149900974092,6,horse,0.9985963746618126
train_04149,4,deer,4,deer,0.9724643618040584,4,deer,0.9978661634579968,4,deer,0.3281719766366315,4,deer,0.9488698037982114
train_04150,0,airplane,0,airplane,0.9845757337584442,0,airplane,0.9917391921879587,0,airplane,0.36956428803799085,0,airplane,0.961571902840563
train_04152,2,car,2,car,0.9955428951581078,2,car,0.9992079434374246,2,car,0.41744747728314696,2,car,0.9918187856773266
train_04153,2,car,2,car,0.9671274041410298,2,car,0.962226998835988,2,car,0.2896474182652284,2,car,0.8936526298039392
train_04154,6,horse,6,horse,0.9534201696642662,6,horse,0.9933512138898677,6,horse,0.3315420710407977,6,horse,0.9849274412005374
train_04155,0,airplane,0,airplane,0.9880478010229032,0,airplane,0.9971875201023362,0,airplane,0.4402733297854289,0,airplane,0.9842874149490709
train_04156,6,horse,6,horse,0.9767164958876373,6,horse,0.9951751402645627,6,horse,0.24846896366407276,6,horse,0.8496085586023063
train_04157,4,deer,4,deer,0.9351777543566936,4,deer,0.9971509319664442,4,deer,0.3285575979963801,4,deer,0.9971663875596193
train_04158,2,car,2,car,0.992352600956901,2,car,0.9997286777788131,2,car,0.31058888063883666,2,car,0.9491847305125243
train_04159,3,cat,3,cat,0.9779588638768094,3,cat,0.9997153380907168,3,cat,0.32560658448721425,3,cat,0.7788377097263773
train_04160,4,deer,4,deer,0.9771064167994951,4,deer,0.9983808742790874,4,deer,0.3378347872464997,4,deer,0.9991758205235388
train_04161,4,deer,4,deer,0.9569748898543129,4,deer,0.9986526746702683,4,deer,0.37811729102823666,4,deer,0.9972949991991426
train_04162,5,dog,5,dog,0.9760770331627103,5,dog,0.9165471068958191,5,dog,0.35104777173128443,5,dog,0.9644777512781341
train_04163,8,ship,8,ship,0.9921053998496998,8,ship,0.9897149975853824,8,ship,0.3782805042269841,8,ship,0.9963120879188198
train_04164,4,deer,4,deer,0.8134180425704757,4,deer,0.9723470394203605,4,deer,0.296638035309824,4,deer,0.9555625098524002
train_04165,0,airplane,0,airplane,0.9983105456114588,0,airplane,0.9995592412952594,0,airplane,0.39051303028250145,0,airplane,0.9677890948584803
train_04166,9,truck,9,truck,0.9527065826262665,9,truck,0.9715759417587084,9,truck,0.2707900983910152,9,truck,0.7654764419559573
train_04167,2,car,2,car,0.9987685641197719,2,car,0.9982526070668083,2,car,0.33982507285032815,2,car,0.9423237837141105
train_04168,3,cat,3,cat,0.9124083749342004,3,cat,0.9804350381330426,3,cat,0.28042030000879603,3,cat,0.5949532868349768
train_04169,9,truck,9,truck,0.9866733978747732,9,truck,0.9940099630692055,9,truck,0.32807403243399436,9,truck,0.9278286569788871
train_04170,2,car,2,car,0.9990428750038184,2,car,0.9999425918563424,2,car,0.40517196068880645,2,car,0.9721009044271531
train_04171,2,car,2,car,0.997767125629065,2,car,0.9999524199831984,2,car,0.3583343844388593,2,car,0.948825832187007
train_04172,9,truck,9,truck,0.9533178445451687,9,truck,0.9978761159194044,9,truck,0.3603068244922446,9,truck,0.9937677308831862
train_04175,7,monkey,7,monkey,0.985358096093266,7,monkey,0.9935133268053501,7,monkey,0.41958714392534824,7,monkey,0.9999263344269063
train_04176,2,car,2,car,0.9518179729223473,2,car,0.9955765701841836,2,car,0.3170416435836902,2,car,0.9898170943743612
train_04177,2,car,2,car,0.9877621368198436,2,car,0.9982343677995292,2,car,0.22752351239963492,2,car,0.9105808152292642
train_04178,6,horse,6,horse,0.9993623732858731,6,horse,0.999901526496926,6,horse,0.4035875298343748,6,horse,0.9973005070040173
train_04179,8,ship,8,ship,0.9909263986001461,8,ship,0.9997532127281101,8,ship,0.3808534107510507,8,ship,0.9884917191889551
train_04180,5,dog,5,dog,0.9833951078496247,5,dog,0.9991020920683107,5,dog,0.2834969389872573,5,dog,0.6227772104923802
train_04181,8,ship,8,ship,0.987824331782285,8,ship,0.9997233498706366,8,ship,0.4783220388582779,8,ship,0.9952260062444551
train_04183,8,ship,8,ship,0.9634138728501251,8,ship,0.9977472624758522,8,ship,0.4500959812726955,8,ship,0.9919847555070967
train_04184,9,truck,9,truck,0.9782689197670446,9,truck,0.998043240993364,9,truck,0.3924816913374611,9,truck,0.9937211332186486
train_04185,6,horse,6,horse,0.9460410228027679,6,horse,0.9993196944797186,6,horse,0.3688345498506986,6,horse,0.9982696635279743
train_04186,0,airplane,0,airplane,0.9207369262411234,0,airplane,0.9987874178716556,0,airplane,0.3806064567718741,0,airplane,0.8900299783956034
train_04188,3,cat,3,cat,0.9731796867768475,3,cat,0.9504080341800237,3,cat,0.2635437482083479,3,cat,0.42652817858889813
train_04189,7,monkey,7,monkey,0.9370827704838608,7,monkey,0.996952390077486,7,monkey,0.1934522202983696,7,monkey,0.9760004107000594
train_04191,3,cat,3,cat,0.9848403009827028,3,cat,0.9999300485729692,3,cat,0.3321889581086733,3,cat,0.9296568945243776
train_04193,8,ship,8,ship,0.9849702251101276,8,ship,0.9993654683403985,8,ship,0.4307392033376283,8,ship,0.9984406645945885
train_04194,1,bird,1,bird,0.9999699222554387,1,bird,0.9996552198855124,1,bird,0.39828901678782686,1,bird,0.9974267845411202
train_04195,9,truck,9,truck,0.992359145542712,9,truck,0.9993470425792859,9,truck,0.272412312559002,9,truck,0.9767243756671031
train_04196,4,deer,4,deer,0.9825840569681529,4,deer,0.9997294060738684,4,deer,0.3960761582274803,4,deer,0.9995487880540703
train_04197,7,monkey,1,bird,0.8132717626479932,7,monkey,0.9855954132735204,3,cat,0.15925620198845206,1,bird,0.245195332777125
train_04198,3,cat,3,cat,0.9541904256116507,3,cat,0.9955154617666384,3,cat,0.235497738737691,3,cat,0.8238576171722662
train_04199,5,dog,5,dog,0.9913235952666463,5,dog,0.9991953022460203,5,dog,0.3436102314035834,5,dog,0.9488754405201693
train_04200,3,cat,3,cat,0.8619735440429465,3,cat,0.9945848013707684,3,cat,0.31643717863345106,3,cat,0.8294307740487861
train_04201,4,deer,4,deer,0.9791706797211363,4,deer,0.9981534197772158,4,deer,0.4592527123780694,4,deer,0.9958389671130605
train_04203,5,dog,5,dog,0.987835370557628,5,dog,0.9914897652425644,5,dog,0.2935961162758639,5,dog,0.9699868391694639
train_04204,7,monkey,7,monkey,0.9812486228743417,7,monkey,0.9736642075249891,7,monkey,0.2758552155013122,7,monkey,0.996823255178187
train_04205,9,truck,9,truck,0.9673496477080463,9,truck,0.988546014719551,9,truck,0.2975103576855887,9,truck,0.8859082624814416
train_04206,7,monkey,7,monkey,0.9658092065678379,7,monkey,0.9981956216471976,7,monkey,0.3839303517351411,7,monkey,0.9988363739325158
train_04207,7,monkey,7,monkey,0.9811344771218933,7,monkey,0.9907475633552622,7,monkey,0.41453319933074484,7,monkey,0.9978759449042015
train_04208,7,monkey,7,monkey,0.9914053187687439,7,monkey,0.9963423092092875,7,monkey,0.38634930161572006,7,monkey,0.9992957231772691
train_04209,7,monkey,7,monkey,0.981669060187887,7,monkey,0.9982124782892592,7,monkey,0.3570039292181456,7,monkey,0.9648365613350588
train_04211,5,dog,5,dog,0.9729416622532994,5,dog,0.9840562544101767,5,dog,0.32847517133042187,5,dog,0.8226811716206106
train_04212,4,deer,4,deer,0.9723666987469443,4,deer,0.9873809129267075,4,deer,0.26459260054093064,4,deer,0.9851809425288124
train_04213,7,monkey,7,monkey,0.9914530717986388,7,monkey,0.9993749987469875,7,monkey,0.41829835016457534,7,monkey,0.9997311792224868
train_04214,3,cat,3,cat,0.9702377562000172,3,cat,0.9949242139266818,4,deer,0.20985851407168835,4,deer,0.9645561035265199
train_04216,1,bird,1,bird,0.998026108535042,1,bird,0.9997568785782343,1,bird,0.3461562036928992,1,bird,0.9982395735132964
train_04218,6,horse,6,horse,0.9418279970825423,6,horse,0.9968238573099222,6,horse,0.3342640774601604,6,horse,0.9989926591596487
train_04219,8,ship,8,ship,0.9975971363116206,8,ship,0.9997123705130873,8,ship,0.42319864839233917,8,ship,0.999324412947431
train_04220,8,ship,8,ship,0.9480470066133946,8,ship,0.9750851745590471,8,ship,0.329797537996337,8,ship,0.9963256895800446
train_04221,9,truck,9,truck,0.9911741757751412,9,truck,0.9992741578975156,9,truck,0.3721852170316612,9,truck,0.9829986680552969
train_04223,8,ship,8,ship,0.9923884076050423,8,ship,0.9999724007191815,8,ship,0.5069850516529331,8,ship,0.9970522712331323
train_04224,5,dog,5,dog,0.7107425316276553,5,dog,0.7205799472098088,5,dog,0.25636414372002136,6,horse,0.5138181623781183
train_04226,7,monkey,7,monkey,0.9695367208219833,7,monkey,0.9972931948209766,7,monkey,0.39919395682365205,7,monkey,0.9992462579058017
train_04227,4,deer,4,deer,0.9801217076359066,4,deer,0.9990761947037103,4,deer,0.44485236618552554,4,deer,0.9965686763241434
train_04228,7,monkey,7,monkey,0.9860826912493518,7,monkey,0.9990270583351609,7,monkey,0.34715694074969183,7,monkey,0.9993204058243224
train_04231,4,deer,4,deer,0.9791598940449435,4,deer,0.9996241890124556,4,deer,0.41924213207266525,4,deer,0.9978041415485297
train_04232,7,monkey,7,monkey,0.9754711839020739,7,monkey,0.9914695720748203,7,monkey,0.43936129593415135,7,monkey,0.9995311398677211
train_04233,2,car,2,car,0.9949454077032183,2,car,0.9974328078275625,2,car,0.3017592030818598,2,car,0.9692305316173344
train_04235,7,monkey,7,monkey,0.9459657299466133,7,monkey,0.9966311833696686,7,monkey,0.3177843560301589,7,monkey,0.9764033347816287
train_04236,7,monkey,7,monkey,0.9106468723225644,7,monkey,0.9982847322827288,7,monkey,0.3585076519113492,7,monkey,0.9991459478269165
train_04238,0,airplane,0,airplane,0.9612564818128474,0,airplane,0.8782340811123731,0,airplane,0.4223638451435176,0,airplane,0.9660197145013846
train_04239,3,cat,3,cat,0.9960836336573745,3,cat,0.9936357681564264,3,cat,0.27119906996020476,3,cat,0.9652077429415911
train_04240,7,monkey,7,monkey,0.927576134248711,7,monkey,0.9962350372183244,7,monkey,0.2758280134720562,7,monkey,0.9981602725080623
train_04241,4,deer,4,deer,0.7952346230545176,4,deer,0.8380015431807664,4,deer,0.192836706688082,4,deer,0.641829419444003
train_04243,3,cat,3,cat,0.9426360731633295,3,cat,0.9972404559158846,3,cat,0.29854087983414246,3,cat,0.950354663347166
train_04244,1,bird,1,bird,0.9973138653943228,1,bird,0.9710329198072596,1,bird,0.3874185356658226,1,bird,0.9962547790738715
train_04245,0,airplane,0,airplane,0.954769344969069,0,airplane,0.9991091427629153,0,airplane,0.29505325238199726,0,airplane,0.9200831276913244
train_04247,5,dog,5,dog,0.9959620204418085,5,dog,0.9986174517443115,5,dog,0.3745543807074125,5,dog,0.9795830554128276
train_04250,3,cat,3,cat,0.9913145257672684,3,cat,0.9997922156744162,3,cat,0.21701991126141285,4,deer,0.866040832671396
train_04251,4,deer,4,deer,0.9241547954775365,4,deer,0.998615762127524,4,deer,0.40279007794558436,4,deer,0.9950130257201469
train_04252,1,bird,1,bird,0.9937187467969106,1,bird,0.9974735839017572,1,bird,0.4014548433865136,1,bird,0.9987769525279488
train_04254,1,bird,1,bird,0.9984115156154837,1,bird,0.9999866953753221,1,bird,0.39717737559093563,1,bird,0.9983465113626168
train_04255,0,airplane,0,airplane,0.9728195949031231,0,airplane,0.9999133361743977,0,airplane,0.35668064874323024,0,airplane,0.7676675949763067
train_04256,7,monkey,7,monkey,0.9767554616788388,7,monkey,0.9985362819718809,7,monkey,0.33393041510056176,7,monkey,0.9990822127389896
train_04257,9,truck,9,truck,0.9764298504081651,9,truck,0.9990284033272695,9,truck,0.37570623022453886,9,truck,0.9906169597678793
train_04258,9,truck,9,truck,0.9915612375462177,9,truck,0.9938296370019296,9,truck,0.32411505010668107,9,truck,0.9164655525345281
train_04259,2,car,2,car,0.9779855511222546,2,car,0.9977806694483663,2,car,0.30376499868625223,2,car,0.8928838675592532
train_04260,8,ship,8,ship,0.9971315742431286,8,ship,0.9999719198174972,8,ship,0.47084996940905544,8,ship,0.9931947651606435
train_04261,3,cat,3,cat,0.9283687555845908,3,cat,0.9887936842334786,3,cat,0.36171221169916257,3,cat,0.6625797032999714
train_04262,1,bird,1,bird,0.9802538734637026,1,bird,0.9751073925729512,1,bird,0.21319003741313314,1,bird,0.9720745272229983
train_04263,1,bird,1,bird,0.9984218458773307,1,bird,0.9999259229054027,1,bird,0.446983134566123,1,bird,0.9956617296895847
train_04264,4,deer,4,deer,0.991896286153402,4,deer,0.9946447057808196,4,deer,0.359640426209193,4,deer,0.994744881871859
train_04265,6,horse,6,horse,0.9999643721302034,6,horse,0.9999453340878522,6,horse,0.35046187613448493,6,horse,0.9842274124327659
train_04266,1,bird,1,bird,0.9909770352602902,1,bird,0.9944146928022781,1,bird,0.3646710568168268,1,bird,0.994257378291555
train_04267,2,car,2,car,0.935845080085959,2,car,0.9862599394501032,2,car,0.35659179113281564,2,car,0.9513322687240306
train_04268,2,car,2,car,0.9906322700950512,2,car,0.9753111319198385,2,car,0.17258914321276472,2,car,0.673973629227194
train_04269,1,bird,1,bird,0.9996711287617814,1,bird,0.9997722867870575,1,bird,0.3778510067564053,1,bird,0.994956166090885
train_04270,0,airplane,0,airplane,0.8772027640137662,0,airplane,0.9898946522031464,0,airplane,0.35124814211705285,0,airplane,0.947732554448138
train_04271,3,cat,3,cat,0.7512329205139127,3,cat,0.9285095242147567,3,cat,0.1353026729339949,4,deer,0.8434082483466504
train_04272,5,dog,5,dog,0.994961291921388,5,dog,0.8550464342297832,5,dog,0.2909158100336234,5,dog,0.9724915612673997
train_04273,1,bird,1,bird,0.9146599096489743,1,bird,0.9090221647658681,1,bird,0.227813213610696,1,bird,0.9807960037769475
train_04274,2,car,2,car,0.9754466798707957,2,car,0.9999643234182739,2,car,0.3120241419228738,2,car,0.6952206485889447
train_04275,3,cat,3,cat,0.9912155410023175,3,cat,0.9975033156624551,3,cat,0.2906357674056185,3,cat,0.986355144407591
train_04276,7,monkey,7,monkey,0.9457410223362963,7,monkey,0.994810166901942,7,monkey,0.19490868483297225,1,bird,0.5221223321542194
train_04277,9,truck,9,truck,0.974936954606298,9,truck,0.9845394125828926,9,truck,0.3336701410806224,9,truck,0.9548217234515953
train_04278,0,airplane,0,airplane,0.9521934231220672,0,airplane,0.9992513385446234,0,airplane,0.3616273070381843,0,airplane,0.9468999640226534
train_04279,8,ship,8,ship,0.9744096334276433,8,ship,0.9899508326559376,8,ship,0.3725657689373939,8,ship,0.9865765985806486
train_04280,1,bird,1,bird,0.9588784508319879,1,bird,0.999672237485426,1,bird,0.3726276769813653,1,bird,0.9989345444183094
train_04281,4,deer,4,deer,0.9494599840557405,4,deer,0.9897377981821253,4,deer,0.41212763053716106,4,deer,0.9991168232742755
train_04282,6,horse,6,horse,0.9741806007623828,6,horse,0.999846042168552,6,horse,0.343233187243605,6,horse,0.9991473398261135
train_04283,0,airplane,0,airplane,0.9785977761199339,0,airplane,0.9963498598536089,0,airplane,0.33130528338106097,0,airplane,0.9879069970148024
train_04284,7,monkey,7,monkey,0.9819047891838618,7,monkey,0.9980378953616339,7,monkey,0.2852957238358875,7,monkey,0.9920403839460761
train_04287,4,deer,4,deer,0.9682383817214884,4,deer,0.8904641783451397,4,deer,0.33880449811474767,4,deer,0.8432087968994106
train_04288,9,truck,9,truck,0.9636108230996538,9,truck,0.994863040279791,9,truck,0.3639993502997047,9,truck,0.9939223969945418
train_04289,5,dog,5,dog,0.8157784425906042,5,dog,0.995141522544532,7,monkey,0.23898386216744047,7,monkey,0.6038694107525054
train_04290,4,deer,4,deer,0.9938761834102453,4,deer,0.9994832949203313,4,deer,0.4501415962301213,4,deer,0.999316625076431
train_04291,9,truck,9,truck,0.992447630921462,9,truck,0.999458110526104,9,truck,0.3635983071211513,9,truck,0.9965203082933856
train_04293,3,cat,3,cat,0.9782553095472294,3,cat,0.89570014261009,5,dog,0.25365491630704146,5,dog,0.6949709333762791
train_04294,7,monkey,7,monkey,0.9907945461037702,7,monkey,0.996794259958444,7,monkey,0.3565028944084934,7,monkey,0.9888307917836168
train_04295,0,airplane,0,airplane,0.9989310854246641,0,airplane,0.9984348948933127,0,airplane,0.36626598658089915,0,airplane,0.9825739843175425
train_04296,6,horse,6,horse,0.9874944508048539,6,horse,0.9978053721666755,6,horse,0.3928335827617777,6,horse,0.9935133304188996
train_04298,7,monkey,7,monkey,0.9769901727597545,7,monkey,0.9535078814478285,7,monkey,0.3428185246742445,7,monkey,0.99915372186542
train_04299,0,airplane,0,airplane,0.986699046308432,0,airplane,0.9950870868993055,0,airplane,0.3734174004889674,0,airplane,0.9336862480433061
train_04300,6,horse,6,horse,0.9867689383667222,6,horse,0.9995489150837987,6,horse,0.3606339437896435,6,horse,0.9992392648370658
train_04302,4,deer,4,deer,0.9604581733059523,4,deer,0.9984506675250363,4,deer,0.40057061197139693,4,deer,0.9908096420411583
train_04303,5,dog,7,monkey,0.4828333003691708,5,dog,0.8212305149625513,5,dog,0.22548859315992764,5,dog,0.709010625204095
train_04304,5,dog,5,dog,0.9769795781695814,5,dog,0.9942609708797862,5,dog,0.3225529260882086,5,dog,0.9674825500734929
train_04305,4,deer,4,deer,0.8500573710506714,4,deer,0.9817688367129338,4,deer,0.2648156104910158,4,deer,0.9534196992160076
train_04306,9,truck,9,truck,0.9778583432818992,9,truck,0.9984456530741407,9,truck,0.39796902158135533,9,truck,0.9957414935230277
train_04307,4,deer,4,deer,0.997069355786313,4,deer,0.9998251315573284,4,deer,0.44410841397109785,4,deer,0.9962681848533855
train_04308,1,bird,1,bird,0.9976490617785796,1,bird,0.9995277298778402,1,bird,0.3003933900360373,1,bird,0.9476367001361113
train_04309,3,cat,3,cat,0.9808881804959309,3,cat,0.996859889659635,3,cat,0.24679381302141573,4,deer,0.4435584122244423
train_04311,1,bird,1,bird,0.9921451647074021,1,bird,0.9996996452017682,1,bird,0.2996348623802391,1,bird,0.9891209630480995
train_04313,2,car,2,car,0.9954141129396068,2,car,0.9980155732173501,2,car,0.27307407162863434,2,car,0.5508621560701312
train_04314,2,car,2,car,0.9973889534706333,2,car,0.9998262934381402,2,car,0.33492361999305026,2,car,0.9879705896118364
train_04316,8,ship,8,ship,0.9553447480301807,8,ship,0.9954991701191748,8,ship,0.46347654752444123,8,ship,0.9960052063169086
train_04317,7,monkey,7,monkey,0.9872551146764107,7,monkey,0.7907413714188727,7,monkey,0.19329221984880282,7,monkey,0.9782741793416858
train_04318,2,car,2,car,0.9892470159184265,2,car,0.9997498107585432,2,car,0.313969135939805,2,car,0.9436903365172624
train_04319,1,bird,1,bird,0.9582319749853583,1,bird,0.9995737091532645,1,bird,0.41877860444533166,1,bird,0.9987573554720515
train_04320,8,ship,8,ship,0.9058111384157564,8,ship,0.9945792408198757,8,ship,0.28357489797822555,8,ship,0.9954914182735839
train_04321,5,dog,5,dog,0.9792954621198904,5,dog,0.9975794803650275,5,dog,0.35000253763945427,5,dog,0.9672338132446833
train_04322,0,airplane,0,airplane,0.9518337504524159,0,airplane,0.9973990367598923,0,airplane,0.3428027592193783,0,airplane,0.9539215714655572
train_04323,8,ship,8,ship,0.9640609429530091,8,ship,0.997511723103032,8,ship,0.4287090815175899,8,ship,0.9950389164417868
train_04324,6,horse,6,horse,0.9060200787549343,6,horse,0.9974847775182749,6,horse,0.28333245913297217,6,horse,0.8920194887529755
train_04325,1,bird,1,bird,0.6332136427772945,1,bird,0.8865932086779149,1,bird,0.333871231943974,1,bird,0.987047745997121
train_04326,7,monkey,7,monkey,0.8582976121552301,7,monkey,0.9958700953735912,7,monkey,0.29352532233776846,7,monkey,0.9760478985824346
train_04329,2,car,2,car,0.9964693647488891,2,car,0.9999299539858756,2,car,0.3609984203042909,2,car,0.9412742133927898
train_04330,0,airplane,0,airplane,0.9900408185830825,0,airplane,0.9999099646856028,0,airplane,0.37772409866056295,0,airplane,0.9578251325068539
train_04332,9,truck,9,truck,0.9896643443667938,9,truck,0.999118554310889,9,truck,0.3808497504198449,9,truck,0.9894444197794496
train_04333,4,deer,4,deer,0.9367415334153506,4,deer,0.9987131952073629,4,deer,0.35735672406408614,4,deer,0.9994587733232878
train_04334,7,monkey,7,monkey,0.9378689935841301,7,monkey,0.9815584263308167,7,monkey,0.3392634457369652,7,monkey,0.990067930141956
train_04335,4,deer,4,deer,0.9714843438177376,4,deer,0.9990100438471474,4,deer,0.4218883694998362,4,deer,0.9982565689477172
train_04336,4,deer,4,deer,0.9800459914615184,4,deer,0.9987739033836602,4,deer,0.3864140563907749,4,deer,0.9965699796690848
train_04337,2,car,2,car,0.9992352103713799,2,car,0.9997837521064626,2,car,0.35609290462590826,2,car,0.9193582942623901
train_04338,5,dog,5,dog,0.9424910120232619,5,dog,0.9509175005107401,5,dog,0.286981451385129,5,dog,0.9246321100895802
train_04340,6,horse,6,horse,0.9578406413428429,6,horse,0.9994242177499685,6,horse,0.39491568720617115,6,horse,0.9956275287862758
train_04343,5,dog,5,dog,0.9917606930177809,5,dog,0.9925857046537211,5,dog,0.3505187108595333,5,dog,0.8954982322698297
train_04344,3,cat,3,cat,0.9951976892318375,3,cat,0.9997110216195846,3,cat,0.3605643739344264,3,cat,0.9573680352048138
train_04346,0,airplane,0,airplane,0.6911095062859884,0,airplane,0.6741466502007761,0,airplane,0.3183748957919959,8,ship,0.5404541507629346
train_04348,2,car,2,car,0.9752602045692962,2,car,0.9992384908206753,2,car,0.39727346276721137,2,car,0.9730527927344982
train_04349,3,cat,3,cat,0.9656575412311674,3,cat,0.999942114674556,3,cat,0.2802165032326385,4,deer,0.8594692170785071
train_04350,5,dog,5,dog,0.9888765843511856,5,dog,0.9945106629696572,3,cat,0.218364117356673,3,cat,0.4880410187324389
train_04351,6,horse,6,horse,0.9897849888143666,6,horse,0.9954320573927639,6,horse,0.2281269718821603,6,horse,0.9028390006232148
train_04352,0,airplane,0,airplane,0.5180557243928556,0,airplane,0.8728485983978774,8,ship,0.2519748334010497,8,ship,0.9692027192145778
train_04353,6,horse,6,horse,0.9765584742433594,6,horse,0.9963527260962972,6,horse,0.27989155437972557,6,horse,0.9646976998915383
train_04354,3,cat,3,cat,0.9945967890336048,3,cat,0.9986669328795038,3,cat,0.2677871193423604,3,cat,0.5149890862024564
train_04355,4,deer,4,deer,0.991442418850593,4,deer,0.9882514788643888,4,deer,0.37513601469910157,4,deer,0.9994233359189058
train_04356,7,monkey,7,monkey,0.9565566280861442,7,monkey,0.9971414153159517,5,dog,0.20230732693869632,5,dog,0.42041304422736325
train_04361,1,bird,1,bird,0.9974044531106101,1,bird,0.9986897997548049,1,bird,0.2753692832490045,1,bird,0.9915386663760793
train_04363,3,cat,3,cat,0.9733454459106577,3,cat,0.9917965634637508,3,cat,0.2763000112596123,3,cat,0.9487069058990825
train_04364,9,truck,9,truck,0.9801123630466401,9,truck,0.9997887057198774,9,truck,0.3765250249141871,9,truck,0.996450311440477
train_04366,8,ship,8,ship,0.858733895899375,8,ship,0.9997468246625448,8,ship,0.43511821786470545,8,ship,0.997465645177038
train_04367,8,ship,8,ship,0.9797185305760957,8,ship,0.9986741004636143,8,ship,0.4627397131160004,8,ship,0.9871839852333395
train_04369,9,truck,9,truck,0.9834666757597134,9,truck,0.9998653375980979,9,truck,0.30022712546900476,9,truck,0.986123201194114
train_04370,0,airplane,0,airplane,0.9890277044826211,0,airplane,0.9995585032111849,0,airplane,0.40966721413912893,0,airplane,0.846456610814494
train_04371,1,bird,1,bird,0.99467217177095,1,bird,0.9931856861631935,1,bird,0.2796370951838096,1,bird,0.9920759209006929
train_04372,2,car,2,car,0.992535754976548,2,car,0.9993863180876429,2,car,0.41197680827144767,2,car,0.9886673033329691
train_04373,9,truck,9,truck,0.9944826354986797,9,truck,0.9990277383582485,9,truck,0.37776548941182186,9,truck,0.9880445413086292
train_04374,6,horse,6,horse,0.9819642129133913,6,horse,0.9989118684987855,6,horse,0.37445797593540164,6,horse,0.9994879801668769
train_04376,8,ship,8,ship,0.9346483264367597,8,ship,0.9991179762761722,8,ship,0.3936610566468327,8,ship,0.9958928939638466
train_04377,3,cat,3,cat,0.9825667611265899,3,cat,0.9905176336364141,3,cat,0.30307661262638325,3,cat,0.9730401739937209
train_04378,0,airplane,0,airplane,0.9749023172369823,0,airplane,0.9993024236352295,0,airplane,0.3271092788365632,0,airplane,0.9794731352548008
train_04379,0,airplane,0,airplane,0.9305684936017308,0,airplane,0.9993861450543393,0,airplane,0.3601452385572741,0,airplane,0.9816548228033778
train_04380,2,car,2,car,0.9923566160062336,2,car,0.995055316256879,2,car,0.33427545766728656,2,car,0.9518331164249562
train_04381,8,ship,8,ship,0.9932246105794187,8,ship,0.9998848704556446,8,ship,0.49332520128135704,8,ship,0.9911939920118447
train_04382,4,deer,4,deer,0.971823449983062,4,deer,0.9996176588931047,4,deer,0.35773642670532624,4,deer,0.99911328628496
train_04383,5,dog,5,dog,0.8803691418272942,5,dog,0.9898191567947592,5,dog,0.34041062448147014,5,dog,0.9682575624239386
train_04384,0,airplane,0,airplane,0.9902630865681602,0,airplane,0.9983245810173781,0,airplane,0.3149917427737547,0,airplane,0.92783791336447
train_04385,0,airplane,0,airplane,0.9953182835347457,0,airplane,0.9995494619502523,0,airplane,0.41486511289456945,0,airplane,0.9678959623989839
train_04386,0,airplane,0,airplane,0.9322893342772028,0,airplane,0.9930075803951971,0,airplane,0.3135282904161574,0,airplane,0.9418402444820035
train_04387,2,car,2,car,0.9969148255512184,2,car,0.9994503930359704,2,car,0.3899463376925567,2,car,0.9980698223416832
train_04388,7,monkey,7,monkey,0.966033008376828,7,monkey,0.9998242135240528,7,monkey,0.354049304601097,7,monkey,0.9996970546092767
train_04389,0,airplane,0,airplane,0.95886124871783,0,airplane,0.9919223307962932,0,airplane,0.3131018312475344,0,airplane,0.9768380996855028
train_04390,6,horse,6,horse,0.9787681815949346,6,horse,0.9992388897473486,6,horse,0.3485122053934845,6,horse,0.9944889325616199
train_04391,1,bird,1,bird,0.9649874847726724,1,bird,0.9953106664674667,1,bird,0.29002732634640543,1,bird,0.9939616065310642
train_04392,6,horse,6,horse,0.9997756148281977,6,horse,0.999911712466885,6,horse,0.36920670154235524,6,horse,0.9960872996321714
train_04393,9,truck,9,truck,0.9890456107529566,9,truck,0.9990606094588939,9,truck,0.3954571613316796,9,truck,0.9933715725636889
train_04394,4,deer,4,deer,0.9322402415679562,4,deer,0.9972858644388447,4,deer,0.3215838673038427,4,deer,0.9982164103470558
train_04395,0,airplane,0,airplane,0.9839660997701788,0,airplane,0.9954352596443263,0,airplane,0.3615749411355324,0,airplane,0.9189880622134973
train_04396,4,deer,4,deer,0.9637544560672597,4,deer,0.9769799246722414,4,deer,0.3224780404010054,4,deer,0.9982226570520527
train_04397,6,horse,6,horse,0.9547126353513297,6,horse,0.8893636053255264,6,horse,0.24334869766225392,6,horse,0.9953492306269854
train_04398,2,car,2,car,0.9581359915830536,2,car,0.8893113609103073,2,car,0.26608538876886306,9,truck,0.551339783809697
train_04399,9,truck,9,truck,0.9930789560844906,9,truck,0.9971717244693475,9,truck,0.28498759504772647,9,truck,0.9644595551077098
train_04400,3,cat,3,cat,0.9969047399758754,3,cat,0.9992867788251834,3,cat,0.3029915803451428,3,cat,0.9087375511583302
train_04402,9,truck,9,truck,0.9936562881403352,9,truck,0.9997764189171122,9,truck,0.3755962371522092,9,truck,0.9896179864306166
train_04403,8,ship,8,ship,0.9885033805934078,8,ship,0.9992553859354277,8,ship,0.33923477531279533,8,ship,0.9913328510396011
train_04404,7,monkey,7,monkey,0.9867762715725187,7,monkey,0.9883429550598745,7,monkey,0.4239372533364889,7,monkey,0.9998000880372607
train_04405,8,ship,8,ship,0.8418627027770177,8,ship,0.8953925123437785,8,ship,0.26367168583642087,8,ship,0.9869715050985589
train_04406,9,truck,9,truck,0.9914986146160782,9,truck,0.9987161157447404,9,truck,0.24751638605318704,9,truck,0.8541929633411199
train_04409,2,car,2,car,0.9968891369117652,2,car,0.9996375839127268,2,car,0.3633689075714985,2,car,0.9544753415867858
train_04410,2,car,2,car,0.9930814710661925,2,car,0.9982587792105908,2,car,0.3770650007575062,2,car,0.9746056821665415
train_04411,4,deer,4,deer,0.9793176797191919,4,deer,0.9952675790513613,4,deer,0.4057033614368026,4,deer,0.9990086109403216
train_04413,1,bird,1,bird,0.9953010526807972,1,bird,0.9999497026941047,1,bird,0.2804633280796913,1,bird,0.978696760094518
train_04414,8,ship,8,ship,0.9853145154725669,8,ship,0.9986690563089532,8,ship,0.37011034993030156,8,ship,0.997150815148454
train_04415,6,horse,6,horse,0.973098922766797,6,horse,0.9792251881872224,6,horse,0.2836116047366498,6,horse,0.9971408958156314
train_04416,3,cat,3,cat,0.9955661290478317,3,cat,0.9999703316549629,3,cat,0.2431710792495387,3,cat,0.8241302064037497
train_04417,8,ship,8,ship,0.9080670649596638,8,ship,0.9951724511791867,8,ship,0.42639166006669504,8,ship,0.9931982191236222
train_04418,8,ship,8,ship,0.969626032879553,8,ship,0.9997653288000982,8,ship,0.41593991212158554,8,ship,0.9952871452657942
train_04422,1,bird,1,bird,0.9878807892106927,1,bird,0.9841802461452153,1,bird,0.2802359626152224,1,bird,0.978219349639674
train_04423,3,cat,3,cat,0.9940942953499364,3,cat,0.9998011950189148,3,cat,0.2545356118809617,3,cat,0.4617403866613075
train_04424,5,dog,5,dog,0.978466854311959,5,dog,0.9817451482671958,5,dog,0.3432028153899325,5,dog,0.950114243264122
train_04425,4,deer,4,deer,0.9903032404420461,4,deer,0.958635795498503,4,deer,0.3471789496495773,4,deer,0.9983669600074376
train_04426,3,cat,3,cat,0.9728128312876151,3,cat,0.9904313148758012,4,deer,0.15817448329133998,4,deer,0.8038054250768082
train_04428,3,cat,3,cat,0.9632821211260905,3,cat,0.9998139094566004,3,cat,0.3354243796332548,3,cat,0.9653099034689698
train_04429,0,airplane,0,airplane,0.8905369291443787,0,airplane,0.9950143242139278,0,airplane,0.3827903173542887,0,airplane,0.9179276253261823
train_04430,8,ship,8,ship,0.9762924576141448,8,ship,0.9971433016657204,8,ship,0.45470066411616367,8,ship,0.9904231695931455
train_04431,4,deer,4,deer,0.9857400435596505,4,deer,0.985648794013616,4,deer,0.37476759305131874,4,deer,0.9980661322627342
train_04433,8,ship,8,ship,0.9781607602791802,8,ship,0.9993756858176456,8,ship,0.3797877940017908,8,ship,0.998045158015487
train_04435,0,airplane,0,airplane,0.9890603905280073,0,airplane,0.9990349961489999,0,airplane,0.37586473169695267,0,airplane,0.86539194976364
train_04436,5,dog,5,dog,0.9981431699656655,5,dog,0.997229844264656,5,dog,0.3264917981205893,5,dog,0.9182892235764496
train_04437,8,ship,8,ship,0.994016850513888,8,ship,0.9934650463925817,8,ship,0.3154540144879429,8,ship,0.9680176177391985
train_04438,6,horse,6,horse,0.9793033164184725,6,horse,0.999957693007112,6,horse,0.3054915495073842,6,horse,0.9990027331599536
train_04440,7,monkey,7,monkey,0.9897984469099321,7,monkey,0.9987102796507752,7,monkey,0.3368845541719501,7,monkey,0.9955305103479039
train_04442,6,horse,6,horse,0.9794132543747223,6,horse,0.8937751567818859,6,horse,0.31503516338695703,6,horse,0.9880033539801645
train_04444,9,truck,9,truck,0.852849901801964,9,truck,0.8101133415104183,9,truck,0.2407867165240487,9,truck,0.9795311246447044
train_04447,7,monkey,7,monkey,0.9646372079095078,7,monkey,0.9962067771961403,7,monkey,0.36673795012245924,7,monkey,0.995278616679659
train_04449,9,truck,9,truck,0.9662935842845021,9,truck,0.9993599982964299,9,truck,0.29292668340892736,9,truck,0.9745624116336575
train_04450,1,bird,1,bird,0.9996809321344537,1,bird,0.999757940541467,1,bird,0.381537936633897,1,bird,0.994081722945323
train_04451,0,airplane,0,airplane,0.9881774412451048,0,airplane,0.9994968183496437,0,airplane,0.3575785643347588,0,airplane,0.9778446926627757
train_04452,2,car,2,car,0.9765822819624741,2,car,0.9986812534117412,2,car,0.39225150246883056,2,car,0.9806259341844819
train_04453,1,bird,1,bird,0.892692399579382,1,bird,0.9818029525518698,1,bird,0.38326222421246386,1,bird,0.9974265606860258
train_04454,0,airplane,0,airplane,0.9412759238428472,0,airplane,0.9035882930516835,0,airplane,0.33167411296226074,0,airplane,0.9660166077681918
train_04455,2,car,2,car,0.9976262768349595,2,car,0.999693738721257,2,car,0.35979458779788975,2,car,0.9945103755528019
train_04457,7,monkey,7,monkey,0.9822356588741483,7,monkey,0.9966438217916774,7,monkey,0.24411483482904908,7,monkey,0.7672616733348888
train_04458,7,monkey,7,monkey,0.9779460741032244,7,monkey,0.9983574958236967,7,monkey,0.27781470557967813,7,monkey,0.9410366292182296
train_04459,8,ship,8,ship,0.9976953503802427,8,ship,0.9978972506154841,8,ship,0.2405965019583956,8,ship,0.9716341479077352
train_04461,1,bird,1,bird,0.999141168690774,1,bird,0.9999372864627047,1,bird,0.4396041267123678,1,bird,0.9976401778586597
train_04462,3,cat,3,cat,0.9775610319424437,3,cat,0.9985095869735537,3,cat,0.2609271284401915,3,cat,0.9433561249146093
train_04463,3,cat,3,cat,0.984913487562339,3,cat,0.9918902758731731,3,cat,0.24176467737806667,4,deer,0.5070099854304297
train_04464,4,deer,4,deer,0.9857313897654878,4,deer,0.998249363349122,4,deer,0.21223696545445428,4,deer,0.9738859457810544
train_04465,5,dog,5,dog,0.9362262348964734,5,dog,0.9519668705923569,5,dog,0.36883591977267743,5,dog,0.9818562098447858
train_04466,8,ship,8,ship,0.9599015117521765,8,ship,0.9994370464386797,8,ship,0.5091670269901312,8,ship,0.9985855257602414
train_04467,4,deer,4,deer,0.8532961560624209,4,deer,0.997633205487389,4,deer,0.37715923899735293,4,deer,0.9968608931107141
train_04468,1,bird,1,bird,0.9921225655770649,1,bird,0.9761865000695523,7,monkey,0.2125665532338409,1,bird,0.7948634830062603
train_04469,5,dog,5,dog,0.964113007456919,5,dog,0.9843049073256882,5,dog,0.33486613852912045,5,dog,0.8012666554781525
train_04470,0,airplane,0,airplane,0.954715707605363,0,airplane,0.9996251714426434,0,airplane,0.3670599757993565,0,airplane,0.9659799711129173
train_04471,2,car,2,car,0.995355509681935,2,car,0.9999509933213405,2,car,0.367707514115081,2,car,0.9367888108747522
train_04472,6,horse,6,horse,0.9852181210815575,6,horse,0.9996738058000745,6,horse,0.28752392683360584,6,horse,0.9986135977290922
train_04474,7,monkey,7,monkey,0.9283246876491684,7,monkey,0.9941176361646977,7,monkey,0.38427176626654813,7,monkey,0.9950742937720789
train_04476,3,cat,3,cat,0.9947361266154571,3,cat,0.998135785804498,3,cat,0.2959598543014761,3,cat,0.9787036620232329
train_04477,2,car,2,car,0.9919395533085215,2,car,0.9998620318053314,2,car,0.3467954721936375,2,car,0.9933298856110343
train_04479,1,bird,1,bird,0.9980655642635325,1,bird,0.9999293413303606,1,bird,0.27293921194094656,1,bird,0.9530535923700667
train_04480,8,ship,8,ship,0.907240214373852,8,ship,0.9993394080612027,8,ship,0.31679787893195477,8,ship,0.985789821790799
train_04481,3,cat,3,cat,0.9435184286441762,3,cat,0.9981649098783355,3,cat,0.3643101599863593,3,cat,0.9569582827530597
train_04482,8,ship,8,ship,0.922675045593278,8,ship,0.998190665288662,8,ship,0.3688548028874324,8,ship,0.9973417879965798
train_04483,0,airplane,0,airplane,0.9643964910079124,0,airplane,0.9986135974046034,0,airplane,0.4361773077674785,0,airplane,0.9831761160106965
train_04484,9,truck,9,truck,0.9872977304086759,9,truck,0.9990376196670817,9,truck,0.41225467728108656,9,truck,0.9878754073150093
train_04486,6,horse,6,horse,0.9796181596098816,6,horse,0.9999555607379305,6,horse,0.33183483867961266,6,horse,0.9996768316984972
train_04487,6,horse,6,horse,0.5936760428319475,6,horse,0.8425412522658361,6,horse,0.17474778081426082,6,horse,0.9829337032873964
train_04488,5,dog,5,dog,0.9819634887141863,5,dog,0.9869265677250256,5,dog,0.3726434292128543,5,dog,0.9855781847227164
train_04489,4,deer,4,deer,0.9383790015926295,4,deer,0.9963773360742562,4,deer,0.3316674161658567,4,deer,0.9989393822687727
train_04491,1,bird,1,bird,0.9995842197854268,1,bird,0.9996407365143428,1,bird,0.3676045233682739,1,bird,0.998146194664519
train_04492,6,horse,6,horse,0.9778149970571975,6,horse,0.9949773849178287,6,horse,0.3466286620728866,6,horse,0.9991628633244816
train_04493,1,bird,1,bird,0.992151591091652,1,bird,0.9999501601726339,1,bird,0.44187787994784117,1,bird,0.9983952457480849
train_04494,7,monkey,7,monkey,0.9619626995250455,7,monkey,0.9944553724915587,7,monkey,0.3794357385930895,7,monkey,0.9996618228873768
train_04495,3,cat,3,cat,0.9815121214644353,3,cat,0.9988403201932499,3,cat,0.2869911802694985,3,cat,0.9817632864623042
train_04496,8,ship,8,ship,0.9964172330461325,8,ship,0.9997483029599707,8,ship,0.4726085561438571,8,ship,0.9943521347805625
train_04497,3,cat,3,cat,0.687267226648307,3,cat,0.9021182931254664,3,cat,0.16816003487517803,5,dog,0.7156532372711035
train_04498,4,deer,6,horse,0.5824270247726149,4,deer,0.5305350924899682,6,horse,0.19924558694375943,4,deer,0.4853216792083581
train_04500,7,monkey,7,monkey,0.9008807518683686,7,monkey,0.9536208621342116,7,monkey,0.2773455430863356,7,monkey,0.9949804778672342
train_04501,1,bird,1,bird,0.9792033781704768,1,bird,0.9987711708382548,1,bird,0.3829549982136893,1,bird,0.9979880177019252
train_04502,0,airplane,0,airplane,0.9321114723237325,0,airplane,0.9951358277124636,0,airplane,0.3678321164842292,0,airplane,0.9641135330165533
train_04503,6,horse,6,horse,0.8712438680103433,6,horse,0.9982713171352369,6,horse,0.3936706164088968,6,horse,0.9981071962679222
train_04504,2,car,2,car,0.9878020368444643,2,car,0.9997350235655341,2,car,0.3779686910468477,2,car,0.9716172766918831
train_04506,5,dog,5,dog,0.957942286824916,5,dog,0.9985238721342162,5,dog,0.35170191221076647,5,dog,0.8341562770958741
train_04508,0,airplane,0,airplane,0.9806303427058646,0,airplane,0.9971802979500364,0,airplane,0.38231628145508834,0,airplane,0.9902337960429547
train_04509,0,airplane,0,airplane,0.992483252597778,0,airplane,0.9996690698393862,0,airplane,0.3911126683174488,0,airplane,0.9405550495593811
train_04512,0,airplane,0,airplane,0.9637887878349686,0,airplane,0.9966153602706946,0,airplane,0.39176575111464307,0,airplane,0.9718951623210186
train_04513,1,bird,1,bird,0.9986335292865904,1,bird,0.999878411922467,1,bird,0.4222163353920169,1,bird,0.9927058821703856
train_04514,8,ship,8,ship,0.9911451316569774,8,ship,0.9986905198285784,8,ship,0.45383943214166866,8,ship,0.991746484658989
train_04515,5,dog,5,dog,0.9944635275640389,5,dog,0.9986782737542769,5,dog,0.3858841726811222,5,dog,0.9738616031234469
train_04516,3,cat,3,cat,0.883820944049066,3,cat,0.9995530176140464,3,cat,0.326482274677269,3,cat,0.9764476106605665
train_04517,0,airplane,0,airplane,0.9978802753937236,0,airplane,0.9085528962078384,0,airplane,0.3134727260724098,0,airplane,0.9155343575248197
train_04518,6,horse,6,horse,0.9800984088093229,6,horse,0.9997860669116131,6,horse,0.3700139682128674,6,horse,0.9984548396528562
train_04520,4,deer,4,deer,0.7682326642311015,4,deer,0.9715517941853274,4,deer,0.33832580639202225,4,deer,0.9776193241438703
train_04521,3,cat,3,cat,0.8982433575635915,3,cat,0.9956745952764547,3,cat,0.2763316691188121,4,deer,0.697249627844143
train_04522,9,truck,9,truck,0.9910787826213248,9,truck,0.9998971660866582,9,truck,0.34046178366940905,9,truck,0.9893631813038665
train_04523,0,airplane,0,airplane,0.9686257858147944,0,airplane,0.9936045469145134,0,airplane,0.35339284085747796,0,airplane,0.9707236297278451
train_04524,5,dog,5,dog,0.8079608793794419,5,dog,0.8573613769350446,5,dog,0.3304924861228603,5,dog,0.9106075825142729
train_04525,6,horse,6,horse,0.9205651911377323,6,horse,0.9999378442871178,6,horse,0.31844328414367934,6,horse,0.9991106852838972
train_04526,0,airplane,0,airplane,0.9900778159922278,0,airplane,0.984357135518375,0,airplane,0.2836547741695042,0,airplane,0.8415245703476782
train_04527,4,deer,4,deer,0.9948236159065891,4,deer,0.996753369658015,4,deer,0.32002693523431347,4,deer,0.9994851662458167
train_04528,5,dog,5,dog,0.9664905207439681,5,dog,0.9837865294061178,5,dog,0.3406437898743826,5,dog,0.9159994141978647
train_04529,0,airplane,0,airplane,0.8737334252924944,0,airplane,0.9919570071116056,0,airplane,0.32280579303163726,0,airplane,0.9607063762913999
train_04530,1,bird,1,bird,0.9998365550947367,1,bird,0.9998960393777929,1,bird,0.4555289827082407,1,bird,0.9994866733194927
train_04531,7,monkey,7,monkey,0.9804387916098362,7,monkey,0.9976577269820933,7,monkey,0.35846840950873315,7,monkey,0.9994215377440555
train_04532,3,cat,3,cat,0.9950657644521923,3,cat,0.999989991188423,3,cat,0.3108955440984244,3,cat,0.7806585525265499
train_04533,5,dog,5,dog,0.9794190404660652,5,dog,0.9942714079849994,5,dog,0.2625887661139931,5,dog,0.9816719263960965
train_04534,5,dog,5,dog,0.9510521639390433,5,dog,0.9983297618810626,5,dog,0.3495850742045086,5,dog,0.9527161962102207
train_04535,6,horse,6,horse,0.9991357946486354,6,horse,0.999859701105642,6,horse,0.33454050443802996,6,horse,0.996547332859606
train_04536,1,bird,1,bird,0.9917259435254038,1,bird,0.9795190127121759,1,bird,0.14944118871074558,1,bird,0.8353913181624135
train_04537,6,horse,6,horse,0.9853889209214807,6,horse,0.9859449684997789,6,horse,0.3043665137066958,6,horse,0.9960238071650438
train_04538,4,deer,4,deer,0.9076335622855459,4,deer,0.9751254260529477,4,deer,0.3501358655444382,4,deer,0.9943191216753077
train_04539,1,bird,1,bird,0.9927844730110933,1,bird,0.9946094083404765,1,bird,0.33784260980057723,1,bird,0.9971710672907635
train_04540,6,horse,6,horse,0.9979675883333124,6,horse,0.9978244152600605,6,horse,0.3525493443856024,6,horse,0.9991641443719491
train_04541,3,cat,3,cat,0.9893420547780165,3,cat,0.808557307096591,3,cat,0.2530519191874909,3,cat,0.9537408881262539
train_04542,6,horse,6,horse,0.9520052675852803,6,horse,0.9891307813006025,6,horse,0.41153918792926425,6,horse,0.9983077329324023
train_04543,4,deer,4,deer,0.8366248644476582,4,deer,0.9929426753210998,4,deer,0.22499541437026163,4,deer,0.5162905468529313
train_04544,7,monkey,7,monkey,0.8649598072115912,7,monkey,0.9922706452038678,5,dog,0.17731567419647365,5,dog,0.48386117868169637
train_04545,1,bird,1,bird,0.998754311214963,1,bird,0.9995924076568803,1,bird,0.38769893671901723,1,bird,0.9972373788200296
train_04546,2,car,2,car,0.9101640089194928,2,car,0.8938227867969283,2,car,0.1608425923098961,2,car,0.6798545997230597
train_04547,6,horse,6,horse,0.999518907074908,6,horse,0.9999218811154945,6,horse,0.31401508984426724,6,horse,0.9916536015914593
train_04548,7,monkey,7,monkey,0.968445998337995,7,monkey,0.9955273587009524,7,monkey,0.377709262697081,7,monkey,0.9992380914023302
train_04549,1,bird,1,bird,0.9991586199807287,1,bird,0.9997718048248874,1,bird,0.2721863384804088,1,bird,0.9840617794416942
train_04550,4,deer,4,deer,0.9747428690336575,4,deer,0.9995727575383024,4,deer,0.4010981536462892,4,deer,0.9993029790567515
train_04551,1,bird,1,bird,0.9928732797810986,1,bird,0.999657632022463,1,bird,0.3927209410095329,1,bird,0.9977935679381983
train_04552,0,airplane,0,airplane,0.8360453639591521,0,airplane,0.987924094519867,0,airplane,0.41313094509773257,0,airplane,0.8476651967515995
train_04553,8,ship,8,ship,0.9764258941445644,8,ship,0.998806619669834,8,ship,0.45084180408692603,8,ship,0.9944717073455696
train_04554,9,truck,9,truck,0.9888736806377291,9,truck,0.9998457437803341,9,truck,0.37469350645527,9,truck,0.9804556731819993
train_04555,8,ship,8,ship,0.9014390207350984,8,ship,0.984053301483201,8,ship,0.2805860987657495,8,ship,0.9779417877536826
train_04556,8,ship,8,ship,0.9910195593371085,8,ship,0.991553006756601,8,ship,0.43803491009387163,8,ship,0.994579179471296
train_04557,1,bird,1,bird,0.9791208935903989,1,bird,0.9990362820424696,1,bird,0.2741816362423878,1,bird,0.9938388099412675
train_04558,9,truck,9,truck,0.9957273518889623,9,truck,0.9995260704413553,9,truck,0.34030538745251965,9,truck,0.9883576739998131
train_04559,5,dog,5,dog,0.8906265865811955,5,dog,0.997219191707254,5,dog,0.2737310499689638,5,dog,0.9218431408193829
train_04560,2,car,2,car,0.9893436764092806,2,car,0.9999097098731708,2,car,0.38450718426099706,2,car,0.9426275304755463
train_04561,2,car,2,car,0.998883857558553,2,car,0.9996936145135324,2,car,0.3695662121426399,2,car,0.9885940181077437
train_04562,5,dog,5,dog,0.994649079619244,5,dog,0.9945147348210334,5,dog,0.2894143187379954,5,dog,0.7866435308842629
train_04563,1,bird,1,bird,0.9767389571795695,1,bird,0.9982074899979505,1,bird,0.3089159834872583,1,bird,0.981604337959772
train_04565,2,car,2,car,0.9749269278646889,2,car,0.9990676914231609,2,car,0.41425078608862786,2,car,0.962409823005842
train_04567,0,airplane,0,airplane,0.9574100824744155,0,airplane,0.9982599061188648,0,airplane,0.3611544689208234,0,airplane,0.9813690392104306
train_04568,5,dog,5,dog,0.9179340497752919,5,dog,0.989632746365679,5,dog,0.28301168237746943,5,dog,0.9549781221948344
train_04570,1,bird,1,bird,0.9264213006232984,1,bird,0.9094507521428704,1,bird,0.17945890702506206,1,bird,0.951223725178379
train_04571,0,airplane,0,airplane,0.9830999345962567,0,airplane,0.9942851589183134,0,airplane,0.392369989242328,0,airplane,0.8013189573684124
train_04572,9,truck,9,truck,0.9024729831893029,9,truck,0.9664988744647081,9,truck,0.31287192715656414,9,truck,0.8954765843283933
train_04573,0,airplane,0,airplane,0.9301569305078791,0,airplane,0.9968676477665054,0,airplane,0.4017432593566312,0,airplane,0.9825480945789541
train_04574,8,ship,8,ship,0.976425140810871,8,ship,0.9985627009322381,8,ship,0.324547422010829,8,ship,0.9954833193622288
train_04575,5,dog,5,dog,0.9781752031900713,5,dog,0.9866677366891764,5,dog,0.3547074648512071,5,dog,0.905369104592072
train_04576,2,car,2,car,0.9494599067024431,2,car,0.9969709735306942,2,car,0.3539615752251711,2,car,0.9896172956643642
train_04577,3,cat,3,cat,0.9256582728035722,3,cat,0.9803690164327639,3,cat,0.2959275584786929,4,deer,0.4806494461267698
train_04578,4,deer,4,deer,0.9763371264128473,4,deer,0.999847715595631,4,deer,0.4341435344456047,4,deer,0.9991513701797916
train_04580,8,ship,8,ship,0.9879161483668768,8,ship,0.98874204179917,8,ship,0.4202304603064194,8,ship,0.9976261609729832
train_04581,6,horse,6,horse,0.9584219739904412,6,horse,0.9978497138121368,6,horse,0.32271496889647405,6,horse,0.9985822962062558
train_04582,6,horse,6,horse,0.9992806108962011,6,horse,0.9999576852234797,6,horse,0.39047741293462346,6,horse,0.9951895161213696
train_04583,9,truck,9,truck,0.9919630750265029,9,truck,0.9973213965920332,9,truck,0.36071306062549907,9,truck,0.9919092978948392
train_04585,5,dog,5,dog,0.979969063533857,5,dog,0.9887673529157317,5,dog,0.3301983935975609,5,dog,0.9490471898644665
train_04586,1,bird,1,bird,0.8620724790236624,1,bird,0.9984485803393096,1,bird,0.22763009386278996,1,bird,0.9948017712970203
train_04587,4,deer,4,deer,0.9837923393841934,4,deer,0.9991182991462852,4,deer,0.33376662877173013,4,deer,0.9773998398319651
train_04588,8,ship,8,ship,0.8767392862307991,8,ship,0.9908231345107181,8,ship,0.40926805054939736,8,ship,0.9909872105987011
train_04589,8,ship,8,ship,0.9652316840924313,8,ship,0.9984071697172263,8,ship,0.4570280227229133,8,ship,0.9975367093908649
train_04590,9,truck,9,truck,0.9918101866517783,9,truck,0.9886813322815879,9,truck,0.25658933791159094,9,truck,0.9340035827899763
train_04591,2,car,2,car,0.8964732208191601,2,car,0.9872764914966995,2,car,0.2528432489433359,2,car,0.9143562596922279
train_04593,9,truck,9,truck,0.8594254604524707,9,truck,0.9609191465148519,9,truck,0.21366040533593753,9,truck,0.9481475690556717
train_04594,3,cat,3,cat,0.9971398042063608,3,cat,0.9989802505127421,3,cat,0.26116240215102676,3,cat,0.9354927650620098
train_04595,9,truck,9,truck,0.9899200311060522,9,truck,0.998631316478157,9,truck,0.330912765017274,9,truck,0.9880966253689232
train_04597,9,truck,9,truck,0.9702025920274899,9,truck,0.9986852132669967,9,truck,0.3685334505401988,9,truck,0.9889957260306883
train_04598,7,monkey,7,monkey,0.9003579070205364,7,monkey,0.9863520435104562,7,monkey,0.4116355272674145,7,monkey,0.9996612593856123
train_04600,1,bird,1,bird,0.9985598352327044,1,bird,0.9999624306317185,1,bird,0.35504812995812807,1,bird,0.9985082172778672
train_04601,4,deer,4,deer,0.992833962954831,4,deer,0.9998936915959078,4,deer,0.395614739571057,4,deer,0.9995122817582595
train_04602,6,horse,6,horse,0.9790482734826871,6,horse,0.9942996135269218,6,horse,0.2734549909965355,6,horse,0.939823512979534
train_04603,7,monkey,7,monkey,0.8155727179865774,7,monkey,0.8399664980869012,7,monkey,0.32297248708439796,7,monkey,0.9932491604762598
train_04604,1,bird,1,bird,0.9970281037087053,1,bird,0.9999307792438369,1,bird,0.3141833341605608,1,bird,0.9861006282356151
train_04606,8,ship,8,ship,0.9221097859688525,8,ship,0.9994526564863322,8,ship,0.4240235837596865,8,ship,0.9961626547221125
train_04608,4,deer,4,deer,0.9627659091441609,4,deer,0.9672905916116146,4,deer,0.2367417023150398,4,deer,0.9947497126407526
train_04609,2,car,2,car,0.9974592431060803,2,car,0.999938361403402,2,car,0.4602577401513294,2,car,0.9866699493527231
train_04611,9,truck,9,truck,0.9900097438740807,9,truck,0.9990335320827419,9,truck,0.3569090707741166,9,truck,0.9911534653501872
train_04612,1,bird,1,bird,0.9916192243251889,1,bird,0.9998978253255694,1,bird,0.4030111320156208,1,bird,0.9991826095867402
train_04614,9,truck,9,truck,0.9700185703337566,9,truck,0.9968256177414656,9,truck,0.29347294996319667,9,truck,0.9338898557876374
train_04615,4,deer,4,deer,0.985272725452642,4,deer,0.9992784849364771,4,deer,0.42887623056433244,4,deer,0.9988952621199712
train_04616,3,cat,3,cat,0.9289761640760812,3,cat,0.9999697182941775,3,cat,0.27467452045481977,3,cat,0.45076927202270833
train_04618,2,car,2,car,0.9924597457163352,2,car,0.9991004743369587,2,car,0.38950746895900396,2,car,0.9956463679940798
train_04619,4,deer,4,deer,0.7524617116096646,4,deer,0.9935017035915353,4,deer,0.311198970579861,4,deer,0.987823639525571
train_04620,6,horse,6,horse,0.9851291115030402,6,horse,0.9998578626111061,6,horse,0.3677469971304728,6,horse,0.9993264616946866
train_04621,2,car,2,car,0.9951323047878738,2,car,0.9978538183930371,2,car,0.3368475019988992,2,car,0.9335548040887008
train_04622,4,deer,4,deer,0.9448345823990207,4,deer,0.9792270301272703,4,deer,0.25754434875362026,4,deer,0.9942145921930817
train_04623,3,cat,3,cat,0.9952123170510512,3,cat,0.9997956869681718,3,cat,0.2688468412053732,3,cat,0.5143663466030347
train_04624,9,truck,9,truck,0.9869605059824718,9,truck,0.9987634999904889,9,truck,0.27753431987895444,9,truck,0.8130457956367698
train_04626,5,dog,5,dog,0.9962811269931181,5,dog,0.998921719227946,5,dog,0.33229916444873286,5,dog,0.9481948694407834
train_04627,0,airplane,0,airplane,0.8674123524883245,0,airplane,0.9918669010213692,0,airplane,0.2952104156564366,0,airplane,0.8951956736702941
train_04628,2,car,2,car,0.9813820021760968,2,car,0.9704603500727712,2,car,0.25323938396829787,2,car,0.9608517803467571
train_04629,8,ship,8,ship,0.9819996279075941,8,ship,0.9997506131028789,8,ship,0.4836371890830627,8,ship,0.997067954476433
train_04630,8,ship,8,ship,0.9340436759584844,8,ship,0.9502772158311128,8,ship,0.26492273138624367,8,ship,0.9841830338189818
train_04631,3,cat,3,cat,0.9718755082700025,3,cat,0.9997730039041703,3,cat,0.30291094409405656,3,cat,0.9399016994886595
train_04632,0,airplane,0,airplane,0.9790548770754316,0,airplane,0.999203440817113,0,airplane,0.3520377126422381,0,airplane,0.8329817640475945
train_04633,4,deer,4,deer,0.9416543995614981,4,deer,0.9937809467944344,4,deer,0.2085907759415035,4,deer,0.9160188537363481
train_04634,4,deer,4,deer,0.9867173755187654,4,deer,0.997541074392881,4,deer,0.36124086413697265,4,deer,0.9982013790666542
train_04635,4,deer,4,deer,0.9466185756793061,4,deer,0.8714472272949703,4,deer,0.32321529021267015,4,deer,0.9831839081804935
train_04636,4,deer,4,deer,0.9855858817835916,4,deer,0.9994707178682908,4,deer,0.3714236886473532,4,deer,0.9983014911227974
train_04637,5,dog,5,dog,0.993223907871805,5,dog,0.9916049972996926,5,dog,0.3392639391923274,5,dog,0.983337523669841
train_04638,8,ship,8,ship,0.9860175094142203,8,ship,0.9867089051840958,8,ship,0.3770796444178191,8,ship,0.9991578303701252
train_04641,9,truck,9,truck,0.8835468401256235,9,truck,0.7852791223256216,9,truck,0.16465577810810705,9,truck,0.5993924993657141
train_04643,0,airplane,0,airplane,0.9765596999713315,0,airplane,0.9985567654799796,0,airplane,0.3949248441464138,0,airplane,0.9797744283158163
train_04644,0,airplane,0,airplane,0.9739199870977671,0,airplane,0.9975547333336895,0,airplane,0.3769104019940868,0,airplane,0.8026542463442035
train_04645,9,truck,9,truck,0.9874696377446831,9,truck,0.9998717733641016,9,truck,0.3712046711272182,9,truck,0.9886056225942064
train_04646,9,truck,9,truck,0.9866168285221316,9,truck,0.9974902925440621,9,truck,0.35406707257256187,9,truck,0.9856874644408584
train_04647,8,ship,8,ship,0.9871541702919008,8,ship,0.9997391098905573,8,ship,0.5013468953365904,8,ship,0.9986730901381629
train_04649,5,dog,5,dog,0.9961149217845727,5,dog,0.9987980638713144,5,dog,0.33035965580213417,5,dog,0.9510852181983798
train_04650,7,monkey,7,monkey,0.946759792401084,7,monkey,0.9973200523703525,7,monkey,0.35078735686844903,7,monkey,0.9994699594807113
train_04651,1,bird,1,bird,0.8666284231604114,1,bird,0.9959936820162103,1,bird,0.37818152676196576,1,bird,0.9942321194507163
train_04653,0,airplane,0,airplane,0.819309086062332,0,airplane,0.9925235243313959,0,airplane,0.3261281744945927,0,airplane,0.940960145708799
train_04654,0,airplane,0,airplane,0.9940600827244532,0,airplane,0.9998552809666159,0,airplane,0.43403693942477367,0,airplane,0.9740658428842912
train_04655,7,monkey,7,monkey,0.9824039813497111,7,monkey,0.9994467408888054,7,monkey,0.39723553622833097,7,monkey,0.9997872428593333
train_04656,3,cat,3,cat,0.8820603509065447,3,cat,0.9936584879542222,3,cat,0.34151273000090104,3,cat,0.8258555109546154
train_04657,3,cat,3,cat,0.9711355628464362,3,cat,0.9995195546366773,3,cat,0.3524025437623124,3,cat,0.9354598477181059
train_04658,9,truck,9,truck,0.988970002790334,9,truck,0.9990819524271861,9,truck,0.3585180696354124,9,truck,0.9822710078109337
train_04660,2,car,2,car,0.9935489503692062,2,car,0.9999637932294586,2,car,0.4041766011382983,2,car,0.9902328216283633
train_04661,5,dog,5,dog,0.991268753869277,5,dog,0.9979732209197558,5,dog,0.3433169996489964,5,dog,0.9417324216438361
train_04662,7,monkey,7,monkey,0.9938932340307752,7,monkey,0.9998049335779862,7,monkey,0.38996368056055264,7,monkey,0.9988641430492673
train_04663,8,ship,8,ship,0.9958032080491462,8,ship,0.9936159896714135,8,ship,0.4810595390647378,8,ship,0.9968759857489289
train_04666,5,dog,5,dog,0.9909995349983411,5,dog,0.9883551182592182,5,dog,0.37540400917310796,5,dog,0.9673250956579019
train_04668,4,deer,4,deer,0.952724313538761,4,deer,0.9857271573281965,4,deer,0.4053083959597709,4,deer,0.99875092231809
train_04670,3,cat,3,cat,0.9891042936988428,3,cat,0.9958043994104032,3,cat,0.26378298606082934,3,cat,0.9640517457102582
train_04671,5,dog,5,dog,0.8237299688649371,5,dog,0.9685679127620959,4,deer,0.1999008900536109,4,deer,0.7269105365435877
train_04672,8,ship,8,ship,0.9971520553542464,8,ship,0.9999596169073021,8,ship,0.4412879299181564,8,ship,0.9909356361206999
train_04673,7,monkey,7,monkey,0.9772146997317483,7,monkey,0.9984945396695382,7,monkey,0.29089197649126436,7,monkey,0.9077259501536871
train_04674,7,monkey,7,monkey,0.805948378327273,7,monkey,0.9957663305641218,3,cat,0.19891001734448638,3,cat,0.3815299665155609
train_04675,5,dog,5,dog,0.924600449739187,5,dog,0.9833831773788031,4,deer,0.23779171492246998,4,deer,0.992134780634548
train_04676,1,bird,1,bird,0.9999490123024786,1,bird,0.9999739228085772,1,bird,0.39930932735995556,1,bird,0.9979212542429011
train_04677,8,ship,8,ship,0.9882539809922509,8,ship,0.9748914565243697,8,ship,0.3413906155461046,8,ship,0.9915525765252369
train_04678,7,monkey,7,monkey,0.974207854210999,7,monkey,0.99778058567175,7,monkey,0.39339030655831125,7,monkey,0.9988225383330078
train_04679,6,horse,6,horse,0.8504951891295528,6,horse,0.9396631235199666,6,horse,0.314955971790856,6,horse,0.9961096689577392
train_04681,9,truck,9,truck,0.9985924121924086,9,truck,0.9994633942761582,9,truck,0.32624442419461086,9,truck,0.9858192810197594
train_04682,9,truck,9,truck,0.9843660701206544,9,truck,0.992838016956677,9,truck,0.32172474699926734,9,truck,0.9811625620466172
train_04683,9,truck,9,truck,0.9722837606530594,9,truck,0.9545386081007878,9,truck,0.3446967753753859,9,truck,0.9753565389984321
train_04684,4,deer,4,deer,0.9739677012756868,4,deer,0.9992238049402503,4,deer,0.3074545618529332,4,deer,0.9984907326160946
train_04686,4,deer,4,deer,0.916366134277155,4,deer,0.9455340195864733,4,deer,0.4169746773903796,4,deer,0.9968807392038059
train_04687,0,airplane,0,airplane,0.9929922542952405,0,airplane,0.9997510808708933,0,airplane,0.37015754210570584,0,airplane,0.967522152719248
train_04688,1,bird,1,bird,0.9984478660797612,1,bird,0.9998554160451526,1,bird,0.38936417190006833,1,bird,0.9981408055162595
train_04692,2,car,2,car,0.9872735546118173,2,car,0.9997858939374322,2,car,0.38268964479786194,2,car,0.9803246057002725
train_04693,8,ship,8,ship,0.9855779533390494,8,ship,0.979442086545965,8,ship,0.33109278991117463,8,ship,0.9971434541330367
train_04694,4,deer,4,deer,0.9995554687044245,4,deer,0.9999020721715606,4,deer,0.4184544982484303,4,deer,0.9987224180460124
train_04695,0,airplane,0,airplane,0.9928457035091843,0,airplane,0.9994840517194051,0,airplane,0.39983045304624665,0,airplane,0.9522614634555507
train_04696,9,truck,9,truck,0.8899826852390111,9,truck,0.9900076337081863,9,truck,0.20323582090390171,9,truck,0.9243065400626768
train_04697,8,ship,8,ship,0.9470165212132202,8,ship,0.9955761625885713,8,ship,0.41870085905091986,8,ship,0.9987649989862908
train_04698,1,bird,1,bird,0.9998315114384521,1,bird,0.9999753885074077,1,bird,0.3910783654873653,1,bird,0.9953697641496704
train_04699,4,deer,4,deer,0.9040877107006765,4,deer,0.9719328469161901,4,deer,0.3390904892614532,4,deer,0.9947772635527733
train_04701,8,ship,8,ship,0.9785672178804286,8,ship,0.9998083564057614,8,ship,0.48012024281360943,8,ship,0.9916239593198302
train_04702,1,bird,1,bird,0.9998857564723131,1,bird,0.9999187994897171,1,bird,0.37376841993915916,1,bird,0.9987509269512729
train_04703,8,ship,8,ship,0.8893970350016438,8,ship,0.969041697940883,8,ship,0.36401601979879633,8,ship,0.9995041012681111
train_04705,9,truck,9,truck,0.9884704386050528,9,truck,0.9988302281810282,9,truck,0.32984819384276076,9,truck,0.9888253163790197
train_04706,5,dog,5,dog,0.9926808743099741,5,dog,0.9938698285243005,5,dog,0.30781882329664956,5,dog,0.9642246634626533
train_04708,6,horse,6,horse,0.92223669474648,6,horse,0.9804591049565692,6,horse,0.28551083314213316,6,horse,0.9883843930612748
train_04710,1,bird,1,bird,0.9993701113817326,1,bird,0.9997716060498205,1,bird,0.3277025702157782,1,bird,0.9944638375737322
train_04711,4,deer,6,horse,0.5095798198421154,4,deer,0.6518908788527328,4,deer,0.3460838951609699,4,deer,0.9686886002640094
train_04712,7,monkey,7,monkey,0.9596884942305566,7,monkey,0.9966513345854042,7,monkey,0.15391753907298655,7,monkey,0.6621714677496338
train_04713,1,bird,1,bird,0.9999381792203417,1,bird,0.9999869637293036,1,bird,0.28326043958543584,1,bird,0.997871908417732
train_04714,5,dog,5,dog,0.9917587964821246,5,dog,0.9992454187750233,5,dog,0.21487286188036178,5,dog,0.4930504252682256
train_04716,6,horse,6,horse,0.9545390525628403,6,horse,0.9925893374665952,6,horse,0.28093061529097285,6,horse,0.97855316751204
train_04717,5,dog,5,dog,0.9545054396058728,5,dog,0.9742552515993285,5,dog,0.31939536550169517,5,dog,0.9733720246102487
train_04719,8,ship,8,ship,0.9892250834438628,8,ship,0.9991086249796433,8,ship,0.4461971661360528,8,ship,0.9912677887607662
train_04721,1,bird,1,bird,0.9972083203130918,1,bird,0.9991270968511113,1,bird,0.3603202211938244,1,bird,0.9973327770139158
train_04722,4,deer,4,deer,0.9832391452475974,4,deer,0.9934468566830006,4,deer,0.40181125100594206,4,deer,0.9990834809507332
train_04724,9,truck,9,truck,0.9701241996925433,9,truck,0.8781105438386492,9,truck,0.3188299137997549,9,truck,0.9624887486713719
train_04725,7,monkey,7,monkey,0.9770760644693591,7,monkey,0.9989999598675974,7,monkey,0.3609883719299532,7,monkey,0.9993559841666619
train_04726,6,horse,6,horse,0.9750566595205317,6,horse,0.9890288443242217,6,horse,0.2962570294471644,6,horse,0.9989932154752311
train_04727,9,truck,9,truck,0.9922740949145747,9,truck,0.9989930304340154,9,truck,0.2992790489723828,9,truck,0.868066211933487
train_04728,1,bird,1,bird,0.9893784087596633,1,bird,0.9996885160455652,1,bird,0.3646304712217903,1,bird,0.9917908241967319
train_04730,3,cat,3,cat,0.9101349241369784,3,cat,0.9849867074440065,3,cat,0.32522181382263854,3,cat,0.8405344728557591
train_04731,4,deer,4,deer,0.9434221575683791,4,deer,0.9945356769984672,4,deer,0.3559293887462647,4,deer,0.9918662030005734
train_04732,5,dog,5,dog,0.9699488983697293,5,dog,0.9929546334953286,5,dog,0.32001297283824004,5,dog,0.9596897344012856
train_04733,4,deer,4,deer,0.8570234483829778,4,deer,0.9716981976359654,4,deer,0.23128358064815105,4,deer,0.9938423828548443
train_04734,9,truck,9,truck,0.9855333989640275,9,truck,0.999856256801412,9,truck,0.34682651734017295,9,truck,0.9944471959256466
train_04735,9,truck,9,truck,0.9944881170802679,9,truck,0.9975386646783868,9,truck,0.3664104414149388,9,truck,0.9972250812973303
train_04736,3,cat,3,cat,0.9272836509303404,3,cat,0.9736989258629765,3,cat,0.2657630815213549,3,cat,0.7876244849113302
train_04737,4,deer,4,deer,0.9730737860485216,4,deer,0.9925071030406281,4,deer,0.3613510039935736,4,deer,0.9987049320591397
train_04739,2,car,2,car,0.9479887022343908,2,car,0.9931284510578016,2,car,0.3576199699137162,2,car,0.9891543869096762
train_04741,4,deer,4,deer,0.9726569855927948,4,deer,0.9973818118303789,4,deer,0.3955564183008185,4,deer,0.9983522176163523
train_04743,2,car,2,car,0.9973076597428389,2,car,0.9999240394386979,2,car,0.38578855497659836,2,car,0.993972684961535
train_04744,8,ship,8,ship,0.9876210719877137,8,ship,0.9997316812176186,8,ship,0.2515690793214016,8,ship,0.9149563419996517
train_04746,9,truck,9,truck,0.9907797423163694,9,truck,0.9919070835014664,9,truck,0.2933380477520132,9,truck,0.9660165260498275
train_04747,0,airplane,0,airplane,0.9918398656813172,0,airplane,0.9981381498777033,0,airplane,0.4019620106034814,0,airplane,0.9792244640333153
train_04748,2,car,2,car,0.9956506483608187,2,car,0.9989532622557677,2,car,0.35586379398447027,2,car,0.9672518634048745
train_04749,4,deer,4,deer,0.9796393707299954,4,deer,0.999664804309353,4,deer,0.4012952738239336,4,deer,0.998170896594989
train_04752,8,ship,8,ship,0.9957775720243798,8,ship,0.9980508171614834,8,ship,0.3898672733957365,8,ship,0.9929437627181879
train_04753,0,airplane,0,airplane,0.9248012271739934,0,airplane,0.9965063111689924,0,airplane,0.32977306667154105,0,airplane,0.9675958257425781
train_04754,6,horse,6,horse,0.8709706362704874,6,horse,0.998151353572184,6,horse,0.23077726251943925,6,horse,0.9618256212275372
train_04755,2,car,2,car,0.9915526185667828,2,car,0.999614099728283,2,car,0.3801772216530927,2,car,0.9958310335358138
train_04756,7,monkey,7,monkey,0.9860567182567535,7,monkey,0.9965727418280098,7,monkey,0.38576023075977667,7,monkey,0.999334722200655
train_04757,5,dog,5,dog,0.9306730507525312,5,dog,0.9991404193584718,5,dog,0.30072563112005996,5,dog,0.959556826001957
train_04758,2,car,2,car,0.9804868055488866,2,car,0.9975022303451245,2,car,0.3203878061740946,2,car,0.9363361766759145
train_04760,0,airplane,0,airplane,0.9192494306788179,0,airplane,0.9978397037079074,0,airplane,0.38027491807344227,0,airplane,0.9296610836587588
train_04761,8,ship,8,ship,0.9034559761705353,8,ship,0.9342409190652499,8,ship,0.15193965684366897,8,ship,0.739371538962261
train_04762,6,horse,6,horse,0.9879439063556458,6,horse,0.9960191311168718,6,horse,0.3541849363560667,6,horse,0.9984703782450691
train_04763,2,car,2,car,0.8667470118406797,2,car,0.995002623120074,2,car,0.33447573987809026,2,car,0.9365074532806713
train_04764,1,bird,1,bird,0.9986038311168304,1,bird,0.9797330547526816,1,bird,0.3247108392705002,1,bird,0.99748923059131
train_04765,2,car,2,car,0.9881561653931306,2,car,0.9991430464282364,2,car,0.3672213668404354,2,car,0.8993957496488088
train_04766,6,horse,6,horse,0.9867718095103153,6,horse,0.9998198759905331,6,horse,0.35878222198939813,6,horse,0.9973912668214364
train_04768,7,monkey,7,monkey,0.9621783103141895,7,monkey,0.9925936148175388,7,monkey,0.3285642183028195,7,monkey,0.9930969093931511
train_04769,4,deer,4,deer,0.8481075412356391,4,deer,0.9911176046327477,4,deer,0.44123721663220494,4,deer,0.9990693098741701
train_04770,4,deer,4,deer,0.5279477372725334,4,deer,0.8055203407347029,4,deer,0.20162967372129512,4,deer,0.8243176791405841
train_04771,7,monkey,7,monkey,0.9821897901035016,7,monkey,0.9929997129099857,7,monkey,0.27600558871940606,7,monkey,0.9983178804676791
train_04772,9,truck,9,truck,0.9743030993355581,9,truck,0.9986929363152615,9,truck,0.3099037965498656,9,truck,0.8741056082336924
train_04773,1,bird,1,bird,0.9795674414422348,1,bird,0.9996864200404438,1,bird,0.42694779531498767,1,bird,0.9990348275165754
train_04775,5,dog,5,dog,0.8195187658281672,5,dog,0.9147643877836974,5,dog,0.30459158688574756,5,dog,0.9729881973706134
train_04778,5,dog,5,dog,0.9943534911504512,5,dog,0.9853418222341496,5,dog,0.23773024392615172,5,dog,0.8169605202532833
train_04779,0,airplane,0,airplane,0.9734741869109268,0,airplane,0.9996679417224245,0,airplane,0.3695630818353708,0,airplane,0.9777051794248126
train_04780,2,car,2,car,0.9852138818006566,2,car,0.9997438460928747,2,car,0.2570684812772971,2,car,0.8822115012292803
train_04781,0,airplane,0,airplane,0.991560103977954,0,airplane,0.9998329328435024,0,airplane,0.34734959148285005,0,airplane,0.8782479465984339
train_04782,5,dog,5,dog,0.9582014811161845,5,dog,0.9956547709132074,5,dog,0.33248007788257,5,dog,0.9831061596354453
train_04783,3,cat,3,cat,0.9957347014674305,3,cat,0.999849136572192,3,cat,0.2909648639112018,3,cat,0.9685242303887638
train_04784,2,car,2,car,0.9812546587807888,2,car,0.9998036377669305,2,car,0.33508780040980896,2,car,0.9614593541040242
train_04785,0,airplane,0,airplane,0.979226697235879,0,airplane,0.9917545049029817,0,airplane,0.34689389300444934,0,airplane,0.9327727982521321
train_04787,5,dog,5,dog,0.9688954868766861,5,dog,0.9737173813135901,5,dog,0.31972384576275853,5,dog,0.9117136074529267
train_04790,5,dog,5,dog,0.9696764520962092,5,dog,0.9997228495923552,5,dog,0.3392933124342182,5,dog,0.9421185305350656
train_04791,9,truck,9,truck,0.9725189161628458,9,truck,0.9981788111000944,9,truck,0.33223461382148745,9,truck,0.9955914875669191
train_04793,5,dog,5,dog,0.9821117549991314,5,dog,0.99686065913793,5,dog,0.3465797407053935,5,dog,0.957919462541794
train_04794,7,monkey,7,monkey,0.9776546651830672,7,monkey,0.9971449235247993,7,monkey,0.3801910517147141,7,monkey,0.9990080782717738
train_04795,2,car,2,car,0.997703043965743,2,car,0.9999448187560156,2,car,0.3862815750221663,2,car,0.9883577434815339
train_04796,9,truck,9,truck,0.9935462308951466,9,truck,0.9995062320767926,9,truck,0.32733553605624105,9,truck,0.9695545423815088
train_04797,0,airplane,0,airplane,0.9751585361626203,0,airplane,0.969424255576639,0,airplane,0.30302463486480463,0,airplane,0.8708827326925583
train_04798,5,dog,5,dog,0.9575239312753191,5,dog,0.9928214686302629,5,dog,0.2780588607040465,5,dog,0.6238554654390335
train_04799,9,truck,9,truck,0.9903032767993561,9,truck,0.994909244038663,9,truck,0.39021452552815156,9,truck,0.943544201924964
train_04800,7,monkey,7,monkey,0.9747968843738217,7,monkey,0.9973991205266877,7,monkey,0.2961780242315078,7,monkey,0.9919519750597126
train_04801,3,cat,3,cat,0.9926318481645192,3,cat,0.9996266099688687,3,cat,0.27389824047627354,3,cat,0.9463454456336641
train_04802,5,dog,5,dog,0.6690909521397097,5,dog,0.9910809097716122,5,dog,0.22003591159493455,5,dog,0.8029792201155231
train_04803,8,ship,8,ship,0.9297885755837636,8,ship,0.9926781235063851,8,ship,0.4270292578452687,8,ship,0.9957333490476556
train_04805,9,truck,9,truck,0.9733854790409644,9,truck,0.9993982558209635,9,truck,0.3351334869383166,9,truck,0.9958081860180487
train_04806,8,ship,8,ship,0.965169485959882,8,ship,0.9977609861427587,8,ship,0.46500835806783847,8,ship,0.9978151300146499
train_04807,2,car,2,car,0.9869241523521899,2,car,0.998669047056076,2,car,0.3768772492991506,2,car,0.9866089162467563
train_04808,7,monkey,7,monkey,0.9934165906440156,7,monkey,0.9995695993601242,1,bird,0.20708489282503134,1,bird,0.5621230439882778
train_04810,8,ship,8,ship,0.9921422112827293,8,ship,0.9969005232765294,8,ship,0.3173591533582496,8,ship,0.9922740797683465
train_04811,6,horse,6,horse,0.9892781498859866,6,horse,0.9912906913577041,6,horse,0.30365869600065204,6,horse,0.9430173252703506
train_04812,5,dog,5,dog,0.9957413714472786,5,dog,0.996128125215373,5,dog,0.34212164482824914,5,dog,0.9718274892345656
train_04813,8,ship,8,ship,0.8713827243814607,8,ship,0.9920332910884329,8,ship,0.3999862981769553,8,ship,0.998120012184568
train_04814,9,truck,9,truck,0.9725330601726156,9,truck,0.9961122120726194,9,truck,0.4125878850317036,9,truck,0.9903770375111833
train_04815,6,horse,6,horse,0.9487042461128734,6,horse,0.9950579644274861,6,horse,0.2416163323827488,6,horse,0.941260118985838
train_04817,3,cat,3,cat,0.9630154031093839,3,cat,0.9998991282473123,3,cat,0.26430905373369273,3,cat,0.8222575279974464
train_04818,6,horse,6,horse,0.9783243580426884,6,horse,0.9973497089566414,6,horse,0.35549637800041944,6,horse,0.9856726968081206
train_04819,9,truck,9,truck,0.9781160362164643,9,truck,0.9979812904015488,9,truck,0.36110706741068854,9,truck,0.9771940843473969
train_04820,1,bird,1,bird,0.9476635393556613,1,bird,0.9185114483414267,1,bird,0.3125142338356909,1,bird,0.9883572776781775
train_04822,7,monkey,7,monkey,0.9641402415254432,7,monkey,0.9981956223027653,7,monkey,0.40190741667595803,7,monkey,0.9933138071103895
train_04823,1,bird,1,bird,0.9999065262640353,1,bird,0.994029798508141,1,bird,0.22589764132163215,1,bird,0.9956571338482986
train_04824,5,dog,5,dog,0.9964373067331757,5,dog,0.9719270111347974,5,dog,0.3692733801469204,5,dog,0.957508035438569
train_04825,9,truck,9,truck,0.9862470772260388,9,truck,0.9946842937607131,9,truck,0.4171122668560967,9,truck,0.9940026303054204
train_04826,5,dog,5,dog,0.9496312977481066,5,dog,0.9884015417748776,5,dog,0.16250443363822226,6,horse,0.34587208041256867
train_04829,3,cat,3,cat,0.6284823659593856,3,cat,0.92662486600879,3,cat,0.20593326962121852,4,deer,0.7202424317349011
train_04830,7,monkey,7,monkey,0.9817520525651253,7,monkey,0.9992528159547602,7,monkey,0.3545411453693877,7,monkey,0.999756678929292
train_04831,6,horse,6,horse,0.9881792996887545,6,horse,0.9989528735977699,6,horse,0.3956916043046737,6,horse,0.9890442616237558
train_04833,0,airplane,0,airplane,0.9884960793878589,0,airplane,0.9999754344540603,0,airplane,0.389098203701973,0,airplane,0.9728146452130682
train_04835,7,monkey,7,monkey,0.9522340942227268,7,monkey,0.9981866967556935,7,monkey,0.43690300942447013,7,monkey,0.9997149303464733
train_04836,0,airplane,0,airplane,0.8554938660419428,0,airplane,0.9119064613882857,0,airplane,0.36804179998855185,0,airplane,0.9732152618879147
train_04837,0,airplane,0,airplane,0.9956379523533082,0,airplane,0.9996741925167165,0,airplane,0.37537703823739277,0,airplane,0.9701545488100826
train_04838,8,ship,8,ship,0.9962080516205905,8,ship,0.9988255001136301,8,ship,0.4191410202216611,8,ship,0.9949552620167962
train_04839,2,car,2,car,0.9649366209913102,2,car,0.929892069249993,9,truck,0.21868218982353338,2,car,0.5977993228867002
train_04840,3,cat,3,cat,0.9333721413582458,3,cat,0.9971083118265859,3,cat,0.26545777063319154,3,cat,0.9820538629640186
train_04841,3,cat,3,cat,0.8721567356583941,3,cat,0.9919547151392915,3,cat,0.26861907962465237,3,cat,0.9617818901093469
train_04842,3,cat,3,cat,0.9993491068577192,3,cat,0.9989703252674954,3,cat,0.29061168570330137,3,cat,0.9792204522390773
train_04843,3,cat,3,cat,0.9526257255508637,3,cat,0.9984775095448639,3,cat,0.18145186311855355,4,deer,0.9837315536684772
train_04844,3,cat,3,cat,0.9981345809327311,3,cat,0.999036717451401,3,cat,0.3076452926042682,3,cat,0.890845883133044
train_04845,9,truck,9,truck,0.9840137550111357,9,truck,0.9969295051735055,9,truck,0.3251494549088391,9,truck,0.9803356833928917
train_04847,8,ship,8,ship,0.9971751704860701,8,ship,0.9993780769736997,8,ship,0.43315771243827966,8,ship,0.997099690663517
train_04848,0,airplane,0,airplane,0.9828606506084808,0,airplane,0.9909158011439808,0,airplane,0.3232806251641402,0,airplane,0.6933897555273533
train_04849,4,deer,4,deer,0.9498619331572065,4,deer,0.9968858245805949,4,deer,0.3452390720539949,4,deer,0.996855889774589
train_04850,3,cat,3,cat,0.9977884064584869,3,cat,0.9999853999797605,3,cat,0.3384619687947627,3,cat,0.7302998955884807
train_04851,0,airplane,0,airplane,0.9845581728050026,0,airplane,0.9969812238761069,0,airplane,0.34668804131596326,0,airplane,0.9857796640535176
train_04853,4,deer,4,deer,0.9589197132747278,4,deer,0.9859265787197246,4,deer,0.33183692586060215,4,deer,0.9983599712505852
train_04854,0,airplane,0,airplane,0.9869182697658945,0,airplane,0.9999045592184723,0,airplane,0.39558415919070744,0,airplane,0.9917734028897252
train_04855,9,truck,9,truck,0.9907437267597425,9,truck,0.9986648530523518,9,truck,0.30897949314254997,9,truck,0.9705381091844326
train_04856,2,car,2,car,0.999084409370792,2,car,0.999292441198523,2,car,0.3549515872298512,2,car,0.9877108893808184
train_04857,1,bird,1,bird,0.8730214810002433,1,bird,0.9999169794135784,1,bird,0.29403607553668915,1,bird,0.9765341067090475
train_04859,6,horse,6,horse,0.9936296605368723,6,horse,0.9921147614847984,6,horse,0.31726073310253683,6,horse,0.9619342640489001
train_04861,2,car,2,car,0.9924515893124489,2,car,0.9972846805065222,2,car,0.29554837558739944,2,car,0.9187057675699413
train_04862,6,horse,6,horse,0.8053768190949654,6,horse,0.9962110768824679,6,horse,0.27322311038971114,6,horse,0.9975736673552076
train_04864,8,ship,8,ship,0.9808598227098445,8,ship,0.9969962792012622,8,ship,0.3972540437615003,8,ship,0.993048205742496
train_04865,2,car,2,car,0.9775763489019872,2,car,0.8932409624014502,2,car,0.16545112315698068,2,car,0.6696429129522001
train_04866,2,car,2,car,0.998432539134204,2,car,0.9999274688189349,2,car,0.3288497726385167,2,car,0.9686208256226042
train_04867,4,deer,4,deer,0.9827449411714453,4,deer,0.9991987435317823,4,deer,0.4190165116021827,4,deer,0.9993914816933857
train_04868,3,cat,3,cat,0.9931934664790839,3,cat,0.9963701172793769,3,cat,0.25563258101874115,3,cat,0.5729968867878489
train_04871,1,bird,1,bird,0.9932312860217406,1,bird,0.999760969486463,1,bird,0.25233518447208597,1,bird,0.9890563145189484
train_04873,3,cat,3,cat,0.985010190516275,3,cat,0.9996374466564238,3,cat,0.2631520790944493,3,cat,0.9570715064561863
train_04874,8,ship,8,ship,0.9696195580013852,8,ship,0.9978091526104348,8,ship,0.44397217050298404,8,ship,0.9914562507787498
train_04875,5,dog,5,dog,0.9891572211579719,5,dog,0.9814288921286688,5,dog,0.28785918146335393,5,dog,0.9582020420555345
train_04877,4,deer,4,deer,0.9445265569876212,4,deer,0.9947270244562574,4,deer,0.2896439619906994,4,deer,0.9913486720465116
train_04878,9,truck,9,truck,0.98437234377924,9,truck,0.9998795359961898,9,truck,0.36362752819669064,9,truck,0.9885099975257098
train_04880,8,ship,8,ship,0.9816729253613243,8,ship,0.9959858341769343,8,ship,0.3867665576875726,8,ship,0.9898126155427895
train_04881,1,bird,1,bird,0.9495063370215912,1,bird,0.9855780251716197,1,bird,0.36288281102366005,1,bird,0.9981661074230721
train_04883,4,deer,4,deer,0.9556552034013158,4,deer,0.9969874126916326,4,deer,0.40879647982651485,4,deer,0.9963180828423002
train_04884,7,monkey,7,monkey,0.9577470716017581,7,monkey,0.996856475233038,7,monkey,0.19686938612155952,7,monkey,0.5015196802042241
train_04885,9,truck,9,truck,0.9354197508796971,9,truck,0.9876099458045006,9,truck,0.25589395269880755,9,truck,0.7711856363665043
train_04886,6,horse,6,horse,0.9844245569688576,6,horse,0.99784361905793,6,horse,0.35838403536084706,6,horse,0.9942277840569547
train_04888,6,horse,6,horse,0.9859471905413136,6,horse,0.9947569746104543,6,horse,0.3353614339403086,6,horse,0.9994985450757141
train_04890,0,airplane,0,airplane,0.9512887640617432,0,airplane,0.9972777205321324,0,airplane,0.3425931214356349,0,airplane,0.8830763659319488
train_04891,3,cat,3,cat,0.8794597465847007,3,cat,0.8977571927304748,3,cat,0.23521077016453665,3,cat,0.9155908746579963
train_04892,4,deer,4,deer,0.8245046154914709,4,deer,0.9433367014239726,4,deer,0.3210743168976288,4,deer,0.9928914354561764
train_04893,5,dog,5,dog,0.587366156762716,5,dog,0.8792341385771986,5,dog,0.20660793801033345,5,dog,0.8772337787121036
train_04894,1,bird,1,bird,0.9867810395242888,1,bird,0.9956911901814358,1,bird,0.3210329069448238,1,bird,0.9953347133190955
train_04895,1,bird,1,bird,0.9944019340246186,1,bird,0.9998582572974724,1,bird,0.3013046715899647,1,bird,0.9934726325773803
train_04896,4,deer,4,deer,0.9249851800937332,4,deer,0.8712606938557712,4,deer,0.3482434598408516,4,deer,0.9889130265972214
train_04897,2,car,2,car,0.9983443325526442,2,car,0.9999811568054569,2,car,0.42108708349330853,2,car,0.9909959466925788
train_04898,2,car,2,car,0.9840832253056682,2,car,0.998800307352224,2,car,0.40205896923785267,2,car,0.9648050583863381
train_04900,3,cat,3,cat,0.9908267168968972,3,cat,0.9993395100701988,3,cat,0.20204646079267907,4,deer,0.3469716459325997
train_04903,1,bird,1,bird,0.9100593951911224,1,bird,0.996516678860099,1,bird,0.40486216665538993,1,bird,0.9979025301042949
train_04904,9,truck,9,truck,0.9881655998278465,9,truck,0.9974122594795837,9,truck,0.40086223973738366,9,truck,0.9958767967154655
train_04905,5,dog,5,dog,0.950615906747122,5,dog,0.9496128305079852,5,dog,0.29799697490247795,5,dog,0.9592512957404841
train_04906,5,dog,5,dog,0.9632424199677082,5,dog,0.985616544173759,5,dog,0.3228620948620806,5,dog,0.9770418105034493
train_04907,5,dog,5,dog,0.9929086575268314,5,dog,0.9984085519188137,5,dog,0.3679753753628518,5,dog,0.9816561042391115
train_04908,6,horse,6,horse,0.9308251953128586,6,horse,0.9965017003292003,6,horse,0.3236804343141433,6,horse,0.997069609638145
train_04909,4,deer,4,deer,0.9874362085432264,4,deer,0.9996758280520186,4,deer,0.35067186631150143,4,deer,0.9972946467115762
train_04913,1,bird,1,bird,0.9795654250651674,1,bird,0.9963201487513891,1,bird,0.2851174929455061,1,bird,0.9756626557452629
train_04914,4,deer,4,deer,0.8527177489783867,4,deer,0.9889245005871037,4,deer,0.3826517214595824,4,deer,0.9927146787789755
train_04915,2,car,2,car,0.9401924018670604,2,car,0.9997720288241237,2,car,0.371211095077667,2,car,0.9726870437089977
train_04916,6,horse,6,horse,0.9958695524823531,6,horse,0.9984992543346547,6,horse,0.2279227413034041,6,horse,0.967828886464112
train_04917,0,airplane,0,airplane,0.9586610416880291,0,airplane,0.9736868793022722,0,airplane,0.4325302913956118,0,airplane,0.9319167662892315
train_04918,5,dog,5,dog,0.9594958474017158,5,dog,0.98896620657902,5,dog,0.3519967864726242,5,dog,0.9770155511521976
train_04919,8,ship,8,ship,0.9848835947224865,8,ship,0.9993418054378272,8,ship,0.3989135666204597,8,ship,0.99820270594472
train_04920,7,monkey,7,monkey,0.9903636863152606,7,monkey,0.9993360200013723,7,monkey,0.3824145880312007,7,monkey,0.9930280063868927
train_04921,4,deer,4,deer,0.9615435859290388,4,deer,0.9981067507812647,4,deer,0.4238341489619478,4,deer,0.9978133170063684
train_04922,3,cat,3,cat,0.9666407241854624,3,cat,0.9988380724855154,3,cat,0.24900154916725814,4,deer,0.8636390819408084
train_04923,1,bird,1,bird,0.9988992292587573,1,bird,0.9998331714317829,1,bird,0.3600384040792777,1,bird,0.9970461050643089
train_04924,6,horse,6,horse,0.9565652886029825,6,horse,0.9992892014025748,6,horse,0.31360223023544354,6,horse,0.9855898113153023
train_04925,4,deer,4,deer,0.9523702191099636,4,deer,0.9937439324621433,4,deer,0.37461479513325086,4,deer,0.9994613879232808
train_04926,6,horse,6,horse,0.853213652590589,6,horse,0.9824358378043913,6,horse,0.26086702549083207,6,horse,0.7612611826848872
train_04928,9,truck,9,truck,0.9893248250926862,9,truck,0.9997900759085245,9,truck,0.43622216180081014,9,truck,0.9934121703453107
train_04929,8,ship,8,ship,0.9936469941915453,8,ship,0.999927184998433,8,ship,0.485149549775884,8,ship,0.9941768414512896
train_04930,8,ship,8,ship,0.9208085186643603,8,ship,0.9932443087366233,8,ship,0.42350967278690527,8,ship,0.9795600598410031
train_04931,7,monkey,7,monkey,0.9562178688633902,7,monkey,0.9960710019549252,7,monkey,0.3451637753291118,7,monkey,0.9983395975910307
train_04933,3,cat,3,cat,0.9760149299655821,3,cat,0.9989204287267166,3,cat,0.3084860724800227,3,cat,0.8735669481993106
train_04934,7,monkey,7,monkey,0.9891008844594608,7,monkey,0.9959367440710278,7,monkey,0.3395078274066494,7,monkey,0.9929720159619424
train_04935,8,ship,8,ship,0.9286137972363849,8,ship,0.9840089917080481,8,ship,0.40360281296317374,8,ship,0.9758517850404671
train_04937,2,car,2,car,0.99178853235279,2,car,0.999369717380159,2,car,0.4076787120233107,2,car,0.9673517016780824
train_04938,1,bird,1,bird,0.9940639341185126,1,bird,0.9995121514282651,1,bird,0.3438032857602112,1,bird,0.9922762146872353
train_04939,2,car,2,car,0.8244572027028121,2,car,0.9830239979786022,2,car,0.19511443930324618,2,car,0.5981037998940983
train_04940,3,cat,3,cat,0.9899540432228099,3,cat,0.9977118343379926,3,cat,0.32350870428124306,3,cat,0.8258633420190771
train_04941,2,car,2,car,0.9991243979359425,2,car,0.9999545176199269,2,car,0.32528610354255494,2,car,0.9573608325080367
train_04942,0,airplane,0,airplane,0.8416994449173995,0,airplane,0.9996078843619788,0,airplane,0.3301464788465202,0,airplane,0.9491761678990365
train_04943,2,car,2,car,0.9890067435868553,2,car,0.9993714163258155,2,car,0.302877050040033,2,car,0.9204945018016891
train_04944,1,bird,1,bird,0.8792921814017123,1,bird,0.9664050277114682,1,bird,0.20613719295514632,1,bird,0.9372978264123611
train_04945,0,airplane,0,airplane,0.9974548532345963,0,airplane,0.9998432112361587,0,airplane,0.3909801961506474,0,airplane,0.9689828378010126
train_04947,4,deer,4,deer,0.7834481529522707,4,deer,0.9919794059923052,4,deer,0.3423538028616488,4,deer,0.9982646908111443
train_04948,0,airplane,0,airplane,0.920681869245082,0,airplane,0.9934992505992472,0,airplane,0.33395707822977627,0,airplane,0.924708256400143
train_04949,3,cat,3,cat,0.9924142134394555,3,cat,0.9997535435814472,3,cat,0.3019376185833968,3,cat,0.6604969037706805
train_04950,1,bird,1,bird,0.9125467781987576,1,bird,0.9870140108795131,1,bird,0.21140155289008397,1,bird,0.9599003366632628
train_04951,1,bird,1,bird,0.9250330486157431,1,bird,0.9091151621630686,1,bird,0.2934915627730016,1,bird,0.9961932575398912
train_04952,5,dog,5,dog,0.9656032287588486,5,dog,0.9278929789627456,5,dog,0.3122289746788013,5,dog,0.9878919095380203
train_04953,5,dog,5,dog,0.9607299158013609,5,dog,0.9976635860074893,5,dog,0.311778158045693,5,dog,0.9642661725445559
train_04954,2,car,2,car,0.6201103636339891,2,car,0.8305894364271872,2,car,0.1559288234264282,2,car,0.4964759557984372
train_04955,4,deer,4,deer,0.6492868173771821,4,deer,0.9715246543706266,4,deer,0.3166938754854827,4,deer,0.9893126904297567
train_04956,8,ship,8,ship,0.9782606010280003,8,ship,0.9962680686444834,8,ship,0.46698120367405443,8,ship,0.995041738055102
train_04957,0,airplane,0,airplane,0.9758625303580107,0,airplane,0.9996587071672206,0,airplane,0.44611525869320817,0,airplane,0.9911517224175945
train_04958,7,monkey,7,monkey,0.9364459932005079,7,monkey,0.997064685670728,7,monkey,0.30799177738363875,7,monkey,0.9831395377411227
train_04959,5,dog,5,dog,0.9107616189535818,5,dog,0.9887455468701287,5,dog,0.366326655896514,5,dog,0.8496103450337021
train_04960,7,monkey,7,monkey,0.9612196514154956,7,monkey,0.9979237288903574,7,monkey,0.16378891411323768,7,monkey,0.7186412401545672
train_04961,1,bird,1,bird,0.998563042046999,1,bird,0.9891283425320676,1,bird,0.27496035035011784,1,bird,0.9956108379303198
train_04962,8,ship,8,ship,0.9615113426014795,8,ship,0.9998399129445737,8,ship,0.40599481671220683,8,ship,0.9967917773558621
train_04963,5,dog,5,dog,0.9793769386383003,5,dog,0.9909793850629733,5,dog,0.35425623050570376,5,dog,0.9733024353017844
train_04964,5,dog,5,dog,0.9976561547245331,5,dog,0.9978752815021238,5,dog,0.2986165990371646,5,dog,0.9582494774111122
train_04965,2,car,2,car,0.994970682038336,2,car,0.9991339589121329,2,car,0.26244494297887816,2,car,0.8039920190672487
train_04966,0,airplane,0,airplane,0.9664544078575978,0,airplane,0.9980225012574485,0,airplane,0.4153558586675848,0,airplane,0.9596202701198829
train_04968,0,airplane,0,airplane,0.9255255251459342,0,airplane,0.9976955522594912,0,airplane,0.41755536410610733,0,airplane,0.9791273324435547
train_04969,6,horse,6,horse,0.9860613538107528,6,horse,0.9761408718482061,6,horse,0.25795393272232575,6,horse,0.9728225744356754
train_04970,4,deer,4,deer,0.9839579777445615,4,deer,0.9958781157570448,4,deer,0.32052041075703286,4,deer,0.9980418425846834
train_04971,2,car,2,car,0.9907466322024124,2,car,0.9999807915390474,2,car,0.3326640640416827,2,car,0.9768071274742972
train_04973,8,ship,8,ship,0.9863727620802614,8,ship,0.997775625803755,8,ship,0.4090587354828431,8,ship,0.996768483874179
train_04974,1,bird,1,bird,0.9974142279535165,1,bird,0.9968483827775712,1,bird,0.40002253482009015,1,bird,0.9960219314887203
train_04975,6,horse,6,horse,0.9967403489193037,6,horse,0.9994832360575999,6,horse,0.2965958817379635,6,horse,0.9854996213214544
train_04976,6,horse,6,horse,0.9097790782120998,6,horse,0.9897857277685528,6,horse,0.33711608688292216,6,horse,0.9729799090260928
train_04979,1,bird,1,bird,0.999615418001775,1,bird,0.9999477970466967,1,bird,0.39849926651499384,1,bird,0.997582947416696
train_04980,8,ship,8,ship,0.9519384344228943,8,ship,0.9962224153557632,8,ship,0.4627141368612846,8,ship,0.9956004607205624
train_04983,3,cat,3,cat,0.97805651672358,3,cat,0.9152191848162211,3,cat,0.22615203333442174,3,cat,0.6984859272400662
train_04984,7,monkey,7,monkey,0.9695455375031377,7,monkey,0.999653764132881,7,monkey,0.2709258071954932,7,monkey,0.9696834128914652
train_04987,3,cat,3,cat,0.9895611367444627,3,cat,0.9989777910963198,3,cat,0.32344514083807224,3,cat,0.9276548908653899
train_04990,1,bird,1,bird,0.997685547514358,1,bird,0.9987394158436164,1,bird,0.33368417152304725,1,bird,0.9981625006005995
train_04991,6,horse,6,horse,0.8384999394823381,6,horse,0.9997732152357243,6,horse,0.3524392345145001,6,horse,0.9988041298343144
train_04992,9,truck,9,truck,0.9774024712895505,9,truck,0.9927338071687178,9,truck,0.3756892964643865,9,truck,0.9881726346595723
train_04993,3,cat,3,cat,0.7887746721977013,3,cat,0.9578366813768021,3,cat,0.23332514323289733,3,cat,0.9349562944316684
train_04994,4,deer,4,deer,0.989653582419746,4,deer,0.9813965372076663,4,deer,0.30569567866612607,4,deer,0.9866410918990667
train_04995,1,bird,1,bird,0.8527615736635881,1,bird,0.6345042215228041,1,bird,0.37178258533832564,1,bird,0.9953716275428359
train_04998,7,monkey,7,monkey,0.9791076798444676,7,monkey,0.9994959018887215,7,monkey,0.37678911230749723,7,monkey,0.9991321440296569
train_04999,5,dog,5,dog,0.9723474402226084,5,dog,0.873773308271679,3,cat,0.20434120713052675,3,cat,0.8473196564543412
